INSERT INTO `account` VALUES ('2E23D1D9-4A72-ACC2-F6FF-39ED21CB6A4A', 0, 'admin', 'E739279CB28CDAFD7373618313803524', '管理员', '', '', '2020-01-14 15:00:00', '0.0.0.1', 1, b'0', '2019-10-09 00:00:00', '00000000-0000-0000-0000-000000000000', '2019-10-09 00:00:00', '00000000-0000-0000-0000-000000000000', '2019-10-09 00:00:00', '00000000-0000-0000-0000-000000000000', b'0', '2019-10-09 00:00:00', '00000000-0000-0000-0000-000000000000');
INSERT INTO `account_config` VALUES (1, '2e23d1d9-4a72-acc2-f6ff-39ed21cb6a4a', 'pretty', 'default', 'small');
INSERT INTO `account_role` VALUES (1, '2E23D1D9-4A72-ACC2-F6FF-39ED21CB6A4A', '39f08d5b-173b-1cbb-7381-407c87b2e8e2');
INSERT INTO `button` VALUES ('39f2b509-b681-7ab3-fab7-ded7801c1382', 'admin_moduleinfo', '同步', 'refresh', 'admin_moduleinfo_sync', '2020-01-14 15:03:02', '2e23d1d9-4a72-acc2-f6ff-39ed21cb6a4a', '2020-01-14 15:03:02', '2e23d1d9-4a72-acc2-f6ff-39ed21cb6a4a');
INSERT INTO `button` VALUES ('39f2b509-b68f-056b-6b65-2a7fc64db687', 'admin_moduleinfo', '删除', 'delete', 'admin_moduleinfo_del', '2020-01-14 15:03:02', '2e23d1d9-4a72-acc2-f6ff-39ed21cb6a4a', '2020-01-14 15:03:02', '2e23d1d9-4a72-acc2-f6ff-39ed21cb6a4a');
INSERT INTO `button` VALUES ('39f2b509-c9c5-a34b-56aa-28b43fa600d3', 'admin_permission', '同步', 'refresh', 'admin_permission_sync', '2020-01-14 15:03:06', '2e23d1d9-4a72-acc2-f6ff-39ed21cb6a4a', '2020-01-14 15:03:06', '2e23d1d9-4a72-acc2-f6ff-39ed21cb6a4a');
INSERT INTO `button` VALUES ('39f2b509-e9fb-5426-dbbf-8936e866e419', 'admin_menu', '添加', 'add', 'admin_menu_add', '2020-01-14 15:03:15', '2e23d1d9-4a72-acc2-f6ff-39ed21cb6a4a', '2020-01-14 15:03:15', '2e23d1d9-4a72-acc2-f6ff-39ed21cb6a4a');
INSERT INTO `button` VALUES ('39f2b509-ea05-0c05-e9d8-e92baa3b10cb', 'admin_menu', '编辑', 'edit', 'admin_menu_edit', '2020-01-14 15:03:15', '2e23d1d9-4a72-acc2-f6ff-39ed21cb6a4a', '2020-01-14 15:03:15', '2e23d1d9-4a72-acc2-f6ff-39ed21cb6a4a');
INSERT INTO `button` VALUES ('39f2b509-ea0d-b151-d985-4267ee0c1022', 'admin_menu', '删除', 'delete', 'admin_menu_del', '2020-01-14 15:03:15', '2e23d1d9-4a72-acc2-f6ff-39ed21cb6a4a', '2020-01-14 15:03:15', '2e23d1d9-4a72-acc2-f6ff-39ed21cb6a4a');
INSERT INTO `button` VALUES ('39f2b509-ea18-bcec-ede8-22cddbbad6d5', 'admin_menu', '排序', 'sort', 'admin_menu_sort', '2020-01-14 15:03:15', '2e23d1d9-4a72-acc2-f6ff-39ed21cb6a4a', '2020-01-14 15:03:15', '2e23d1d9-4a72-acc2-f6ff-39ed21cb6a4a');
INSERT INTO `button` VALUES ('39f2b50a-499e-1ec9-e866-f6aa429b91dc', 'admin_role', '添加', 'add', 'admin_role_add', '2020-01-14 15:03:39', '2e23d1d9-4a72-acc2-f6ff-39ed21cb6a4a', '2020-01-14 15:03:39', '2e23d1d9-4a72-acc2-f6ff-39ed21cb6a4a');
INSERT INTO `button` VALUES ('39f2b50a-49a6-e205-552d-1b4527fa7b98', 'admin_role', '编辑', 'edit', 'admin_role_edit', '2020-01-14 15:03:39', '2e23d1d9-4a72-acc2-f6ff-39ed21cb6a4a', '2020-01-14 15:03:39', '2e23d1d9-4a72-acc2-f6ff-39ed21cb6a4a');
INSERT INTO `button` VALUES ('39f2b50a-49b3-2def-b306-9b6257977476', 'admin_role', '删除', 'delete', 'admin_role_del', '2020-01-14 15:03:39', '2e23d1d9-4a72-acc2-f6ff-39ed21cb6a4a', '2020-01-14 15:03:39', '2e23d1d9-4a72-acc2-f6ff-39ed21cb6a4a');
INSERT INTO `button` VALUES ('39f2b50a-49be-196e-7250-ae1044634acb', 'admin_role', '绑定菜单', 'bind', 'admin_role_bind_menu', '2020-01-14 15:03:39', '2e23d1d9-4a72-acc2-f6ff-39ed21cb6a4a', '2020-01-14 15:03:39', '2e23d1d9-4a72-acc2-f6ff-39ed21cb6a4a');
INSERT INTO `button` VALUES ('39f2b50a-49c5-1cdf-6255-830d7434b328', 'admin_role', '平台权限', 'android', 'admin_role_bind_permission', '2020-01-14 15:03:39', '2e23d1d9-4a72-acc2-f6ff-39ed21cb6a4a', '2020-01-14 15:03:39', '2e23d1d9-4a72-acc2-f6ff-39ed21cb6a4a');
INSERT INTO `button` VALUES ('39f2b50a-573b-9eb0-992f-05d056b1f7e9', 'admin_account', '添加', 'add', 'admin_account_add', '2020-01-14 15:03:43', '2e23d1d9-4a72-acc2-f6ff-39ed21cb6a4a', '2020-01-14 15:03:43', '2e23d1d9-4a72-acc2-f6ff-39ed21cb6a4a');
INSERT INTO `button` VALUES ('39f2b50a-5744-764c-ac0a-7b0b115b0e73', 'admin_account', '编辑', 'edit', 'admin_account_edit', '2020-01-14 15:03:43', '2e23d1d9-4a72-acc2-f6ff-39ed21cb6a4a', '2020-01-14 15:03:43', '2e23d1d9-4a72-acc2-f6ff-39ed21cb6a4a');
INSERT INTO `button` VALUES ('39f2b50a-574f-6621-c899-ea2c6b834b52', 'admin_account', '删除', 'delete', 'admin_account_del', '2020-01-14 15:03:43', '2e23d1d9-4a72-acc2-f6ff-39ed21cb6a4a', '2020-01-14 15:03:43', '2e23d1d9-4a72-acc2-f6ff-39ed21cb6a4a');
INSERT INTO `button` VALUES ('39f2b50a-575c-1e4a-bd8f-2c18bb99b3ad', 'admin_account', '重置密码', 'refresh', 'admin_account_reset_password', '2020-01-14 15:03:43', '2e23d1d9-4a72-acc2-f6ff-39ed21cb6a4a', '2020-01-14 15:03:43', '2e23d1d9-4a72-acc2-f6ff-39ed21cb6a4a');
INSERT INTO `button` VALUES ('39f2b50a-6952-c0d4-bd34-a576c350a0e2', 'admin_auditinfo', '详情', 'detail', 'admin_auditinfo_details', '2020-01-14 15:03:47', '2e23d1d9-4a72-acc2-f6ff-39ed21cb6a4a', '2020-01-14 15:03:47', '2e23d1d9-4a72-acc2-f6ff-39ed21cb6a4a');
INSERT INTO `button` VALUES ('39f2b50a-695c-9095-5d4f-304939e20d20', 'admin_auditinfo', '导出', 'export', 'admin_auditinfo_export', '2020-01-14 15:03:47', '2e23d1d9-4a72-acc2-f6ff-39ed21cb6a4a', '2020-01-14 15:03:47', '2e23d1d9-4a72-acc2-f6ff-39ed21cb6a4a');
INSERT INTO `button` VALUES ('39f2b50b-b9a7-69fa-22ae-4f0f241a3d2d', 'admin_config', '添加', 'add', 'admin_config_add', '2020-01-14 15:05:13', '2e23d1d9-4a72-acc2-f6ff-39ed21cb6a4a', '2020-01-14 15:05:13', '2e23d1d9-4a72-acc2-f6ff-39ed21cb6a4a');
INSERT INTO `button` VALUES ('39f2b50b-b9ad-b1eb-6491-8aa77836f686', 'admin_config', '编辑', 'edit', 'admin_config_edit', '2020-01-14 15:05:13', '2e23d1d9-4a72-acc2-f6ff-39ed21cb6a4a', '2020-01-14 15:05:13', '2e23d1d9-4a72-acc2-f6ff-39ed21cb6a4a');
INSERT INTO `button` VALUES ('39f2b50b-b9b4-c3cf-95b2-2261d0066d55', 'admin_config', '删除', 'delete', 'admin_config_del', '2020-01-14 15:05:13', '2e23d1d9-4a72-acc2-f6ff-39ed21cb6a4a', '2020-01-14 15:05:13', '2e23d1d9-4a72-acc2-f6ff-39ed21cb6a4a');
INSERT INTO `button_permission` VALUES (1, 'admin_moduleinfo_sync', 'admin_moduleinfo_sync_post');
INSERT INTO `button_permission` VALUES (2, 'admin_moduleinfo_del', 'admin_moduleinfo_delete_delete');
INSERT INTO `button_permission` VALUES (3, 'admin_permission_sync', 'admin_permission_sync_post');
INSERT INTO `button_permission` VALUES (4, 'admin_menu_add', 'admin_menu_add_post');
INSERT INTO `button_permission` VALUES (5, 'admin_menu_edit', 'admin_menu_edit_get');
INSERT INTO `button_permission` VALUES (6, 'admin_menu_edit', 'admin_menu_update_post');
INSERT INTO `button_permission` VALUES (7, 'admin_menu_del', 'admin_menu_delete_delete');
INSERT INTO `button_permission` VALUES (8, 'admin_menu_sort', 'admin_menu_sort_get');
INSERT INTO `button_permission` VALUES (9, 'admin_menu_sort', 'admin_menu_sort_post');
INSERT INTO `button_permission` VALUES (10, 'admin_role_add', 'admin_role_add_post');
INSERT INTO `button_permission` VALUES (11, 'admin_role_edit', 'admin_role_edit_get');
INSERT INTO `button_permission` VALUES (12, 'admin_role_edit', 'admin_role_update_post');
INSERT INTO `button_permission` VALUES (13, 'admin_role_del', 'admin_role_delete_delete');
INSERT INTO `button_permission` VALUES (14, 'admin_role_bind_menu', 'admin_role_menulist_get');
INSERT INTO `button_permission` VALUES (15, 'admin_role_bind_menu', 'admin_role_bindmenu_post');
INSERT INTO `button_permission` VALUES (16, 'admin_role_bind_menu', 'admin_role_menubuttonlist_get');
INSERT INTO `button_permission` VALUES (17, 'admin_role_bind_menu', 'admin_role_bindmenubutton_post');
INSERT INTO `button_permission` VALUES (18, 'admin_role_bind_permission', 'admin_permission_tree_get');
INSERT INTO `button_permission` VALUES (19, 'admin_role_bind_permission', 'admin_role_platformpermissionlist_get');
INSERT INTO `button_permission` VALUES (20, 'admin_role_bind_permission', 'admin_role_platformpermissionbind_post');
INSERT INTO `button_permission` VALUES (21, 'admin_account_add', 'admin_account_add_post');
INSERT INTO `button_permission` VALUES (22, 'admin_account_edit', 'admin_account_edit_get');
INSERT INTO `button_permission` VALUES (23, 'admin_account_edit', 'admin_account_update_post');
INSERT INTO `button_permission` VALUES (24, 'admin_account_del', 'admin_account_delete_delete');
INSERT INTO `button_permission` VALUES (25, 'admin_account_reset_password', 'admin_account_updatepassword_post');
INSERT INTO `button_permission` VALUES (26, 'admin_auditinfo_details', 'admin_auditinfo_details_get');
INSERT INTO `button_permission` VALUES (27, 'admin_auditinfo_export', 'admin_auditinfo_export_post');
INSERT INTO `button_permission` VALUES (28, 'admin_config_add', 'admin_config_add_post');
INSERT INTO `button_permission` VALUES (29, 'admin_config_edit', 'admin_config_edit_get');
INSERT INTO `button_permission` VALUES (30, 'admin_config_edit', 'admin_config_update_post');
INSERT INTO `button_permission` VALUES (31, 'admin_config_del', 'admin_config_delete_delete');
INSERT INTO `config` VALUES (1, 'sys_title', '通用权限管理系统', '系统标题', '2019-12-05 13:33:04', '2e23d1d9-4a72-acc2-f6ff-39ed21cb6a4a', '2020-01-14 11:34:28', '2e23d1d9-4a72-acc2-f6ff-39ed21cb6a4a');
INSERT INTO `config` VALUES (2, 'sys_logo', '', '系统Logo', '2019-12-05 13:33:04', '2e23d1d9-4a72-acc2-f6ff-39ed21cb6a4a', '2020-01-14 11:34:28', '2e23d1d9-4a72-acc2-f6ff-39ed21cb6a4a');
INSERT INTO `config` VALUES (3, 'sys_home', '/admin/home', '系统首页地址', '2019-12-05 13:33:04', '2e23d1d9-4a72-acc2-f6ff-39ed21cb6a4a', '2020-01-14 11:34:28', '2e23d1d9-4a72-acc2-f6ff-39ed21cb6a4a');
INSERT INTO `config` VALUES (4, 'sys_userinfo_page', '', '个人信息页', '2019-12-05 13:33:04', '2e23d1d9-4a72-acc2-f6ff-39ed21cb6a4a', '2020-01-14 11:34:28', '2e23d1d9-4a72-acc2-f6ff-39ed21cb6a4a');
INSERT INTO `config` VALUES (5, 'sys_copyright', '版权所有：尼古拉斯·老李 | 用代码改变世界 Powered byET Core 3.1.0 on Linux', '版权声明', '2019-12-05 13:33:04', '2e23d1d9-4a72-acc2-f6ff-39ed21cb6a4a', '2020-01-14 11:34:28', '2e23d1d9-4a72-acc2-f6ff-39ed21cb6a4a');
INSERT INTO `config` VALUES (6, 'sys_permission_validate', 'True', '开启权限验证', '2019-12-05 13:33:06', '2e23d1d9-4a72-acc2-f6ff-39ed21cb6a4a', '2020-01-14 15:06:36', '2e23d1d9-4a72-acc2-f6ff-39ed21cb6a4a');
INSERT INTO `config` VALUES (7, 'sys_permission_button', 'True', '启用按钮权限', '2019-12-05 13:33:06', '2e23d1d9-4a72-acc2-f6ff-39ed21cb6a4a', '2020-01-14 15:06:36', '2e23d1d9-4a72-acc2-f6ff-39ed21cb6a4a');
INSERT INTO `config` VALUES (8, 'sys_permission_auditing', 'False', '审计日志', '2019-12-05 13:33:06', '2e23d1d9-4a72-acc2-f6ff-39ed21cb6a4a', '2020-01-14 15:06:36', '2e23d1d9-4a72-acc2-f6ff-39ed21cb6a4a');
INSERT INTO `config` VALUES (9, 'sys_login_type', 'neon', '登录页类型', '2019-12-05 13:33:08', '2e23d1d9-4a72-acc2-f6ff-39ed21cb6a4a', '2019-12-05 13:33:08', '2e23d1d9-4a72-acc2-f6ff-39ed21cb6a4a');
INSERT INTO `config` VALUES (10, 'sys_login_verify_code', 'False', '启用验证码功能', '2019-12-05 13:33:08', '2e23d1d9-4a72-acc2-f6ff-39ed21cb6a4a', '2019-12-05 13:33:08', '2e23d1d9-4a72-acc2-f6ff-39ed21cb6a4a');
INSERT INTO `config` VALUES (11, 'sys_toolbar_fullscreen', 'True', '全屏按钮', '2019-12-05 13:33:11', '2e23d1d9-4a72-acc2-f6ff-39ed21cb6a4a', '2019-12-05 13:33:11', '2e23d1d9-4a72-acc2-f6ff-39ed21cb6a4a');
INSERT INTO `config` VALUES (12, 'sys_toolbar_skin', 'True', '皮肤设置按钮', '2019-12-05 13:33:11', '2e23d1d9-4a72-acc2-f6ff-39ed21cb6a4a', '2019-12-05 13:33:11', '2e23d1d9-4a72-acc2-f6ff-39ed21cb6a4a');
INSERT INTO `config` VALUES (13, 'sys_toolbar_logout', 'True', '退出按钮', '2019-12-05 13:33:11', '2e23d1d9-4a72-acc2-f6ff-39ed21cb6a4a', '2019-12-05 13:33:11', '2e23d1d9-4a72-acc2-f6ff-39ed21cb6a4a');
INSERT INTO `config` VALUES (14, 'sys_toolbar_userinfo', 'True', '用户信息按钮', '2019-12-05 13:33:11', '2e23d1d9-4a72-acc2-f6ff-39ed21cb6a4a', '2019-12-05 13:33:11', '2e23d1d9-4a72-acc2-f6ff-39ed21cb6a4a');
INSERT INTO `config` VALUES (15, 'sys_component_menu_unique_opened', 'True', '菜单只能打开一个', '2019-12-05 13:33:13', '2e23d1d9-4a72-acc2-f6ff-39ed21cb6a4a', '2020-01-14 15:06:40', '2e23d1d9-4a72-acc2-f6ff-39ed21cb6a4a');
INSERT INTO `config` VALUES (16, 'sys_component_dialog_close_on_click_modal', 'False', '是否可以点击模态框关闭', '2019-12-05 13:33:13', '2e23d1d9-4a72-acc2-f6ff-39ed21cb6a4a', '2020-01-14 15:06:40', '2e23d1d9-4a72-acc2-f6ff-39ed21cb6a4a');
INSERT INTO `config` VALUES (17, 'sys_component_list_serial_number_name', '', '列表页序号名称', '2019-12-05 13:33:13', '2e23d1d9-4a72-acc2-f6ff-39ed21cb6a4a', '2020-01-14 15:06:40', '2e23d1d9-4a72-acc2-f6ff-39ed21cb6a4a');
INSERT INTO `config` VALUES (18, 'sys_component_custom_css', '', '自定义Css样式', '2019-12-05 13:33:13', '2e23d1d9-4a72-acc2-f6ff-39ed21cb6a4a', '2020-01-14 15:06:40', '2e23d1d9-4a72-acc2-f6ff-39ed21cb6a4a');
INSERT INTO `config` VALUES (19, 'sys_component_tabnav_showicon', 'True', '标签导航是否显示图标', '2020-01-14 13:50:48', '2e23d1d9-4a72-acc2-f6ff-39ed21cb6a4a', '2020-01-14 15:06:40', '2e23d1d9-4a72-acc2-f6ff-39ed21cb6a4a');
INSERT INTO `menu` VALUES ('39f2b508-85d9-5376-d424-e4688af04b39', '', 0, '00000000-0000-0000-0000-000000000000', '权限管理', '', '', '', '', 'permission', '', 0, b'1', 0, -1, '', '', b'1', '', '2020-01-14 15:01:44', '2e23d1d9-4a72-acc2-f6ff-39ed21cb6a4a', '2020-01-14 15:01:44', '2e23d1d9-4a72-acc2-f6ff-39ed21cb6a4a');
INSERT INTO `menu` VALUES ('39f2b508-ca6b-3fe6-9ade-94d6fe8a5c9e', '', 0, '00000000-0000-0000-0000-000000000000', '系统设置', '', '', '', '', 'system', '', 0, b'1', 1, -1, '', '', b'1', '', '2020-01-14 15:02:01', '2e23d1d9-4a72-acc2-f6ff-39ed21cb6a4a', '2020-01-14 15:02:01', '2e23d1d9-4a72-acc2-f6ff-39ed21cb6a4a');
INSERT INTO `menu` VALUES ('39f2b509-3f3f-6672-153b-2965ceaae41c', '', 2, '00000000-0000-0000-0000-000000000000', '文档说明', '', '', '', 'https://docs.17mkh.com', 'project', '', 0, b'1', 2, 0, '', '', b'1', '', '2020-01-14 15:02:31', '2e23d1d9-4a72-acc2-f6ff-39ed21cb6a4a', '2020-01-14 15:02:31', '2e23d1d9-4a72-acc2-f6ff-39ed21cb6a4a');
INSERT INTO `menu` VALUES ('39f2b509-8be7-ac91-7839-6009066421bf', '', 2, '00000000-0000-0000-0000-000000000000', 'GitHub', '', '', '', 'https://github.com/iamoldli/NetModular', 'github', '', 0, b'1', 3, 0, '', '', b'1', '', '2020-01-14 15:02:51', '2e23d1d9-4a72-acc2-f6ff-39ed21cb6a4a', '2020-01-14 15:02:51', '2e23d1d9-4a72-acc2-f6ff-39ed21cb6a4a');
INSERT INTO `menu` VALUES ('39f2b509-b665-de7c-8ce3-aaa3482527bf', 'Admin', 1, '39f2b508-85d9-5376-d424-e4688af04b39', '模块管理', 'admin_moduleinfo', '', '', '', 'product', '', 1, b'1', 0, 0, '', '', b'1', '', '2020-01-14 15:03:01', '2e23d1d9-4a72-acc2-f6ff-39ed21cb6a4a', '2020-01-14 15:03:54', '2e23d1d9-4a72-acc2-f6ff-39ed21cb6a4a');
INSERT INTO `menu` VALUES ('39f2b509-c9b7-3306-007d-30a5e36e24b8', 'Admin', 1, '39f2b508-85d9-5376-d424-e4688af04b39', '权限列表', 'admin_permission', '', '', '', 'verifycode', '', 1, b'1', 1, 0, '', '', b'1', '', '2020-01-14 15:03:06', '2e23d1d9-4a72-acc2-f6ff-39ed21cb6a4a', '2020-01-14 15:03:54', '2e23d1d9-4a72-acc2-f6ff-39ed21cb6a4a');
INSERT INTO `menu` VALUES ('39f2b509-e9f0-7869-2107-304f374b55bd', 'Admin', 1, '39f2b508-85d9-5376-d424-e4688af04b39', '菜单管理', 'admin_menu', '', '', '', 'menu', '', 1, b'1', 2, 0, '', '', b'1', '', '2020-01-14 15:03:15', '2e23d1d9-4a72-acc2-f6ff-39ed21cb6a4a', '2020-01-14 15:03:54', '2e23d1d9-4a72-acc2-f6ff-39ed21cb6a4a');
INSERT INTO `menu` VALUES ('39f2b50a-498f-e32c-a262-4466cfa478fa', 'Admin', 1, '39f2b508-85d9-5376-d424-e4688af04b39', '角色管理', 'admin_role', '', '', '', 'role', '', 1, b'1', 3, 0, '', '', b'1', '', '2020-01-14 15:03:39', '2e23d1d9-4a72-acc2-f6ff-39ed21cb6a4a', '2020-01-14 15:03:54', '2e23d1d9-4a72-acc2-f6ff-39ed21cb6a4a');
INSERT INTO `menu` VALUES ('39f2b50a-572c-0587-038a-ef56f10f0652', 'Admin', 1, '39f2b508-85d9-5376-d424-e4688af04b39', '账户管理', 'admin_account', '', '', '', 'user', '', 1, b'1', 4, 0, '', '', b'1', '', '2020-01-14 15:03:43', '2e23d1d9-4a72-acc2-f6ff-39ed21cb6a4a', '2020-01-14 15:03:54', '2e23d1d9-4a72-acc2-f6ff-39ed21cb6a4a');
INSERT INTO `menu` VALUES ('39f2b50a-6949-88db-6f64-31a480347718', 'Admin', 1, '39f2b508-85d9-5376-d424-e4688af04b39', '审计日志', 'admin_auditinfo', '', '', '', 'log', '', 1, b'1', 5, 0, '', '', b'1', '', '2020-01-14 15:03:47', '2e23d1d9-4a72-acc2-f6ff-39ed21cb6a4a', '2020-01-14 15:03:54', '2e23d1d9-4a72-acc2-f6ff-39ed21cb6a4a');
INSERT INTO `menu` VALUES ('39f2b50a-c54b-31d6-41cf-b59a29582504', 'Admin', 1, '39f2b508-ca6b-3fe6-9ade-94d6fe8a5c9e', '系统配置', 'admin_system', '', '', '', 'system', '', 1, b'1', 0, 0, '', '', b'1', '', '2020-01-14 15:04:11', '2e23d1d9-4a72-acc2-f6ff-39ed21cb6a4a', '2020-01-14 15:04:11', '2e23d1d9-4a72-acc2-f6ff-39ed21cb6a4a');
INSERT INTO `menu` VALUES ('39f2b50b-b99a-08b1-022b-b2af010e0e99', 'Admin', 1, '39f2b508-ca6b-3fe6-9ade-94d6fe8a5c9e', '配置项', 'admin_config', '', '', '', 'tag', '', 1, b'1', 1, 0, '', '', b'1', '', '2020-01-14 15:05:13', '2e23d1d9-4a72-acc2-f6ff-39ed21cb6a4a', '2020-01-14 15:05:13', '2e23d1d9-4a72-acc2-f6ff-39ed21cb6a4a');
INSERT INTO `menu` VALUES ('39f2b50c-345a-1c3a-ed34-a9b181e9a191', 'Admin', 1, '39f2b508-ca6b-3fe6-9ade-94d6fe8a5c9e', '图标管理', 'admin_icon', '', '', '', 'icon', '', 1, b'1', 2, 0, '', '', b'1', '', '2020-01-14 15:05:45', '2e23d1d9-4a72-acc2-f6ff-39ed21cb6a4a', '2020-01-14 15:05:45', '2e23d1d9-4a72-acc2-f6ff-39ed21cb6a4a');
INSERT INTO `menu_permission` VALUES (1, 'admin_moduleinfo', 'admin_moduleinfo_query_get');
INSERT INTO `menu_permission` VALUES (2, 'admin_permission', 'admin_permission_query_get');
INSERT INTO `menu_permission` VALUES (3, 'admin_menu', 'admin_menu_query_get');
INSERT INTO `menu_permission` VALUES (4, 'admin_menu', 'admin_menu_tree_get');
INSERT INTO `menu_permission` VALUES (5, 'admin_role', 'admin_role_query_get');
INSERT INTO `menu_permission` VALUES (6, 'admin_account', 'admin_account_query_get');
INSERT INTO `menu_permission` VALUES (7, 'admin_auditinfo', 'admin_auditinfo_query_get');
INSERT INTO `menu_permission` VALUES (8, 'admin_system', 'admin_system_updatebaseconfig_post');
INSERT INTO `menu_permission` VALUES (9, 'admin_system', 'admin_system_updatecomponentconfig_post');
INSERT INTO `menu_permission` VALUES (10, 'admin_system', 'admin_system_updateloginconfig_post');
INSERT INTO `menu_permission` VALUES (11, 'admin_system', 'admin_system_updatepermissionconfig_post');
INSERT INTO `menu_permission` VALUES (12, 'admin_system', 'admin_system_updatetoolbarconfig_post');
INSERT INTO `menu_permission` VALUES (13, 'admin_system', 'admin_system_uploadlogo_post');
INSERT INTO `menu_permission` VALUES (14, 'admin_config', 'admin_config_query_get');
INSERT INTO `moduleinfo` VALUES ('39f2b508-25f7-3b6a-fc2b-f160fef14ad7', '权限管理', 'Admin', '1.6.2', NULL, '2020-01-14 15:01:19', '2e23d1d9-4a72-acc2-f6ff-39ed21cb6a4a', '2020-01-14 15:01:19', '2e23d1d9-4a72-acc2-f6ff-39ed21cb6a4a');
INSERT INTO `permission` VALUES ('39f2b508-3dd5-08f9-379c-e29caeedbe5c', '账户管理_绑定角色', 'Admin', 'Account', 'BindRole', 2, 'admin_account_bindrole_post', '2020-01-14 15:01:25', '2e23d1d9-4a72-acc2-f6ff-39ed21cb6a4a', '2020-01-14 15:01:25', '2e23d1d9-4a72-acc2-f6ff-39ed21cb6a4a');
INSERT INTO `permission` VALUES ('39f2b508-3de7-8802-44be-5359e6d7a120', '账户管理_查询', 'Admin', 'Account', 'Query', 0, 'admin_account_query_get', '2020-01-14 15:01:25', '2e23d1d9-4a72-acc2-f6ff-39ed21cb6a4a', '2020-01-14 15:01:25', '2e23d1d9-4a72-acc2-f6ff-39ed21cb6a4a');
INSERT INTO `permission` VALUES ('39f2b508-3dec-7eae-35b3-0d8d5d551162', '账户管理_添加', 'Admin', 'Account', 'Add', 2, 'admin_account_add_post', '2020-01-14 15:01:25', '2e23d1d9-4a72-acc2-f6ff-39ed21cb6a4a', '2020-01-14 15:01:25', '2e23d1d9-4a72-acc2-f6ff-39ed21cb6a4a');
INSERT INTO `permission` VALUES ('39f2b508-3dee-25ba-b6d7-67ec1ca64112', '账户管理_编辑', 'Admin', 'Account', 'Edit', 0, 'admin_account_edit_get', '2020-01-14 15:01:25', '2e23d1d9-4a72-acc2-f6ff-39ed21cb6a4a', '2020-01-14 15:01:25', '2e23d1d9-4a72-acc2-f6ff-39ed21cb6a4a');
INSERT INTO `permission` VALUES ('39f2b508-3df4-12df-3af7-3f14768317e4', '账户管理_更新', 'Admin', 'Account', 'Update', 2, 'admin_account_update_post', '2020-01-14 15:01:25', '2e23d1d9-4a72-acc2-f6ff-39ed21cb6a4a', '2020-01-14 15:01:25', '2e23d1d9-4a72-acc2-f6ff-39ed21cb6a4a');
INSERT INTO `permission` VALUES ('39f2b508-3df8-2259-18eb-ac0cac3b3f02', '账户管理_删除', 'Admin', 'Account', 'Delete', 3, 'admin_account_delete_delete', '2020-01-14 15:01:25', '2e23d1d9-4a72-acc2-f6ff-39ed21cb6a4a', '2020-01-14 15:01:25', '2e23d1d9-4a72-acc2-f6ff-39ed21cb6a4a');
INSERT INTO `permission` VALUES ('39f2b508-3dfc-42c5-3d53-e9884df0f65e', '账户管理_重置密码', 'Admin', 'Account', 'ResetPassword', 2, 'admin_account_resetpassword_post', '2020-01-14 15:01:25', '2e23d1d9-4a72-acc2-f6ff-39ed21cb6a4a', '2020-01-14 15:01:25', '2e23d1d9-4a72-acc2-f6ff-39ed21cb6a4a');
INSERT INTO `permission` VALUES ('39f2b508-3dfd-d8fa-dc92-3beb9d682a08', '审计信息_查询', 'Admin', 'AuditInfo', 'Query', 0, 'admin_auditinfo_query_get', '2020-01-14 15:01:25', '2e23d1d9-4a72-acc2-f6ff-39ed21cb6a4a', '2020-01-14 15:01:25', '2e23d1d9-4a72-acc2-f6ff-39ed21cb6a4a');
INSERT INTO `permission` VALUES ('39f2b508-3dff-2573-3744-a78851f193a1', '审计信息_详情', 'Admin', 'AuditInfo', 'Details', 0, 'admin_auditinfo_details_get', '2020-01-14 15:01:25', '2e23d1d9-4a72-acc2-f6ff-39ed21cb6a4a', '2020-01-14 15:01:25', '2e23d1d9-4a72-acc2-f6ff-39ed21cb6a4a');
INSERT INTO `permission` VALUES ('39f2b508-3e06-8b43-81fb-175c2714acce', '审计信息_导出', 'Admin', 'AuditInfo', 'Export', 2, 'admin_auditinfo_export_post', '2020-01-14 15:01:25', '2e23d1d9-4a72-acc2-f6ff-39ed21cb6a4a', '2020-01-14 15:01:25', '2e23d1d9-4a72-acc2-f6ff-39ed21cb6a4a');
INSERT INTO `permission` VALUES ('39f2b508-3e0c-394f-e4f8-2e3bc84820d4', '按钮管理_查询', 'Admin', 'Button', 'Query', 0, 'admin_button_query_get', '2020-01-14 15:01:25', '2e23d1d9-4a72-acc2-f6ff-39ed21cb6a4a', '2020-01-14 15:01:25', '2e23d1d9-4a72-acc2-f6ff-39ed21cb6a4a');
INSERT INTO `permission` VALUES ('39f2b508-3e0e-e6d5-c31c-9f31709c7d5d', '配置项管理_查询', 'Admin', 'Config', 'Query', 0, 'admin_config_query_get', '2020-01-14 15:01:25', '2e23d1d9-4a72-acc2-f6ff-39ed21cb6a4a', '2020-01-14 15:01:25', '2e23d1d9-4a72-acc2-f6ff-39ed21cb6a4a');
INSERT INTO `permission` VALUES ('39f2b508-3e10-8a60-0413-b1cfbd92e2b5', '配置项管理_添加', 'Admin', 'Config', 'Add', 2, 'admin_config_add_post', '2020-01-14 15:01:25', '2e23d1d9-4a72-acc2-f6ff-39ed21cb6a4a', '2020-01-14 15:01:25', '2e23d1d9-4a72-acc2-f6ff-39ed21cb6a4a');
INSERT INTO `permission` VALUES ('39f2b508-3e18-68d7-1d53-905d06407911', '配置项管理_删除', 'Admin', 'Config', 'Delete', 3, 'admin_config_delete_delete', '2020-01-14 15:01:25', '2e23d1d9-4a72-acc2-f6ff-39ed21cb6a4a', '2020-01-14 15:01:25', '2e23d1d9-4a72-acc2-f6ff-39ed21cb6a4a');
INSERT INTO `permission` VALUES ('39f2b508-3e1c-baca-25de-a57b6cae85c2', '配置项管理_编辑', 'Admin', 'Config', 'Edit', 0, 'admin_config_edit_get', '2020-01-14 15:01:25', '2e23d1d9-4a72-acc2-f6ff-39ed21cb6a4a', '2020-01-14 15:01:25', '2e23d1d9-4a72-acc2-f6ff-39ed21cb6a4a');
INSERT INTO `permission` VALUES ('39f2b508-3e1f-4ad3-f519-55c1ac3df7ed', '配置项管理_修改', 'Admin', 'Config', 'Update', 2, 'admin_config_update_post', '2020-01-14 15:01:25', '2e23d1d9-4a72-acc2-f6ff-39ed21cb6a4a', '2020-01-14 15:01:25', '2e23d1d9-4a72-acc2-f6ff-39ed21cb6a4a');
INSERT INTO `permission` VALUES ('39f2b508-3e20-7d80-b87c-0be7c78714d1', '菜单管理_菜单树', 'Admin', 'Menu', 'Tree', 0, 'admin_menu_tree_get', '2020-01-14 15:01:25', '2e23d1d9-4a72-acc2-f6ff-39ed21cb6a4a', '2020-01-14 15:01:25', '2e23d1d9-4a72-acc2-f6ff-39ed21cb6a4a');
INSERT INTO `permission` VALUES ('39f2b508-3e28-ffe1-644f-731259b7773e', '菜单管理_查询菜单列表', 'Admin', 'Menu', 'Query', 0, 'admin_menu_query_get', '2020-01-14 15:01:25', '2e23d1d9-4a72-acc2-f6ff-39ed21cb6a4a', '2020-01-14 15:01:25', '2e23d1d9-4a72-acc2-f6ff-39ed21cb6a4a');
INSERT INTO `permission` VALUES ('39f2b508-3e2d-69f2-575f-7ce1eaa5e72e', '菜单管理_添加', 'Admin', 'Menu', 'Add', 2, 'admin_menu_add_post', '2020-01-14 15:01:25', '2e23d1d9-4a72-acc2-f6ff-39ed21cb6a4a', '2020-01-14 15:01:25', '2e23d1d9-4a72-acc2-f6ff-39ed21cb6a4a');
INSERT INTO `permission` VALUES ('39f2b508-3e2f-f08b-5e06-815406518fe3', '菜单管理_删除', 'Admin', 'Menu', 'Delete', 3, 'admin_menu_delete_delete', '2020-01-14 15:01:25', '2e23d1d9-4a72-acc2-f6ff-39ed21cb6a4a', '2020-01-14 15:01:25', '2e23d1d9-4a72-acc2-f6ff-39ed21cb6a4a');
INSERT INTO `permission` VALUES ('39f2b508-3e34-7351-ee2c-161eec822a63', '菜单管理_编辑', 'Admin', 'Menu', 'Edit', 0, 'admin_menu_edit_get', '2020-01-14 15:01:25', '2e23d1d9-4a72-acc2-f6ff-39ed21cb6a4a', '2020-01-14 15:01:25', '2e23d1d9-4a72-acc2-f6ff-39ed21cb6a4a');
INSERT INTO `permission` VALUES ('39f2b508-3e38-85e0-1ae3-51486d76f71a', '菜单管理_更新', 'Admin', 'Menu', 'Update', 2, 'admin_menu_update_post', '2020-01-14 15:01:25', '2e23d1d9-4a72-acc2-f6ff-39ed21cb6a4a', '2020-01-14 15:01:25', '2e23d1d9-4a72-acc2-f6ff-39ed21cb6a4a');
INSERT INTO `permission` VALUES ('39f2b508-3e3b-c8ee-aa4a-4fd5cb7a76c7', '菜单管理_获取排序信息', 'Admin', 'Menu', 'Sort', 0, 'admin_menu_sort_get', '2020-01-14 15:01:25', '2e23d1d9-4a72-acc2-f6ff-39ed21cb6a4a', '2020-01-14 15:01:25', '2e23d1d9-4a72-acc2-f6ff-39ed21cb6a4a');
INSERT INTO `permission` VALUES ('39f2b508-3e3d-a317-1e34-d1923929eaca', '菜单管理_更新排序信息', 'Admin', 'Menu', 'Sort', 2, 'admin_menu_sort_post', '2020-01-14 15:01:25', '2e23d1d9-4a72-acc2-f6ff-39ed21cb6a4a', '2020-01-14 15:01:25', '2e23d1d9-4a72-acc2-f6ff-39ed21cb6a4a');
INSERT INTO `permission` VALUES ('39f2b508-3e3e-f278-8d61-b0ee22d1fecc', '模块信息_查询', 'Admin', 'ModuleInfo', 'Query', 0, 'admin_moduleinfo_query_get', '2020-01-14 15:01:25', '2e23d1d9-4a72-acc2-f6ff-39ed21cb6a4a', '2020-01-14 15:01:25', '2e23d1d9-4a72-acc2-f6ff-39ed21cb6a4a');
INSERT INTO `permission` VALUES ('39f2b508-3e40-e931-dfe4-c746cdbe07de', '模块信息_同步模块数据', 'Admin', 'ModuleInfo', 'Sync', 2, 'admin_moduleinfo_sync_post', '2020-01-14 15:01:25', '2e23d1d9-4a72-acc2-f6ff-39ed21cb6a4a', '2020-01-14 15:01:25', '2e23d1d9-4a72-acc2-f6ff-39ed21cb6a4a');
INSERT INTO `permission` VALUES ('39f2b508-3e42-319d-95be-2e37f7770ee4', '模块信息_删除', 'Admin', 'ModuleInfo', 'Delete', 3, 'admin_moduleinfo_delete_delete', '2020-01-14 15:01:25', '2e23d1d9-4a72-acc2-f6ff-39ed21cb6a4a', '2020-01-14 15:01:25', '2e23d1d9-4a72-acc2-f6ff-39ed21cb6a4a');
INSERT INTO `permission` VALUES ('39f2b508-3e47-213c-e7cc-7f1318d2380d', '权限接口_查询', 'Admin', 'Permission', 'Query', 0, 'admin_permission_query_get', '2020-01-14 15:01:25', '2e23d1d9-4a72-acc2-f6ff-39ed21cb6a4a', '2020-01-14 15:01:25', '2e23d1d9-4a72-acc2-f6ff-39ed21cb6a4a');
INSERT INTO `permission` VALUES ('39f2b508-3e4e-2fb5-0c0a-6390f45b7306', '权限接口_同步', 'Admin', 'Permission', 'Sync', 2, 'admin_permission_sync_post', '2020-01-14 15:01:25', '2e23d1d9-4a72-acc2-f6ff-39ed21cb6a4a', '2020-01-14 15:01:25', '2e23d1d9-4a72-acc2-f6ff-39ed21cb6a4a');
INSERT INTO `permission` VALUES ('39f2b508-3e52-0a8f-5b3e-886f3619dd0d', '权限接口_权限树', 'Admin', 'Permission', 'Tree', 0, 'admin_permission_tree_get', '2020-01-14 15:01:25', '2e23d1d9-4a72-acc2-f6ff-39ed21cb6a4a', '2020-01-14 15:01:25', '2e23d1d9-4a72-acc2-f6ff-39ed21cb6a4a');
INSERT INTO `permission` VALUES ('39f2b508-3e59-8590-fd1f-fbc8148fad51', '角色管理_查询', 'Admin', 'Role', 'Query', 0, 'admin_role_query_get', '2020-01-14 15:01:25', '2e23d1d9-4a72-acc2-f6ff-39ed21cb6a4a', '2020-01-14 15:01:25', '2e23d1d9-4a72-acc2-f6ff-39ed21cb6a4a');
INSERT INTO `permission` VALUES ('39f2b508-3e5d-92b5-062d-d432ab1c08cf', '角色管理_添加', 'Admin', 'Role', 'Add', 2, 'admin_role_add_post', '2020-01-14 15:01:25', '2e23d1d9-4a72-acc2-f6ff-39ed21cb6a4a', '2020-01-14 15:01:25', '2e23d1d9-4a72-acc2-f6ff-39ed21cb6a4a');
INSERT INTO `permission` VALUES ('39f2b508-3e5f-4326-ec27-94d547bed133', '角色管理_删除', 'Admin', 'Role', 'Delete', 3, 'admin_role_delete_delete', '2020-01-14 15:01:25', '2e23d1d9-4a72-acc2-f6ff-39ed21cb6a4a', '2020-01-14 15:01:25', '2e23d1d9-4a72-acc2-f6ff-39ed21cb6a4a');
INSERT INTO `permission` VALUES ('39f2b508-3e61-1278-05a9-39e6e856b7ac', '角色管理_编辑', 'Admin', 'Role', 'Edit', 0, 'admin_role_edit_get', '2020-01-14 15:01:25', '2e23d1d9-4a72-acc2-f6ff-39ed21cb6a4a', '2020-01-14 15:01:25', '2e23d1d9-4a72-acc2-f6ff-39ed21cb6a4a');
INSERT INTO `permission` VALUES ('39f2b508-3e63-c2e2-2b30-b661f986c5bb', '角色管理_修改', 'Admin', 'Role', 'Update', 2, 'admin_role_update_post', '2020-01-14 15:01:25', '2e23d1d9-4a72-acc2-f6ff-39ed21cb6a4a', '2020-01-14 15:01:25', '2e23d1d9-4a72-acc2-f6ff-39ed21cb6a4a');
INSERT INTO `permission` VALUES ('39f2b508-3e68-c84a-266e-38759f7cff92', '角色管理_获取角色的关联菜单列表', 'Admin', 'Role', 'MenuList', 0, 'admin_role_menulist_get', '2020-01-14 15:01:25', '2e23d1d9-4a72-acc2-f6ff-39ed21cb6a4a', '2020-01-14 15:01:25', '2e23d1d9-4a72-acc2-f6ff-39ed21cb6a4a');
INSERT INTO `permission` VALUES ('39f2b508-3e6e-3bf6-3605-f3b00954abae', '角色管理_绑定菜单', 'Admin', 'Role', 'BindMenu', 2, 'admin_role_bindmenu_post', '2020-01-14 15:01:25', '2e23d1d9-4a72-acc2-f6ff-39ed21cb6a4a', '2020-01-14 15:01:25', '2e23d1d9-4a72-acc2-f6ff-39ed21cb6a4a');
INSERT INTO `permission` VALUES ('39f2b508-3e70-e133-a9ec-8b9e63e9a697', '角色管理_获取角色关联的菜单按钮列表', 'Admin', 'Role', 'MenuButtonList', 0, 'admin_role_menubuttonlist_get', '2020-01-14 15:01:25', '2e23d1d9-4a72-acc2-f6ff-39ed21cb6a4a', '2020-01-14 15:01:25', '2e23d1d9-4a72-acc2-f6ff-39ed21cb6a4a');
INSERT INTO `permission` VALUES ('39f2b508-3e72-8b42-41a1-b0fa224f7e05', '角色管理_绑定菜单按钮', 'Admin', 'Role', 'BindMenuButton', 2, 'admin_role_bindmenubutton_post', '2020-01-14 15:01:25', '2e23d1d9-4a72-acc2-f6ff-39ed21cb6a4a', '2020-01-14 15:01:25', '2e23d1d9-4a72-acc2-f6ff-39ed21cb6a4a');
INSERT INTO `permission` VALUES ('39f2b508-3e76-5db5-d7c6-d14692d91142', '角色管理_查询平台权限列表', 'Admin', 'Role', 'PlatformPermissionList', 0, 'admin_role_platformpermissionlist_get', '2020-01-14 15:01:25', '2e23d1d9-4a72-acc2-f6ff-39ed21cb6a4a', '2020-01-14 15:01:25', '2e23d1d9-4a72-acc2-f6ff-39ed21cb6a4a');
INSERT INTO `permission` VALUES ('39f2b508-3e7b-0ffb-8c9f-dd95649c49b6', '角色管理_绑定平台权限列表', 'Admin', 'Role', 'PlatformPermissionBind', 2, 'admin_role_platformpermissionbind_post', '2020-01-14 15:01:25', '2e23d1d9-4a72-acc2-f6ff-39ed21cb6a4a', '2020-01-14 15:01:25', '2e23d1d9-4a72-acc2-f6ff-39ed21cb6a4a');
INSERT INTO `permission` VALUES ('39f2b508-3e7e-6aca-2bce-bba67a421360', '系统_修改系统基础配置', 'Admin', 'System', 'UpdateBaseConfig', 2, 'admin_system_updatebaseconfig_post', '2020-01-14 15:01:25', '2e23d1d9-4a72-acc2-f6ff-39ed21cb6a4a', '2020-01-14 15:01:25', '2e23d1d9-4a72-acc2-f6ff-39ed21cb6a4a');
INSERT INTO `permission` VALUES ('39f2b508-3e80-3fb0-63b0-320623618b59', '系统_修改系统组件配置', 'Admin', 'System', 'UpdateComponentConfig', 2, 'admin_system_updatecomponentconfig_post', '2020-01-14 15:01:25', '2e23d1d9-4a72-acc2-f6ff-39ed21cb6a4a', '2020-01-14 15:01:25', '2e23d1d9-4a72-acc2-f6ff-39ed21cb6a4a');
INSERT INTO `permission` VALUES ('39f2b508-3e83-6d95-2e10-60abfde1ba54', '系统_修改系统登录配置', 'Admin', 'System', 'UpdateLoginConfig', 2, 'admin_system_updateloginconfig_post', '2020-01-14 15:01:25', '2e23d1d9-4a72-acc2-f6ff-39ed21cb6a4a', '2020-01-14 15:01:25', '2e23d1d9-4a72-acc2-f6ff-39ed21cb6a4a');
INSERT INTO `permission` VALUES ('39f2b508-3e87-aa73-33bb-a13ae6e2b1d6', '系统_修改系统权限配置', 'Admin', 'System', 'UpdatePermissionConfig', 2, 'admin_system_updatepermissionconfig_post', '2020-01-14 15:01:25', '2e23d1d9-4a72-acc2-f6ff-39ed21cb6a4a', '2020-01-14 15:01:25', '2e23d1d9-4a72-acc2-f6ff-39ed21cb6a4a');
INSERT INTO `permission` VALUES ('39f2b508-3e8d-cb1b-d287-defda84c876b', '系统_修改系统权限配置', 'Admin', 'System', 'UpdateToolbarConfig', 2, 'admin_system_updatetoolbarconfig_post', '2020-01-14 15:01:25', '2e23d1d9-4a72-acc2-f6ff-39ed21cb6a4a', '2020-01-14 15:01:25', '2e23d1d9-4a72-acc2-f6ff-39ed21cb6a4a');
INSERT INTO `permission` VALUES ('39f2b508-3e8f-9fc6-8540-a8967ccfe6ea', '系统_上传Logo', 'Admin', 'System', 'UploadLogo', 2, 'admin_system_uploadlogo_post', '2020-01-14 15:01:25', '2e23d1d9-4a72-acc2-f6ff-39ed21cb6a4a', '2020-01-14 15:01:25', '2e23d1d9-4a72-acc2-f6ff-39ed21cb6a4a');
INSERT INTO `role` VALUES ('39f08d5b-173b-1cbb-7381-407c87b2e8e2', '超级管理员', '超级管理员', b'0', '2019-09-29 12:01:31', '00000000-0000-0000-0000-000000000000', '2019-09-29 12:01:31', '00000000-0000-0000-0000-000000000000', b'0', '2019-09-29 12:01:31', '00000000-0000-0000-0000-000000000000');
INSERT INTO `role_menu` VALUES (1, '39f08d5b-173b-1cbb-7381-407c87b2e8e2', '00000000-0000-0000-0000-000000000000');
INSERT INTO `role_menu` VALUES (2, '39f08d5b-173b-1cbb-7381-407c87b2e8e2', '39f2b508-85d9-5376-d424-e4688af04b39');
INSERT INTO `role_menu` VALUES (3, '39f08d5b-173b-1cbb-7381-407c87b2e8e2', '39f2b509-b665-de7c-8ce3-aaa3482527bf');
INSERT INTO `role_menu` VALUES (4, '39f08d5b-173b-1cbb-7381-407c87b2e8e2', '39f2b509-c9b7-3306-007d-30a5e36e24b8');
INSERT INTO `role_menu` VALUES (5, '39f08d5b-173b-1cbb-7381-407c87b2e8e2', '39f2b509-e9f0-7869-2107-304f374b55bd');
INSERT INTO `role_menu` VALUES (6, '39f08d5b-173b-1cbb-7381-407c87b2e8e2', '39f2b50a-498f-e32c-a262-4466cfa478fa');
INSERT INTO `role_menu` VALUES (7, '39f08d5b-173b-1cbb-7381-407c87b2e8e2', '39f2b50a-572c-0587-038a-ef56f10f0652');
INSERT INTO `role_menu` VALUES (8, '39f08d5b-173b-1cbb-7381-407c87b2e8e2', '39f2b50a-6949-88db-6f64-31a480347718');
INSERT INTO `role_menu` VALUES (9, '39f08d5b-173b-1cbb-7381-407c87b2e8e2', '39f2b508-ca6b-3fe6-9ade-94d6fe8a5c9e');
INSERT INTO `role_menu` VALUES (10, '39f08d5b-173b-1cbb-7381-407c87b2e8e2', '39f2b50a-c54b-31d6-41cf-b59a29582504');
INSERT INTO `role_menu` VALUES (11, '39f08d5b-173b-1cbb-7381-407c87b2e8e2', '39f2b50b-b99a-08b1-022b-b2af010e0e99');
INSERT INTO `role_menu` VALUES (12, '39f08d5b-173b-1cbb-7381-407c87b2e8e2', '39f2b50c-345a-1c3a-ed34-a9b181e9a191');
INSERT INTO `role_menu` VALUES (13, '39f08d5b-173b-1cbb-7381-407c87b2e8e2', '39f2b509-3f3f-6672-153b-2965ceaae41c');
INSERT INTO `role_menu` VALUES (14, '39f08d5b-173b-1cbb-7381-407c87b2e8e2', '39f2b509-8be7-ac91-7839-6009066421bf');
INSERT INTO `role_menu_button` VALUES (1, '39f08d5b-173b-1cbb-7381-407c87b2e8e2', '39f2b509-b665-de7c-8ce3-aaa3482527bf', '39f2b509-b681-7ab3-fab7-ded7801c1382');
INSERT INTO `role_menu_button` VALUES (2, '39f08d5b-173b-1cbb-7381-407c87b2e8e2', '39f2b509-b665-de7c-8ce3-aaa3482527bf', '39f2b509-b68f-056b-6b65-2a7fc64db687');
INSERT INTO `role_menu_button` VALUES (3, '39f08d5b-173b-1cbb-7381-407c87b2e8e2', '39f2b509-c9b7-3306-007d-30a5e36e24b8', '39f2b509-c9c5-a34b-56aa-28b43fa600d3');
INSERT INTO `role_menu_button` VALUES (4, '39f08d5b-173b-1cbb-7381-407c87b2e8e2', '39f2b509-e9f0-7869-2107-304f374b55bd', '39f2b509-e9fb-5426-dbbf-8936e866e419');
INSERT INTO `role_menu_button` VALUES (5, '39f08d5b-173b-1cbb-7381-407c87b2e8e2', '39f2b509-e9f0-7869-2107-304f374b55bd', '39f2b509-ea05-0c05-e9d8-e92baa3b10cb');
INSERT INTO `role_menu_button` VALUES (6, '39f08d5b-173b-1cbb-7381-407c87b2e8e2', '39f2b509-e9f0-7869-2107-304f374b55bd', '39f2b509-ea0d-b151-d985-4267ee0c1022');
INSERT INTO `role_menu_button` VALUES (7, '39f08d5b-173b-1cbb-7381-407c87b2e8e2', '39f2b509-e9f0-7869-2107-304f374b55bd', '39f2b509-ea18-bcec-ede8-22cddbbad6d5');
INSERT INTO `role_menu_button` VALUES (8, '39f08d5b-173b-1cbb-7381-407c87b2e8e2', '39f2b50a-498f-e32c-a262-4466cfa478fa', '39f2b50a-499e-1ec9-e866-f6aa429b91dc');
INSERT INTO `role_menu_button` VALUES (9, '39f08d5b-173b-1cbb-7381-407c87b2e8e2', '39f2b50a-498f-e32c-a262-4466cfa478fa', '39f2b50a-49a6-e205-552d-1b4527fa7b98');
INSERT INTO `role_menu_button` VALUES (10, '39f08d5b-173b-1cbb-7381-407c87b2e8e2', '39f2b50a-498f-e32c-a262-4466cfa478fa', '39f2b50a-49b3-2def-b306-9b6257977476');
INSERT INTO `role_menu_button` VALUES (11, '39f08d5b-173b-1cbb-7381-407c87b2e8e2', '39f2b50a-498f-e32c-a262-4466cfa478fa', '39f2b50a-49be-196e-7250-ae1044634acb');
INSERT INTO `role_menu_button` VALUES (12, '39f08d5b-173b-1cbb-7381-407c87b2e8e2', '39f2b50a-498f-e32c-a262-4466cfa478fa', '39f2b50a-49c5-1cdf-6255-830d7434b328');
INSERT INTO `role_menu_button` VALUES (13, '39f08d5b-173b-1cbb-7381-407c87b2e8e2', '39f2b50a-572c-0587-038a-ef56f10f0652', '39f2b50a-573b-9eb0-992f-05d056b1f7e9');
INSERT INTO `role_menu_button` VALUES (14, '39f08d5b-173b-1cbb-7381-407c87b2e8e2', '39f2b50a-572c-0587-038a-ef56f10f0652', '39f2b50a-5744-764c-ac0a-7b0b115b0e73');
INSERT INTO `role_menu_button` VALUES (15, '39f08d5b-173b-1cbb-7381-407c87b2e8e2', '39f2b50a-572c-0587-038a-ef56f10f0652', '39f2b50a-574f-6621-c899-ea2c6b834b52');
INSERT INTO `role_menu_button` VALUES (16, '39f08d5b-173b-1cbb-7381-407c87b2e8e2', '39f2b50a-572c-0587-038a-ef56f10f0652', '39f2b50a-575c-1e4a-bd8f-2c18bb99b3ad');
INSERT INTO `role_menu_button` VALUES (17, '39f08d5b-173b-1cbb-7381-407c87b2e8e2', '39f2b50a-6949-88db-6f64-31a480347718', '39f2b50a-6952-c0d4-bd34-a576c350a0e2');
INSERT INTO `role_menu_button` VALUES (18, '39f08d5b-173b-1cbb-7381-407c87b2e8e2', '39f2b50a-6949-88db-6f64-31a480347718', '39f2b50a-695c-9095-5d4f-304939e20d20');
INSERT INTO `role_menu_button` VALUES (19, '39f08d5b-173b-1cbb-7381-407c87b2e8e2', '39f2b50b-b99a-08b1-022b-b2af010e0e99', '39f2b50b-b9a7-69fa-22ae-4f0f241a3d2d');
INSERT INTO `role_menu_button` VALUES (20, '39f08d5b-173b-1cbb-7381-407c87b2e8e2', '39f2b50b-b99a-08b1-022b-b2af010e0e99', '39f2b50b-b9ad-b1eb-6491-8aa77836f686');
INSERT INTO `role_menu_button` VALUES (21, '39f08d5b-173b-1cbb-7381-407c87b2e8e2', '39f2b50b-b99a-08b1-022b-b2af010e0e99', '39f2b50b-b9b4-c3cf-95b2-2261d0066d55');
