/*
 Navicat Premium Data Transfer

 Source Server         : localhost
 Source Server Type    : MySQL
 Source Server Version : 80015
 Source Host           : localhost:3306
 Source Schema         : nm_codegenerator

 Target Server Type    : MySQL
 Target Server Version : 80015
 File Encoding         : 65001

 Date: 17/05/2019 15:35:48
*/

SET NAMES utf8mb4;
SET FOREIGN_KEY_CHECKS = 0;

-- ----------------------------
-- Table structure for class
-- ----------------------------
DROP TABLE IF EXISTS `class`;
CREATE TABLE `class`  (
  `Id` char(36) CHARACTER SET utf8mb4 COLLATE utf8mb4_general_ci NOT NULL,
  `ProjectId` char(36) CHARACTER SET utf8mb4 COLLATE utf8mb4_general_ci NOT NULL COMMENT '项目编号',
  `Name` varchar(50) CHARACTER SET utf8mb4 COLLATE utf8mb4_general_ci NOT NULL COMMENT '名称',
  `TableName` varchar(50) CHARACTER SET utf8mb4 COLLATE utf8mb4_general_ci NOT NULL COMMENT '表明',
  `BaseEntityType` smallint(6) NOT NULL COMMENT '基类类型',
  `PrimaryKeyType` smallint(6) NOT NULL COMMENT '主键类型',
  `Remarks` varchar(50) CHARACTER SET utf8mb4 COLLATE utf8mb4_general_ci NOT NULL COMMENT '说明',
  `CreatedTime` datetime(0) NOT NULL COMMENT '创建时间',
  `CreatedBy` char(36) CHARACTER SET utf8mb4 COLLATE utf8mb4_general_ci NOT NULL COMMENT '创建人',
  `ModifiedTime` datetime(0) NOT NULL COMMENT '修改时间',
  `ModifiedBy` char(36) CHARACTER SET utf8mb4 COLLATE utf8mb4_general_ci NOT NULL COMMENT '修改人',
  PRIMARY KEY (`Id`) USING BTREE
) ENGINE = InnoDB CHARACTER SET = utf8mb4 COLLATE = utf8mb4_general_ci ROW_FORMAT = Dynamic;

-- ----------------------------
-- Records of class
-- ----------------------------
INSERT INTO `class` VALUES ('415AD4CE-CD1F-3642-A6AF-39EDC650373C', '89C9765E-EAE2-8E19-0EFD-39EDC64EE6E7', 'Category', 'Category', 6, 0, '分类', '2019-05-14 10:19:38', '2E23D1D9-4A72-ACC2-F6FF-39ED21CB6A4A', '2019-05-14 10:19:38', '2E23D1D9-4A72-ACC2-F6FF-39ED21CB6A4A');
INSERT INTO `class` VALUES ('82BDE8DE-830A-7A55-78DD-39EDC650A8BD', '89C9765E-EAE2-8E19-0EFD-39EDC64EE6E7', 'Article', 'Article', 6, 0, '文章', '2019-05-14 10:20:07', '2E23D1D9-4A72-ACC2-F6FF-39ED21CB6A4A', '2019-05-14 10:20:07', '2E23D1D9-4A72-ACC2-F6FF-39ED21CB6A4A');
INSERT INTO `class` VALUES ('96ABAE7F-4198-4CC4-6B01-39EDC64F20EB', '89C9765E-EAE2-8E19-0EFD-39EDC64EE6E7', 'Tag', 'Tag', 6, 0, '标签', '2019-05-14 10:18:27', '2E23D1D9-4A72-ACC2-F6FF-39ED21CB6A4A', '2019-05-14 10:18:27', '2E23D1D9-4A72-ACC2-F6FF-39ED21CB6A4A');

-- ----------------------------
-- Table structure for enum
-- ----------------------------
DROP TABLE IF EXISTS `enum`;
CREATE TABLE `enum`  (
  `Id` char(36) CHARACTER SET utf8mb4 COLLATE utf8mb4_general_ci NOT NULL,
  `Name` varchar(50) CHARACTER SET utf8mb4 COLLATE utf8mb4_general_ci NOT NULL,
  `Remarks` varchar(50) CHARACTER SET utf8mb4 COLLATE utf8mb4_general_ci NOT NULL,
  `CreatedTime` datetime(0) NOT NULL COMMENT '创建时间',
  `CreatedBy` char(36) CHARACTER SET utf8mb4 COLLATE utf8mb4_general_ci NOT NULL COMMENT '创建人',
  `ModifiedTime` datetime(0) NOT NULL COMMENT '修改时间',
  `ModifiedBy` char(36) CHARACTER SET utf8mb4 COLLATE utf8mb4_general_ci NOT NULL COMMENT '修改人',
  PRIMARY KEY (`Id`) USING BTREE
) ENGINE = InnoDB CHARACTER SET = utf8mb4 COLLATE = utf8mb4_general_ci ROW_FORMAT = Dynamic;

-- ----------------------------
-- Records of enum
-- ----------------------------
INSERT INTO `enum` VALUES ('D1990B44-2130-1C3B-9DD7-39EDA3D09BAA', 'MediaType', '多媒体类型', '2019-05-07 17:33:10', '2E23D1D9-4A72-ACC2-F6FF-39ED21CB6A4A', '2019-05-07 17:33:10', '2E23D1D9-4A72-ACC2-F6FF-39ED21CB6A4A');

-- ----------------------------
-- Table structure for enum_item
-- ----------------------------
DROP TABLE IF EXISTS `enum_item`;
CREATE TABLE `enum_item`  (
  `Id` char(36) CHARACTER SET utf8mb4 COLLATE utf8mb4_general_ci NOT NULL,
  `EnumId` char(36) CHARACTER SET utf8mb4 COLLATE utf8mb4_general_ci NOT NULL COMMENT '所属枚举',
  `Name` varchar(50) CHARACTER SET utf8mb4 COLLATE utf8mb4_general_ci NOT NULL,
  `Value` int(11) NOT NULL COMMENT '值',
  `Remarks` varchar(50) CHARACTER SET utf8mb4 COLLATE utf8mb4_general_ci NOT NULL,
  PRIMARY KEY (`Id`) USING BTREE
) ENGINE = InnoDB CHARACTER SET = utf8mb4 COLLATE = utf8mb4_general_ci ROW_FORMAT = Dynamic;

-- ----------------------------
-- Records of enum_item
-- ----------------------------
INSERT INTO `enum_item` VALUES ('5BE87919-DFEF-E657-4FAC-39EDC1C50A92', 'D1990B44-2130-1C3B-9DD7-39EDA3D09BAA', 'Audio', 2, '音乐');
INSERT INTO `enum_item` VALUES ('80D98D49-A685-ADFC-9BF2-39EDC650E37D', 'D1990B44-2130-1C3B-9DD7-39EDA3D09BAA', 'Video', 3, '视频');
INSERT INTO `enum_item` VALUES ('CEA1D415-751C-7493-D6B2-39EDC1C4CDF9', 'D1990B44-2130-1C3B-9DD7-39EDA3D09BAA', 'Img', 1, '图片');

-- ----------------------------
-- Table structure for model_property
-- ----------------------------
DROP TABLE IF EXISTS `model_property`;
CREATE TABLE `model_property`  (
  `Id` char(36) CHARACTER SET utf8mb4 COLLATE utf8mb4_general_ci NOT NULL,
  `ClassId` char(36) CHARACTER SET utf8mb4 COLLATE utf8mb4_general_ci NOT NULL,
  `Name` varchar(50) CHARACTER SET utf8mb4 COLLATE utf8mb4_general_ci NOT NULL,
  `Type` smallint(6) NOT NULL,
  `ModelType` smallint(6) NOT NULL COMMENT '模型类型',
  `Nullable` tinyint(4) NOT NULL COMMENT '可空',
  `EnumId` char(36) CHARACTER SET utf8mb4 COLLATE utf8mb4_general_ci NULL DEFAULT NULL,
  `Remarks` varchar(50) CHARACTER SET utf8mb4 COLLATE utf8mb4_general_ci NOT NULL COMMENT '备注',
  `Sort` int(11) NOT NULL COMMENT '排序',
  `CreatedTime` datetime(0) NOT NULL COMMENT '创建时间',
  `CreatedBy` char(36) CHARACTER SET utf8mb4 COLLATE utf8mb4_general_ci NOT NULL COMMENT '创建人',
  `ModifiedTime` datetime(0) NOT NULL COMMENT '修改时间',
  `ModifiedBy` char(36) CHARACTER SET utf8mb4 COLLATE utf8mb4_general_ci NOT NULL COMMENT '修改人',
  PRIMARY KEY (`Id`) USING BTREE
) ENGINE = InnoDB CHARACTER SET = utf8mb4 COLLATE = utf8mb4_general_ci ROW_FORMAT = Dynamic;

-- ----------------------------
-- Records of model_property
-- ----------------------------
INSERT INTO `model_property` VALUES ('04BCEDB7-66FC-6587-AC89-39EDC6574799', '415AD4CE-CD1F-3642-A6AF-39EDC650373C', 'Name', 0, 3, 0, '00000000-0000-0000-0000-000000000000', '名称', 0, '2019-05-14 10:27:21', '2E23D1D9-4A72-ACC2-F6FF-39ED21CB6A4A', '2019-05-14 10:27:21', '2E23D1D9-4A72-ACC2-F6FF-39ED21CB6A4A');
INSERT INTO `model_property` VALUES ('28DE1608-73A5-544A-7DBB-39EDC73C60FA', '82BDE8DE-830A-7A55-78DD-39EDC650A8BD', 'CategoryId', 8, 3, 0, '00000000-0000-0000-0000-000000000000', '分类', 0, '2019-05-14 14:37:35', '2E23D1D9-4A72-ACC2-F6FF-39ED21CB6A4A', '2019-05-14 14:37:35', '2E23D1D9-4A72-ACC2-F6FF-39ED21CB6A4A');
INSERT INTO `model_property` VALUES ('2D059BF9-ED41-5508-1648-39EDC73C60FB', '82BDE8DE-830A-7A55-78DD-39EDC650A8BD', 'Title', 0, 3, 0, '00000000-0000-0000-0000-000000000000', '标题', 1, '2019-05-14 14:37:35', '2E23D1D9-4A72-ACC2-F6FF-39ED21CB6A4A', '2019-05-14 14:37:35', '2E23D1D9-4A72-ACC2-F6FF-39ED21CB6A4A');
INSERT INTO `model_property` VALUES ('35FED5D9-C812-9482-FF0F-39EDC65724A5', '415AD4CE-CD1F-3642-A6AF-39EDC650373C', 'Name', 0, 2, 0, '00000000-0000-0000-0000-000000000000', '名称', 0, '2019-05-14 10:27:12', '2E23D1D9-4A72-ACC2-F6FF-39ED21CB6A4A', '2019-05-14 10:27:12', '2E23D1D9-4A72-ACC2-F6FF-39ED21CB6A4A');
INSERT INTO `model_property` VALUES ('38FFF9FC-3EF7-3A3F-59B2-39EDC658192B', '82BDE8DE-830A-7A55-78DD-39EDC650A8BD', 'Title', 0, 2, 0, '00000000-0000-0000-0000-000000000000', '标题', 1, '2019-05-14 10:28:15', '2E23D1D9-4A72-ACC2-F6FF-39ED21CB6A4A', '2019-05-14 14:37:14', '2E23D1D9-4A72-ACC2-F6FF-39ED21CB6A4A');
INSERT INTO `model_property` VALUES ('5CE795BD-CEE4-D6BA-0D4C-39EDC653D327', '96ABAE7F-4198-4CC4-6B01-39EDC64F20EB', 'Name', 0, 2, 0, '00000000-0000-0000-0000-000000000000', '名称', 0, '2019-05-14 10:23:35', '2E23D1D9-4A72-ACC2-F6FF-39ED21CB6A4A', '2019-05-14 10:23:35', '2E23D1D9-4A72-ACC2-F6FF-39ED21CB6A4A');
INSERT INTO `model_property` VALUES ('5FDEE500-202B-4284-6087-39EDC7437C2E', '96ABAE7F-4198-4CC4-6B01-39EDC64F20EB', 'Name', 0, 1, 0, '00000000-0000-0000-0000-000000000000', '名称', 0, '2019-05-14 14:45:21', '2E23D1D9-4A72-ACC2-F6FF-39ED21CB6A4A', '2019-05-14 14:45:21', '2E23D1D9-4A72-ACC2-F6FF-39ED21CB6A4A');
INSERT INTO `model_property` VALUES ('678A1725-40BC-2B74-FAFB-39EDC73C60FB', '82BDE8DE-830A-7A55-78DD-39EDC650A8BD', 'Body', 0, 3, 0, '00000000-0000-0000-0000-000000000000', '内容', 2, '2019-05-14 14:37:35', '2E23D1D9-4A72-ACC2-F6FF-39ED21CB6A4A', '2019-05-14 14:37:35', '2E23D1D9-4A72-ACC2-F6FF-39ED21CB6A4A');
INSERT INTO `model_property` VALUES ('6FEBA820-02C6-69BC-254C-39EDC741D9D6', '415AD4CE-CD1F-3642-A6AF-39EDC650373C', 'Name', 0, 1, 0, '00000000-0000-0000-0000-000000000000', '名称', 0, '2019-05-14 14:43:33', '2E23D1D9-4A72-ACC2-F6FF-39ED21CB6A4A', '2019-05-14 14:43:33', '2E23D1D9-4A72-ACC2-F6FF-39ED21CB6A4A');
INSERT INTO `model_property` VALUES ('7344B3BF-C467-E61E-142E-39EDC72A2286', '82BDE8DE-830A-7A55-78DD-39EDC650A8BD', 'CategoryId', 8, 1, 1, '00000000-0000-0000-0000-000000000000', '分类', 0, '2019-05-14 14:17:39', '2E23D1D9-4A72-ACC2-F6FF-39ED21CB6A4A', '2019-05-16 14:45:04', '2E23D1D9-4A72-ACC2-F6FF-39ED21CB6A4A');
INSERT INTO `model_property` VALUES ('899D222E-62A2-13A1-3747-39EDC658D174', '82BDE8DE-830A-7A55-78DD-39EDC650A8BD', 'TagList', 0, 2, 0, '00000000-0000-0000-0000-000000000000', '标签列表', 3, '2019-05-14 10:29:02', '2E23D1D9-4A72-ACC2-F6FF-39ED21CB6A4A', '2019-05-14 14:37:14', '2E23D1D9-4A72-ACC2-F6FF-39ED21CB6A4A');
INSERT INTO `model_property` VALUES ('9C695EE8-6FED-52B4-9EB2-39EDC72F7DB1', '82BDE8DE-830A-7A55-78DD-39EDC650A8BD', 'Title', 0, 1, 0, '00000000-0000-0000-0000-000000000000', '标题', 1, '2019-05-14 14:23:30', '2E23D1D9-4A72-ACC2-F6FF-39ED21CB6A4A', '2019-05-14 14:36:55', '2E23D1D9-4A72-ACC2-F6FF-39ED21CB6A4A');
INSERT INTO `model_property` VALUES ('9E3DCE42-9DDA-69E7-EA58-39EDC72FE10C', '82BDE8DE-830A-7A55-78DD-39EDC650A8BD', 'CategoryId', 8, 2, 0, '00000000-0000-0000-0000-000000000000', '分类', 0, '2019-05-14 14:23:56', '2E23D1D9-4A72-ACC2-F6FF-39ED21CB6A4A', '2019-05-14 14:37:14', '2E23D1D9-4A72-ACC2-F6FF-39ED21CB6A4A');
INSERT INTO `model_property` VALUES ('9EB7882B-6174-B82E-EFB4-39EDC74104F4', '82BDE8DE-830A-7A55-78DD-39EDC650A8BD', 'TagList', 0, 3, 0, '00000000-0000-0000-0000-000000000000', '标签列表', 3, '2019-05-14 14:42:39', '2E23D1D9-4A72-ACC2-F6FF-39ED21CB6A4A', '2019-05-14 14:42:39', '2E23D1D9-4A72-ACC2-F6FF-39ED21CB6A4A');
INSERT INTO `model_property` VALUES ('C4FD6823-9B7F-8C00-CDD7-39EDC65846B0', '82BDE8DE-830A-7A55-78DD-39EDC650A8BD', 'Body', 0, 2, 0, '00000000-0000-0000-0000-000000000000', '内容', 2, '2019-05-14 10:28:26', '2E23D1D9-4A72-ACC2-F6FF-39ED21CB6A4A', '2019-05-14 14:37:14', '2E23D1D9-4A72-ACC2-F6FF-39ED21CB6A4A');
INSERT INTO `model_property` VALUES ('EA764AF0-35E3-4028-4A30-39EDC6563DF3', '96ABAE7F-4198-4CC4-6B01-39EDC64F20EB', 'Name', 0, 3, 0, '00000000-0000-0000-0000-000000000000', '名称', 0, '2019-05-14 10:26:13', '2E23D1D9-4A72-ACC2-F6FF-39ED21CB6A4A', '2019-05-14 10:26:13', '2E23D1D9-4A72-ACC2-F6FF-39ED21CB6A4A');

-- ----------------------------
-- Table structure for project
-- ----------------------------
DROP TABLE IF EXISTS `project`;
CREATE TABLE `project`  (
  `Id` char(36) CHARACTER SET utf8mb4 COLLATE utf8mb4_general_ci NOT NULL,
  `Name` varchar(50) CHARACTER SET utf8mb4 COLLATE utf8mb4_general_ci NOT NULL COMMENT '项目名称',
  `Prefix` varchar(50) CHARACTER SET utf8mb4 COLLATE utf8mb4_general_ci NULL DEFAULT NULL COMMENT '前缀',
  `Code` varchar(50) CHARACTER SET utf8mb4 COLLATE utf8mb4_general_ci NOT NULL COMMENT '编码',
  `CreatedTime` datetime(0) NOT NULL COMMENT '创建时间',
  `CreatedBy` char(36) CHARACTER SET utf8mb4 COLLATE utf8mb4_general_ci NOT NULL COMMENT '创建人',
  `ModifiedTime` datetime(0) NOT NULL COMMENT '修改时间',
  `ModifiedBy` char(36) CHARACTER SET utf8mb4 COLLATE utf8mb4_general_ci NOT NULL COMMENT '修改人',
  `Deleted` tinyint(4) NOT NULL,
  `DeletedTime` datetime(0) NOT NULL,
  `DeletedBy` char(36) CHARACTER SET utf8mb4 COLLATE utf8mb4_general_ci NULL DEFAULT NULL,
  PRIMARY KEY (`Id`) USING BTREE
) ENGINE = InnoDB CHARACTER SET = utf8mb4 COLLATE = utf8mb4_general_ci ROW_FORMAT = Dynamic;

-- ----------------------------
-- Records of project
-- ----------------------------
INSERT INTO `project` VALUES ('89C9765E-EAE2-8E19-0EFD-39EDC64EE6E7', '博客', 'Nm', 'Blog', '2019-05-14 10:18:12', '2E23D1D9-4A72-ACC2-F6FF-39ED21CB6A4A', '2019-05-17 11:35:32', '2E23D1D9-4A72-ACC2-F6FF-39ED21CB6A4A', 0, '2019-05-14 10:18:12', '00000000-0000-0000-0000-000000000000');

-- ----------------------------
-- Table structure for property
-- ----------------------------
DROP TABLE IF EXISTS `property`;
CREATE TABLE `property`  (
  `Id` char(36) CHARACTER SET utf8mb4 COLLATE utf8mb4_general_ci NOT NULL,
  `ClassId` char(36) CHARACTER SET utf8mb4 COLLATE utf8mb4_general_ci NOT NULL,
  `Name` varchar(50) CHARACTER SET utf8mb4 COLLATE utf8mb4_general_ci NOT NULL,
  `IsPrimaryKey` tinyint(4) NOT NULL COMMENT '是否主键',
  `IsInherit` tinyint(4) NOT NULL COMMENT '是否继承自基类实体',
  `Type` smallint(6) NOT NULL,
  `Length` int(11) NOT NULL COMMENT '长度',
  `Precision` int(11) NOT NULL COMMENT '精度',
  `Scale` int(11) NOT NULL COMMENT '刻度',
  `EnumId` char(36) CHARACTER SET utf8mb4 COLLATE utf8mb4_general_ci NOT NULL COMMENT '关联枚举',
  `Nullable` tinyint(4) NOT NULL COMMENT '可空',
  `ShowInList` tinyint(4) NOT NULL COMMENT '列表中显示',
  `HasDefaultValue` tinyint(4) NOT NULL COMMENT '有默认值',
  `Remarks` varchar(50) CHARACTER SET utf8mb4 COLLATE utf8mb4_general_ci NOT NULL COMMENT '备注',
  `Sort` int(11) NOT NULL COMMENT '排序',
  `CreatedTime` datetime(0) NOT NULL COMMENT '创建时间',
  `CreatedBy` char(36) CHARACTER SET utf8mb4 COLLATE utf8mb4_general_ci NOT NULL COMMENT '创建人',
  `ModifiedTime` datetime(0) NOT NULL COMMENT '修改时间',
  `ModifiedBy` char(36) CHARACTER SET utf8mb4 COLLATE utf8mb4_general_ci NOT NULL COMMENT '修改人',
  PRIMARY KEY (`Id`) USING BTREE
) ENGINE = InnoDB CHARACTER SET = utf8mb4 COLLATE = utf8mb4_general_ci ROW_FORMAT = Dynamic;

-- ----------------------------
-- Records of property
-- ----------------------------
INSERT INTO `property` VALUES ('00D16B21-0CDB-3728-4CBD-39EDC64F2107', '96ABAE7F-4198-4CC4-6B01-39EDC64F20EB', 'CreatedTime', 0, 1, 9, 0, 0, 0, '00000000-0000-0000-0000-000000000000', 0, 0, 0, '创建时间', 1001, '2019-05-14 10:18:26', '2E23D1D9-4A72-ACC2-F6FF-39ED21CB6A4A', '2019-05-14 10:18:26', '2E23D1D9-4A72-ACC2-F6FF-39ED21CB6A4A');
INSERT INTO `property` VALUES ('09B2045E-1F40-CA6B-8FDB-39EDC650A8C0', '82BDE8DE-830A-7A55-78DD-39EDC650A8BD', 'CreatedBy', 0, 1, 8, 0, 0, 0, '00000000-0000-0000-0000-000000000000', 0, 0, 0, '创建人', 1000, '2019-05-14 10:20:07', '2E23D1D9-4A72-ACC2-F6FF-39ED21CB6A4A', '2019-05-14 10:20:07', '2E23D1D9-4A72-ACC2-F6FF-39ED21CB6A4A');
INSERT INTO `property` VALUES ('1AB35FED-A5FF-F5F2-ABFA-39EDC6533910', '82BDE8DE-830A-7A55-78DD-39EDC650A8BD', 'PublishTime', 0, 0, 9, 0, 0, 0, '00000000-0000-0000-0000-000000000000', 0, 1, 1, '发布时间', 10, '2019-05-14 10:22:55', '2E23D1D9-4A72-ACC2-F6FF-39ED21CB6A4A', '2019-05-16 15:22:20', '2E23D1D9-4A72-ACC2-F6FF-39ED21CB6A4A');
INSERT INTO `property` VALUES ('1C5A94F4-5C07-E563-67B9-39EDC650A8C0', '82BDE8DE-830A-7A55-78DD-39EDC650A8BD', 'CreatedTime', 0, 1, 9, 0, 0, 0, '00000000-0000-0000-0000-000000000000', 0, 0, 0, '创建时间', 1001, '2019-05-14 10:20:07', '2E23D1D9-4A72-ACC2-F6FF-39ED21CB6A4A', '2019-05-14 10:20:07', '2E23D1D9-4A72-ACC2-F6FF-39ED21CB6A4A');
INSERT INTO `property` VALUES ('20CD8590-746C-FEB5-5959-39EDC64F6B16', '96ABAE7F-4198-4CC4-6B01-39EDC64F20EB', 'Name', 0, 0, 0, 100, 0, 0, '00000000-0000-0000-0000-000000000000', 0, 1, 0, '名称', 5, '2019-05-14 10:18:46', '2E23D1D9-4A72-ACC2-F6FF-39ED21CB6A4A', '2019-05-15 14:46:50', '2E23D1D9-4A72-ACC2-F6FF-39ED21CB6A4A');
INSERT INTO `property` VALUES ('2D84730F-4117-801A-B349-39EDC6503741', '415AD4CE-CD1F-3642-A6AF-39EDC650373C', 'CreatedTime', 0, 1, 9, 0, 0, 0, '00000000-0000-0000-0000-000000000000', 0, 0, 0, '创建时间', 1001, '2019-05-14 10:19:38', '2E23D1D9-4A72-ACC2-F6FF-39ED21CB6A4A', '2019-05-14 10:19:38', '2E23D1D9-4A72-ACC2-F6FF-39ED21CB6A4A');
INSERT INTO `property` VALUES ('3F7FF6CF-339D-BAA2-C4C3-39EDC6503741', '415AD4CE-CD1F-3642-A6AF-39EDC650373C', 'CreatedBy', 0, 1, 8, 0, 0, 0, '00000000-0000-0000-0000-000000000000', 0, 0, 0, '创建人', 1000, '2019-05-14 10:19:38', '2E23D1D9-4A72-ACC2-F6FF-39ED21CB6A4A', '2019-05-14 10:19:38', '2E23D1D9-4A72-ACC2-F6FF-39ED21CB6A4A');
INSERT INTO `property` VALUES ('49FBE2A5-A035-988F-1D4B-39EDC650A8C0', '82BDE8DE-830A-7A55-78DD-39EDC650A8BD', 'ModifiedTime', 0, 1, 9, 0, 0, 0, '00000000-0000-0000-0000-000000000000', 0, 0, 0, '修改时间', 1003, '2019-05-14 10:20:07', '2E23D1D9-4A72-ACC2-F6FF-39ED21CB6A4A', '2019-05-14 10:20:07', '2E23D1D9-4A72-ACC2-F6FF-39ED21CB6A4A');
INSERT INTO `property` VALUES ('4A7D6C64-6148-B1E7-19D6-39EDC6503741', '415AD4CE-CD1F-3642-A6AF-39EDC650373C', 'ModifiedTime', 0, 1, 9, 0, 0, 0, '00000000-0000-0000-0000-000000000000', 0, 0, 0, '修改时间', 1003, '2019-05-14 10:19:38', '2E23D1D9-4A72-ACC2-F6FF-39ED21CB6A4A', '2019-05-14 10:19:38', '2E23D1D9-4A72-ACC2-F6FF-39ED21CB6A4A');
INSERT INTO `property` VALUES ('68298BC0-C14E-236E-B452-39EDC652F5C9', '82BDE8DE-830A-7A55-78DD-39EDC650A8BD', 'Published', 0, 0, 7, 0, 0, 0, '00000000-0000-0000-0000-000000000000', 0, 0, 0, '已发布', 9, '2019-05-14 10:22:38', '2E23D1D9-4A72-ACC2-F6FF-39ED21CB6A4A', '2019-05-15 14:46:34', '2E23D1D9-4A72-ACC2-F6FF-39ED21CB6A4A');
INSERT INTO `property` VALUES ('6A75E777-78DA-76FA-0FD1-39EDC64F2104', '96ABAE7F-4198-4CC4-6B01-39EDC64F20EB', 'Id', 1, 1, 8, 0, 0, 0, '00000000-0000-0000-0000-000000000000', 0, 1, 0, '主键', 0, '2019-05-14 10:18:26', '2E23D1D9-4A72-ACC2-F6FF-39ED21CB6A4A', '2019-05-14 10:18:26', '2E23D1D9-4A72-ACC2-F6FF-39ED21CB6A4A');
INSERT INTO `property` VALUES ('78F71825-3C23-C5CB-639E-39EDC64F2107', '96ABAE7F-4198-4CC4-6B01-39EDC64F20EB', 'ModifiedBy', 0, 1, 8, 0, 0, 0, '00000000-0000-0000-0000-000000000000', 0, 0, 0, '修改人', 1002, '2019-05-14 10:18:26', '2E23D1D9-4A72-ACC2-F6FF-39ED21CB6A4A', '2019-05-14 10:18:26', '2E23D1D9-4A72-ACC2-F6FF-39ED21CB6A4A');
INSERT INTO `property` VALUES ('7EF026E7-3701-B3DF-F4D3-39EDC650A8C0', '82BDE8DE-830A-7A55-78DD-39EDC650A8BD', 'ModifiedBy', 0, 1, 8, 0, 0, 0, '00000000-0000-0000-0000-000000000000', 0, 0, 0, '修改人', 1002, '2019-05-14 10:20:07', '2E23D1D9-4A72-ACC2-F6FF-39ED21CB6A4A', '2019-05-14 10:20:07', '2E23D1D9-4A72-ACC2-F6FF-39ED21CB6A4A');
INSERT INTO `property` VALUES ('88225DE9-FFF9-E689-B03C-39EDC6515A3D', '82BDE8DE-830A-7A55-78DD-39EDC650A8BD', 'Summary', 0, 0, 0, 500, 0, 0, '00000000-0000-0000-0000-000000000000', 0, 1, 0, '简介', 2, '2019-05-14 10:20:53', '2E23D1D9-4A72-ACC2-F6FF-39ED21CB6A4A', '2019-05-15 14:46:14', '2E23D1D9-4A72-ACC2-F6FF-39ED21CB6A4A');
INSERT INTO `property` VALUES ('93B671AF-5B12-FE2C-5566-39EDC6507214', '415AD4CE-CD1F-3642-A6AF-39EDC650373C', 'Name', 0, 0, 0, 100, 0, 0, '00000000-0000-0000-0000-000000000000', 0, 1, 0, '名称', 5, '2019-05-14 10:19:53', '2E23D1D9-4A72-ACC2-F6FF-39ED21CB6A4A', '2019-05-15 14:46:46', '2E23D1D9-4A72-ACC2-F6FF-39ED21CB6A4A');
INSERT INTO `property` VALUES ('9BD2222B-C13E-2E91-6AFD-39EDC650A8C0', '82BDE8DE-830A-7A55-78DD-39EDC650A8BD', 'Id', 1, 1, 8, 0, 0, 0, '00000000-0000-0000-0000-000000000000', 0, 1, 0, '主键', 0, '2019-05-14 10:20:07', '2E23D1D9-4A72-ACC2-F6FF-39ED21CB6A4A', '2019-05-15 11:26:50', '2E23D1D9-4A72-ACC2-F6FF-39ED21CB6A4A');
INSERT INTO `property` VALUES ('B9866A15-529C-5F25-B9F3-39EDC64F2107', '96ABAE7F-4198-4CC4-6B01-39EDC64F20EB', 'ModifiedTime', 0, 1, 9, 0, 0, 0, '00000000-0000-0000-0000-000000000000', 0, 0, 0, '修改时间', 1003, '2019-05-14 10:18:26', '2E23D1D9-4A72-ACC2-F6FF-39ED21CB6A4A', '2019-05-14 10:18:26', '2E23D1D9-4A72-ACC2-F6FF-39ED21CB6A4A');
INSERT INTO `property` VALUES ('C0F18043-4137-894F-8BE9-39EDC651D8A2', '82BDE8DE-830A-7A55-78DD-39EDC650A8BD', 'CategoryId', 0, 0, 8, 0, 0, 0, '00000000-0000-0000-0000-000000000000', 0, 0, 0, '分类', 0, '2019-05-14 10:21:25', '2E23D1D9-4A72-ACC2-F6FF-39ED21CB6A4A', '2019-05-15 14:46:16', '2E23D1D9-4A72-ACC2-F6FF-39ED21CB6A4A');
INSERT INTO `property` VALUES ('DF23365B-FA9A-6749-4D5A-39EDC6503741', '415AD4CE-CD1F-3642-A6AF-39EDC650373C', 'Id', 1, 1, 8, 0, 0, 0, '00000000-0000-0000-0000-000000000000', 0, 1, 0, '主键', 0, '2019-05-14 10:19:38', '2E23D1D9-4A72-ACC2-F6FF-39ED21CB6A4A', '2019-05-14 10:19:38', '2E23D1D9-4A72-ACC2-F6FF-39ED21CB6A4A');
INSERT INTO `property` VALUES ('E718E820-9E13-4E9D-53C5-39EDC64F2107', '96ABAE7F-4198-4CC4-6B01-39EDC64F20EB', 'CreatedBy', 0, 1, 8, 0, 0, 0, '00000000-0000-0000-0000-000000000000', 0, 0, 0, '创建人', 1000, '2019-05-14 10:18:26', '2E23D1D9-4A72-ACC2-F6FF-39ED21CB6A4A', '2019-05-14 10:18:26', '2E23D1D9-4A72-ACC2-F6FF-39ED21CB6A4A');
INSERT INTO `property` VALUES ('E91E1BBB-1CC5-5D98-E3EA-39EDC6512C4B', '82BDE8DE-830A-7A55-78DD-39EDC650A8BD', 'Title', 0, 0, 0, 300, 0, 0, '00000000-0000-0000-0000-000000000000', 0, 1, 0, '标题', 1, '2019-05-14 10:20:41', '2E23D1D9-4A72-ACC2-F6FF-39ED21CB6A4A', '2019-05-16 15:22:29', '2E23D1D9-4A72-ACC2-F6FF-39ED21CB6A4A');
INSERT INTO `property` VALUES ('F40147EF-8EC1-CADF-CB17-39EDC6503741', '415AD4CE-CD1F-3642-A6AF-39EDC650373C', 'ModifiedBy', 0, 1, 8, 0, 0, 0, '00000000-0000-0000-0000-000000000000', 0, 0, 0, '修改人', 1002, '2019-05-14 10:19:38', '2E23D1D9-4A72-ACC2-F6FF-39ED21CB6A4A', '2019-05-14 10:19:38', '2E23D1D9-4A72-ACC2-F6FF-39ED21CB6A4A');
INSERT INTO `property` VALUES ('F5F27E3A-2B5D-A57F-9806-39EDC6518A2A', '82BDE8DE-830A-7A55-78DD-39EDC650A8BD', 'Body', 0, 0, 0, 0, 0, 0, '00000000-0000-0000-0000-000000000000', 0, 1, 0, '内容', 3, '2019-05-14 10:21:05', '2E23D1D9-4A72-ACC2-F6FF-39ED21CB6A4A', '2019-05-15 14:46:18', '2E23D1D9-4A72-ACC2-F6FF-39ED21CB6A4A');

SET FOREIGN_KEY_CHECKS = 1;
