/*
 Navicat Premium Data Transfer

 Source Server         : localhost
 Source Server Type    : MySQL
 Source Server Version : 80015
 Source Host           : localhost:3306
 Source Schema         : nm_admin

 Target Server Type    : MySQL
 Target Server Version : 80015
 File Encoding         : 65001

 Date: 15/04/2019 09:21:51
*/

SET NAMES utf8mb4;
SET FOREIGN_KEY_CHECKS = 0;

-- ----------------------------
-- Table structure for account
-- ----------------------------
DROP TABLE IF EXISTS `account`;
CREATE TABLE `account`  (
  `Id` char(36) CHARACTER SET utf8mb4 COLLATE utf8mb4_general_ci NOT NULL,
  `UserName` varchar(50) CHARACTER SET utf8mb4 COLLATE utf8mb4_general_ci NOT NULL COMMENT '用户名',
  `Password` varchar(50) CHARACTER SET utf8mb4 COLLATE utf8mb4_general_ci NOT NULL COMMENT '密码',
  `Name` varchar(255) CHARACTER SET utf8mb4 COLLATE utf8mb4_general_ci NOT NULL COMMENT '名称',
  `Phone` varchar(20) CHARACTER SET utf8mb4 COLLATE utf8mb4_general_ci NOT NULL COMMENT '手机号',
  `Email` varchar(255) CHARACTER SET utf8mb4 COLLATE utf8mb4_general_ci NOT NULL COMMENT '邮箱',
  `LoginTime` datetime(0) NOT NULL COMMENT '最后登录时间',
  `LoginIP` varchar(50) CHARACTER SET utf8mb4 COLLATE utf8mb4_general_ci NOT NULL COMMENT '最后登录IP',
  `Status` smallint(6) NOT NULL COMMENT '状态：0、未激活 1、正常 2、禁用 3、注销',
  `CreatedTime` datetime(0) NOT NULL COMMENT '创建时间',
  `CreatedBy` char(36) CHARACTER SET utf8mb4 COLLATE utf8mb4_general_ci NOT NULL COMMENT '创建人',
  `ModifiedTime` datetime(0) NOT NULL COMMENT '最后修改时间',
  `ModifiedBy` char(36) CHARACTER SET utf8mb4 COLLATE utf8mb4_general_ci NOT NULL COMMENT '最后修改人',
  `ClosedTime` datetime(0) NOT NULL COMMENT '注销时间',
  `ClosedBy` char(36) CHARACTER SET utf8mb4 COLLATE utf8mb4_general_ci NOT NULL COMMENT '注销人',
  `Deleted` tinyint(4) NOT NULL COMMENT '已删除',
  `DeletedTime` datetime(0) NOT NULL COMMENT '删除时间',
  `DeletedBy` char(36) CHARACTER SET utf8mb4 COLLATE utf8mb4_general_ci NULL DEFAULT NULL COMMENT '删除人',
  PRIMARY KEY (`Id`) USING BTREE
) ENGINE = InnoDB CHARACTER SET = utf8mb4 COLLATE = utf8mb4_general_ci ROW_FORMAT = Dynamic;

-- ----------------------------
-- Records of account
-- ----------------------------
INSERT INTO `account` VALUES ('2E23D1D9-4A72-ACC2-F6FF-39ED21CB6A4A', 'admin', 'E739279CB28CDAFD7373618313803524', '管理员', '', '', '2019-04-15 09:10:22', '0.0.0.1', 1, '2019-04-12 11:36:52', '00000000-0000-0000-0000-000000000000', '2019-04-12 11:36:52', '00000000-0000-0000-0000-000000000000', '2019-04-12 11:36:52', '00000000-0000-0000-0000-000000000000', 0, '2019-04-12 11:36:52', '00000000-0000-0000-0000-000000000000');

-- ----------------------------
-- Table structure for account_role
-- ----------------------------
DROP TABLE IF EXISTS `account_role`;
CREATE TABLE `account_role`  (
  `Id` int(11) NOT NULL AUTO_INCREMENT,
  `AccountId` char(36) CHARACTER SET utf8mb4 COLLATE utf8mb4_general_ci NOT NULL COMMENT '账户编号',
  `RoleId` char(36) CHARACTER SET utf8mb4 COLLATE utf8mb4_general_ci NOT NULL COMMENT '角色编号',
  PRIMARY KEY (`Id`) USING BTREE
) ENGINE = InnoDB CHARACTER SET = utf8mb4 COLLATE = utf8mb4_general_ci ROW_FORMAT = Dynamic;

-- ----------------------------
-- Records of account_role
-- ----------------------------
INSERT INTO `account_role` VALUES (1, '2E23D1D9-4A72-ACC2-F6FF-39ED21CB6A4A', '1CB0D69C-6373-3B46-51B8-39ED21CB6A2D');

-- ----------------------------
-- Table structure for auditinfo
-- ----------------------------
DROP TABLE IF EXISTS `auditinfo`;
CREATE TABLE `auditinfo`  (
  `Id` bigint(20) NOT NULL AUTO_INCREMENT,
  `AccountId` char(36) CHARACTER SET utf8mb4 COLLATE utf8mb4_general_ci NULL DEFAULT NULL COMMENT '账户编号',
  `Area` varchar(50) CHARACTER SET utf8mb4 COLLATE utf8mb4_general_ci NOT NULL COMMENT '区域',
  `Controller` varchar(50) CHARACTER SET utf8mb4 COLLATE utf8mb4_general_ci NOT NULL COMMENT '控制器',
  `Action` varchar(50) CHARACTER SET utf8mb4 COLLATE utf8mb4_general_ci NOT NULL COMMENT '操作',
  `Parameters` longtext CHARACTER SET utf8mb4 COLLATE utf8mb4_general_ci NULL COMMENT '参数',
  `Result` longtext CHARACTER SET utf8mb4 COLLATE utf8mb4_general_ci NULL COMMENT '返回数据',
  `ExecutionTime` datetime(0) NOT NULL COMMENT '方法开始执行时间',
  `ExecutionDuration` bigint(20) NOT NULL COMMENT '方法执行总用时(ms)',
  `BrowserInfo` text CHARACTER SET utf8mb4 COLLATE utf8mb4_general_ci NULL COMMENT '浏览器信息',
  `Platform` smallint(6) NOT NULL COMMENT '平台',
  `IP` varchar(50) CHARACTER SET utf8mb4 COLLATE utf8mb4_general_ci NULL DEFAULT NULL,
  PRIMARY KEY (`Id`) USING BTREE
) ENGINE = InnoDB CHARACTER SET = utf8mb4 COLLATE = utf8mb4_general_ci ROW_FORMAT = Dynamic;

-- ----------------------------
-- Table structure for button
-- ----------------------------
DROP TABLE IF EXISTS `button`;
CREATE TABLE `button`  (
  `Id` char(36) CHARACTER SET utf8mb4 COLLATE utf8mb4_general_ci NOT NULL,
  `MenuId` char(36) CHARACTER SET utf8mb4 COLLATE utf8mb4_general_ci NOT NULL COMMENT '菜单编号',
  `Name` varchar(50) CHARACTER SET utf8mb4 COLLATE utf8mb4_general_ci NOT NULL COMMENT '名称',
  `Icon` varchar(50) CHARACTER SET utf8mb4 COLLATE utf8mb4_general_ci NULL DEFAULT NULL COMMENT '图标',
  `Code` varchar(100) CHARACTER SET utf8mb4 COLLATE utf8mb4_general_ci NOT NULL COMMENT '按钮编码',
  `CreatedTime` datetime(0) NOT NULL COMMENT '创建日期',
  `CreatedBy` char(36) CHARACTER SET utf8mb4 COLLATE utf8mb4_general_ci NOT NULL COMMENT '创建人',
  `ModifiedTime` datetime(0) NOT NULL COMMENT '修改时间',
  `ModifiedBy` char(36) CHARACTER SET utf8mb4 COLLATE utf8mb4_general_ci NOT NULL COMMENT '修改人',
  PRIMARY KEY (`Id`) USING BTREE
) ENGINE = InnoDB CHARACTER SET = utf8mb4 COLLATE = utf8mb4_general_ci ROW_FORMAT = Dynamic;

-- ----------------------------
-- Records of button
-- ----------------------------
INSERT INTO `button` VALUES ('02AA62D0-2944-EABE-ED49-39ED2238C652', '64BB88F0-AE8D-EFF9-C537-39ED22096F9B', '编辑', NULL, 'admin_account_edit', '2019-04-12 13:36:19', '2E23D1D9-4A72-ACC2-F6FF-39ED21CB6A4A', '2019-04-12 13:36:19', '2E23D1D9-4A72-ACC2-F6FF-39ED21CB6A4A');
INSERT INTO `button` VALUES ('13EE6243-46B6-AE86-A1AA-39ED22360378', 'E38B0E46-A755-FF0F-012C-39ED2209462A', '添加', NULL, 'admin_role_add', '2019-04-12 13:33:18', '2E23D1D9-4A72-ACC2-F6FF-39ED21CB6A4A', '2019-04-12 13:33:18', '2E23D1D9-4A72-ACC2-F6FF-39ED21CB6A4A');
INSERT INTO `button` VALUES ('181F6B49-4E36-8620-DC51-39ED220DF287', '0404F457-1C32-BA61-8FAD-39ED2208BCD9', '删除', NULL, 'admin_moduleinfo_del', '2019-04-12 12:49:32', '2E23D1D9-4A72-ACC2-F6FF-39ED21CB6A4A', '2019-04-12 12:49:32', '2E23D1D9-4A72-ACC2-F6FF-39ED21CB6A4A');
INSERT INTO `button` VALUES ('1FC9841E-CCBA-4B85-41C6-39ED2213BE42', 'A9105CA0-722C-66F5-844B-39ED220926A0', '删除', NULL, 'admin_menu_del', '2019-04-12 12:55:52', '2E23D1D9-4A72-ACC2-F6FF-39ED21CB6A4A', '2019-04-12 12:55:52', '2E23D1D9-4A72-ACC2-F6FF-39ED21CB6A4A');
INSERT INTO `button` VALUES ('40CCB97F-49B2-24AD-BFD7-39ED2238C653', '64BB88F0-AE8D-EFF9-C537-39ED22096F9B', '删除', NULL, 'admin_account_del', '2019-04-12 13:36:19', '2E23D1D9-4A72-ACC2-F6FF-39ED21CB6A4A', '2019-04-12 13:36:19', '2E23D1D9-4A72-ACC2-F6FF-39ED21CB6A4A');
INSERT INTO `button` VALUES ('40F1BFDB-22BD-0DA1-3942-39ED220DF27F', '0404F457-1C32-BA61-8FAD-39ED2208BCD9', '同步', 'refresh', 'admin_moduleinfo_sync', '2019-04-12 12:49:32', '2E23D1D9-4A72-ACC2-F6FF-39ED21CB6A4A', '2019-04-12 12:49:32', '2E23D1D9-4A72-ACC2-F6FF-39ED21CB6A4A');
INSERT INTO `button` VALUES ('62C2CB73-EEC9-DEA5-C020-39ED223C4590', 'B09AAC3D-43B4-3327-9F05-39ED22098F00', '详情', NULL, 'admin_auditinfo_details', '2019-04-12 13:40:08', '2E23D1D9-4A72-ACC2-F6FF-39ED21CB6A4A', '2019-04-12 13:40:08', '2E23D1D9-4A72-ACC2-F6FF-39ED21CB6A4A');
INSERT INTO `button` VALUES ('6309893F-188F-16DB-CA2E-39ED2213BE43', 'A9105CA0-722C-66F5-844B-39ED220926A0', '绑定权限', NULL, 'admin_menu_bind_permission', '2019-04-12 12:55:52', '2E23D1D9-4A72-ACC2-F6FF-39ED21CB6A4A', '2019-04-12 12:55:52', '2E23D1D9-4A72-ACC2-F6FF-39ED21CB6A4A');
INSERT INTO `button` VALUES ('6443BABB-3005-3393-CFA3-39ED2236037E', 'E38B0E46-A755-FF0F-012C-39ED2209462A', '删除', NULL, 'admin_role_del', '2019-04-12 13:33:18', '2E23D1D9-4A72-ACC2-F6FF-39ED21CB6A4A', '2019-04-12 13:33:18', '2E23D1D9-4A72-ACC2-F6FF-39ED21CB6A4A');
INSERT INTO `button` VALUES ('64A397A3-F185-F740-5FD8-39ED2213BE46', 'A9105CA0-722C-66F5-844B-39ED220926A0', '绑定按钮', NULL, 'admin_menu_bind_button', '2019-04-12 12:55:52', '2E23D1D9-4A72-ACC2-F6FF-39ED21CB6A4A', '2019-04-12 12:55:52', '2E23D1D9-4A72-ACC2-F6FF-39ED21CB6A4A');
INSERT INTO `button` VALUES ('7FCB3809-1893-BD91-CE50-39ED22360380', 'E38B0E46-A755-FF0F-012C-39ED2209462A', '绑定菜单', NULL, 'admin_role_bind_menu', '2019-04-12 13:33:18', '2E23D1D9-4A72-ACC2-F6FF-39ED21CB6A4A', '2019-04-12 13:33:18', '2E23D1D9-4A72-ACC2-F6FF-39ED21CB6A4A');
INSERT INTO `button` VALUES ('97727921-F069-AFAB-CFF8-39ED2211C64D', 'A74578DA-7B3B-8A7C-E54C-39ED22090F48', '删除', NULL, 'admin_permission_del', '2019-04-12 12:53:43', '2E23D1D9-4A72-ACC2-F6FF-39ED21CB6A4A', '2019-04-12 12:53:43', '2E23D1D9-4A72-ACC2-F6FF-39ED21CB6A4A');
INSERT INTO `button` VALUES ('99EB627E-7E79-B36A-1C3C-39ED2213BE3E', 'A9105CA0-722C-66F5-844B-39ED220926A0', '添加', NULL, 'admin_menu_add', '2019-04-12 12:55:52', '2E23D1D9-4A72-ACC2-F6FF-39ED21CB6A4A', '2019-04-12 12:55:52', '2E23D1D9-4A72-ACC2-F6FF-39ED21CB6A4A');
INSERT INTO `button` VALUES ('A83923D1-7AA3-107B-C72D-39ED2238C64F', '64BB88F0-AE8D-EFF9-C537-39ED22096F9B', '添加', 'add', 'admin_account_add', '2019-04-12 13:36:19', '2E23D1D9-4A72-ACC2-F6FF-39ED21CB6A4A', '2019-04-12 13:36:19', '2E23D1D9-4A72-ACC2-F6FF-39ED21CB6A4A');
INSERT INTO `button` VALUES ('B4EAAE9E-6D8D-4C28-F832-39ED2213BE41', 'A9105CA0-722C-66F5-844B-39ED220926A0', '编辑', NULL, 'admin_menu_edit', '2019-04-12 12:55:52', '2E23D1D9-4A72-ACC2-F6FF-39ED21CB6A4A', '2019-04-12 12:55:52', '2E23D1D9-4A72-ACC2-F6FF-39ED21CB6A4A');
INSERT INTO `button` VALUES ('C8C65374-9DB0-98ED-9C41-39ED2236037B', 'E38B0E46-A755-FF0F-012C-39ED2209462A', '编辑', NULL, 'admin_role_edit', '2019-04-12 13:33:18', '2E23D1D9-4A72-ACC2-F6FF-39ED21CB6A4A', '2019-04-12 13:33:18', '2E23D1D9-4A72-ACC2-F6FF-39ED21CB6A4A');
INSERT INTO `button` VALUES ('EF881C51-DE63-8572-250B-39ED2211C64A', 'A74578DA-7B3B-8A7C-E54C-39ED22090F48', '同步', 'refresh', 'admin_permission_sync', '2019-04-12 12:53:43', '2E23D1D9-4A72-ACC2-F6FF-39ED21CB6A4A', '2019-04-12 12:53:43', '2E23D1D9-4A72-ACC2-F6FF-39ED21CB6A4A');
INSERT INTO `button` VALUES ('F92EE62D-1499-C296-E25C-39ED2238C655', '64BB88F0-AE8D-EFF9-C537-39ED22096F9B', '重置密码', NULL, 'admin_account_reset_password', '2019-04-12 13:36:19', '2E23D1D9-4A72-ACC2-F6FF-39ED21CB6A4A', '2019-04-12 13:36:19', '2E23D1D9-4A72-ACC2-F6FF-39ED21CB6A4A');

-- ----------------------------
-- Table structure for button_permission
-- ----------------------------
DROP TABLE IF EXISTS `button_permission`;
CREATE TABLE `button_permission`  (
  `Id` int(11) NOT NULL AUTO_INCREMENT,
  `ButtonId` char(36) CHARACTER SET utf8mb4 COLLATE utf8mb4_general_ci NOT NULL COMMENT '按钮编号',
  `PermissionId` char(36) CHARACTER SET utf8mb4 COLLATE utf8mb4_general_ci NOT NULL COMMENT '权限编号',
  PRIMARY KEY (`Id`) USING BTREE
) ENGINE = InnoDB CHARACTER SET = utf8mb4 COLLATE = utf8mb4_general_ci ROW_FORMAT = Dynamic;

-- ----------------------------
-- Records of button_permission
-- ----------------------------
INSERT INTO `button_permission` VALUES (1, '40F1BFDB-22BD-0DA1-3942-39ED220DF27F', '70581745-E062-DCD0-C19C-39ED221095C5');
INSERT INTO `button_permission` VALUES (2, '181F6B49-4E36-8620-DC51-39ED220DF287', '753BC64A-A40C-E4C4-698D-39ED221095CC');
INSERT INTO `button_permission` VALUES (3, 'EF881C51-DE63-8572-250B-39ED2211C64A', 'B93930AE-B840-D1A1-B19E-39ED221095D5');
INSERT INTO `button_permission` VALUES (4, '97727921-F069-AFAB-CFF8-39ED2211C64D', '453FEF51-1D67-3C8D-10B5-39ED221095D6');
INSERT INTO `button_permission` VALUES (5, '99EB627E-7E79-B36A-1C3C-39ED2213BE3E', '6528A89E-55E0-55E3-10AE-39ED221095AD');
INSERT INTO `button_permission` VALUES (6, '99EB627E-7E79-B36A-1C3C-39ED2213BE3E', 'F9A16174-575B-6C3B-3F9D-39ED221095D1');
INSERT INTO `button_permission` VALUES (7, 'B4EAAE9E-6D8D-4C28-F832-39ED2213BE41', 'F9A16174-575B-6C3B-3F9D-39ED221095D1');
INSERT INTO `button_permission` VALUES (8, 'B4EAAE9E-6D8D-4C28-F832-39ED2213BE41', 'C1580441-4CC5-6733-E9DF-39ED221095B3');
INSERT INTO `button_permission` VALUES (9, 'B4EAAE9E-6D8D-4C28-F832-39ED2213BE41', '63237D43-54F2-5E06-2CEA-39ED221095B4');
INSERT INTO `button_permission` VALUES (10, '1FC9841E-CCBA-4B85-41C6-39ED2213BE42', 'F3959EB5-2CC2-AED6-67FC-39ED221095B0');
INSERT INTO `button_permission` VALUES (23, '6309893F-188F-16DB-CA2E-39ED2213BE43', 'F9A16174-575B-6C3B-3F9D-39ED221095D1');
INSERT INTO `button_permission` VALUES (24, '6309893F-188F-16DB-CA2E-39ED2213BE43', '2F075121-FF29-B379-88E0-39ED221095FE');
INSERT INTO `button_permission` VALUES (25, '6309893F-188F-16DB-CA2E-39ED2213BE43', 'C1699E04-4AD0-DF03-B375-39ED22109602');
INSERT INTO `button_permission` VALUES (26, '6309893F-188F-16DB-CA2E-39ED2213BE43', '369CA0D5-73B1-5DFF-0306-39ED221095D3');
INSERT INTO `button_permission` VALUES (27, '6309893F-188F-16DB-CA2E-39ED2213BE43', 'BD77531E-9146-AC03-B2D0-39ED221095C1');
INSERT INTO `button_permission` VALUES (28, '6309893F-188F-16DB-CA2E-39ED2213BE43', '3DE2E2DD-2E1A-BBCA-9162-39ED221095BF');
INSERT INTO `button_permission` VALUES (34, '64A397A3-F185-F740-5FD8-39ED2213BE46', 'C26BB465-8C89-51F9-A71F-39ED22109597');
INSERT INTO `button_permission` VALUES (35, '64A397A3-F185-F740-5FD8-39ED2213BE46', '131F5777-26DA-9A17-15B6-39ED2210959D');
INSERT INTO `button_permission` VALUES (36, '64A397A3-F185-F740-5FD8-39ED2213BE46', 'EB48579B-94A3-2DC8-AE5E-39ED22109593');
INSERT INTO `button_permission` VALUES (37, '64A397A3-F185-F740-5FD8-39ED2213BE46', '40A6A7CB-C7F2-3065-7640-39ED2210959F');
INSERT INTO `button_permission` VALUES (38, '64A397A3-F185-F740-5FD8-39ED2213BE46', 'CFD7E4EA-2592-3B9A-6780-39ED221095A1');
INSERT INTO `button_permission` VALUES (39, '64A397A3-F185-F740-5FD8-39ED2213BE46', '369CA0D5-73B1-5DFF-0306-39ED221095D3');
INSERT INTO `button_permission` VALUES (40, '64A397A3-F185-F740-5FD8-39ED2213BE46', 'F9A16174-575B-6C3B-3F9D-39ED221095D1');
INSERT INTO `button_permission` VALUES (41, '64A397A3-F185-F740-5FD8-39ED2213BE46', '2F075121-FF29-B379-88E0-39ED221095FE');
INSERT INTO `button_permission` VALUES (42, '64A397A3-F185-F740-5FD8-39ED2213BE46', 'C1699E04-4AD0-DF03-B375-39ED22109602');
INSERT INTO `button_permission` VALUES (43, '13EE6243-46B6-AE86-A1AA-39ED22360378', '21CB159F-DDDD-9AAE-90EE-39ED221095E1');
INSERT INTO `button_permission` VALUES (44, 'C8C65374-9DB0-98ED-9C41-39ED2236037B', '6E4BD745-6ADD-D321-03A3-39ED221095E4');
INSERT INTO `button_permission` VALUES (45, 'C8C65374-9DB0-98ED-9C41-39ED2236037B', '941B90CA-7BF7-FA66-21F4-39ED221095E5');
INSERT INTO `button_permission` VALUES (46, '6443BABB-3005-3393-CFA3-39ED2236037E', 'DAD12ACD-CC26-AC17-4FF6-39ED221095E3');
INSERT INTO `button_permission` VALUES (47, '7FCB3809-1893-BD91-CE50-39ED22360380', 'DC464A46-960C-DD10-0713-39ED221095E7');
INSERT INTO `button_permission` VALUES (48, '7FCB3809-1893-BD91-CE50-39ED22360380', '4B6EE44F-89F4-B657-2887-39ED221095ED');
INSERT INTO `button_permission` VALUES (49, '7FCB3809-1893-BD91-CE50-39ED22360380', '46F7F154-2B89-3F80-CC18-39ED221095F1');
INSERT INTO `button_permission` VALUES (50, '7FCB3809-1893-BD91-CE50-39ED22360380', 'E1F86178-2204-72BD-8C55-39ED221095F3');
INSERT INTO `button_permission` VALUES (51, '7FCB3809-1893-BD91-CE50-39ED22360380', '21194FEB-9C9F-3FC6-A27B-39ED221095A3');
INSERT INTO `button_permission` VALUES (52, '7FCB3809-1893-BD91-CE50-39ED22360380', '3C8918F7-15CC-8493-F61B-39ED221095C2');
INSERT INTO `button_permission` VALUES (53, 'A83923D1-7AA3-107B-C72D-39ED2238C64F', '479A4F27-08DB-C255-B993-39ED22109580');
INSERT INTO `button_permission` VALUES (54, '02AA62D0-2944-EABE-ED49-39ED2238C652', '2BAA7B7D-94A9-9F13-D009-39ED22109581');
INSERT INTO `button_permission` VALUES (55, '02AA62D0-2944-EABE-ED49-39ED2238C652', '60DE5DBA-7E79-658E-8A5F-39ED22109583');
INSERT INTO `button_permission` VALUES (56, '40CCB97F-49B2-24AD-BFD7-39ED2238C653', 'D4BD9D65-8540-9463-762F-39ED22109589');
INSERT INTO `button_permission` VALUES (57, 'F92EE62D-1499-C296-E25C-39ED2238C655', '5E13BBC7-40C0-78F0-9700-39ED2210958E');
INSERT INTO `button_permission` VALUES (58, '62C2CB73-EEC9-DEA5-C020-39ED223C4590', 'F6B17ECC-900F-0547-F1E6-39ED22109591');
INSERT INTO `button_permission` VALUES (59, '60556E0A-02DC-0D7D-90EB-39ED227D970F', '515F81C3-B744-34EB-A781-39ED227AAE9B');
INSERT INTO `button_permission` VALUES (60, 'F9C9F2C1-C9CB-68D6-1643-39ED227D9718', '1CCA0DC3-3869-016E-6E3B-39ED227AAE9E');
INSERT INTO `button_permission` VALUES (61, 'F9C9F2C1-C9CB-68D6-1643-39ED227D9718', '59EA73D0-F8F7-CA50-8B7D-39ED227AAEA2');
INSERT INTO `button_permission` VALUES (62, '319CA397-0CED-606C-AEC7-39ED227D971A', '62344B87-7E97-DCD4-0E63-39ED227AAEA6');

-- ----------------------------
-- Table structure for config
-- ----------------------------
DROP TABLE IF EXISTS `config`;
CREATE TABLE `config`  (
  `Id` int(11) NOT NULL AUTO_INCREMENT,
  `Key` varchar(255) CHARACTER SET utf8mb4 COLLATE utf8mb4_general_ci NOT NULL COMMENT '键',
  `Value` longtext CHARACTER SET utf8mb4 COLLATE utf8mb4_general_ci NULL COMMENT '值',
  `Remarks` varchar(255) CHARACTER SET utf8mb4 COLLATE utf8mb4_general_ci NOT NULL COMMENT '备注',
  `CreatedTime` datetime(0) NOT NULL COMMENT '添加时间',
  `CreatedBy` char(36) CHARACTER SET utf8mb4 COLLATE utf8mb4_general_ci NOT NULL COMMENT '添加人',
  `ModifiedTime` datetime(0) NOT NULL COMMENT '修改时间',
  `ModifiedBy` char(36) CHARACTER SET utf8mb4 COLLATE utf8mb4_general_ci NOT NULL COMMENT '修改人',
  PRIMARY KEY (`Id`) USING BTREE
) ENGINE = InnoDB CHARACTER SET = utf8mb4 COLLATE = utf8mb4_general_ci ROW_FORMAT = Dynamic;

-- ----------------------------
-- Records of config
-- ----------------------------
INSERT INTO `config` VALUES (1, 'sys_button_permission', 'False', '启用按钮权限', '2019-04-12 11:36:52', '00000000-0000-0000-0000-000000000000', '2019-04-12 11:36:52', '00000000-0000-0000-0000-000000000000');
INSERT INTO `config` VALUES (2, 'sys_logo', NULL, '系统Logo', '2019-04-12 11:36:52', '00000000-0000-0000-0000-000000000000', '2019-04-12 11:36:52', '00000000-0000-0000-0000-000000000000');
INSERT INTO `config` VALUES (3, 'sys_auditing', 'False', '启用审计日志', '2019-04-12 11:36:52', '00000000-0000-0000-0000-000000000000', '2019-04-12 11:36:52', '00000000-0000-0000-0000-000000000000');
INSERT INTO `config` VALUES (4, 'sys_toolbar_skin', 'True', '显示工具栏皮肤按钮', '2019-04-12 11:36:52', '00000000-0000-0000-0000-000000000000', '2019-04-12 11:36:52', '00000000-0000-0000-0000-000000000000');
INSERT INTO `config` VALUES (5, 'sys_title', '通用权限管理系统', '系统标题', '2019-04-12 11:36:52', '00000000-0000-0000-0000-000000000000', '2019-04-12 11:36:52', '00000000-0000-0000-0000-000000000000');
INSERT INTO `config` VALUES (6, 'sys_toolbar_fullscreen', 'True', '显示工具栏全屏按钮', '2019-04-12 11:36:52', '00000000-0000-0000-0000-000000000000', '2019-04-12 11:36:52', '00000000-0000-0000-0000-000000000000');
INSERT INTO `config` VALUES (7, 'sys_home', NULL, '系统首页', '2019-04-12 11:36:52', '00000000-0000-0000-0000-000000000000', '2019-04-12 11:36:52', '00000000-0000-0000-0000-000000000000');

-- ----------------------------
-- Table structure for menu
-- ----------------------------
DROP TABLE IF EXISTS `menu`;
CREATE TABLE `menu`  (
  `Id` char(36) CHARACTER SET utf8mb4 COLLATE utf8mb4_general_ci NOT NULL,
  `ModuleCode` varchar(50) CHARACTER SET utf8mb4 COLLATE utf8mb4_general_ci NOT NULL COMMENT '所属模块',
  `Type` smallint(6) NOT NULL COMMENT '类型，0、节点 1、链接',
  `ParentId` char(36) CHARACTER SET utf8mb4 COLLATE utf8mb4_general_ci NULL DEFAULT NULL COMMENT '父菜单',
  `Name` varchar(50) CHARACTER SET utf8mb4 COLLATE utf8mb4_general_ci NOT NULL COMMENT '名称',
  `RouteName` varchar(100) CHARACTER SET utf8mb4 COLLATE utf8mb4_general_ci NOT NULL COMMENT '路由名称',
  `RouteParams` text CHARACTER SET utf8mb4 COLLATE utf8mb4_general_ci NULL COMMENT '路由参数',
  `RouteQuery` text CHARACTER SET utf8mb4 COLLATE utf8mb4_general_ci NULL COMMENT '路由参数',
  `Icon` varchar(20) CHARACTER SET utf8mb4 COLLATE utf8mb4_general_ci NOT NULL COMMENT '图标',
  `IconColor` varchar(10) CHARACTER SET utf8mb4 COLLATE utf8mb4_general_ci NULL DEFAULT NULL COMMENT '图标颜色',
  `Url` varchar(255) CHARACTER SET utf8mb4 COLLATE utf8mb4_general_ci NOT NULL COMMENT '链接',
  `Level` int(11) NOT NULL COMMENT '等级',
  `Show` tinyint(4) NOT NULL COMMENT '是否显示',
  `Sort` int(11) NOT NULL COMMENT '排序',
  `Target` smallint(6) NOT NULL COMMENT '打开方式',
  `DialogWidth` varchar(20) CHARACTER SET utf8mb4 COLLATE utf8mb4_general_ci NULL DEFAULT NULL COMMENT '对话框宽度',
  `DialogHeight` varchar(20) CHARACTER SET utf8mb4 COLLATE utf8mb4_general_ci NULL DEFAULT NULL COMMENT '对话框高度',
  `DialogFullscreen` tinyint(4) NOT NULL COMMENT '对话框可全屏',
  `Remarks` varchar(255) CHARACTER SET utf8mb4 COLLATE utf8mb4_general_ci NULL DEFAULT NULL COMMENT '备注',
  `CreatedTime` datetime(0) NOT NULL COMMENT '创建时间',
  `CreatedBy` char(36) CHARACTER SET utf8mb4 COLLATE utf8mb4_general_ci NOT NULL COMMENT '创建人',
  `ModifiedTime` datetime(0) NOT NULL COMMENT '修改时间',
  `ModifiedBy` char(36) CHARACTER SET utf8mb4 COLLATE utf8mb4_general_ci NOT NULL COMMENT '修改人',
  PRIMARY KEY (`Id`) USING BTREE
) ENGINE = InnoDB CHARACTER SET = utf8mb4 COLLATE = utf8mb4_general_ci ROW_FORMAT = Dynamic;

-- ----------------------------
-- Records of menu
-- ----------------------------
INSERT INTO `menu` VALUES ('0404F457-1C32-BA61-8FAD-39ED2208BCD9', 'Admin', 1, '214E8C1A-6A87-C214-7FF9-39ED21E7CC27', '模块管理', 'admin_moduleinfo', '', '', 'app', '', '', 1, 1, 0, 0, '', '', 1, '', '2019-04-12 12:43:50', '2E23D1D9-4A72-ACC2-F6FF-39ED21CB6A4A', '2019-04-12 12:45:27', '2E23D1D9-4A72-ACC2-F6FF-39ED21CB6A4A');
INSERT INTO `menu` VALUES ('214E8C1A-6A87-C214-7FF9-39ED21E7CC27', '', 0, '00000000-0000-0000-0000-000000000000', '权限管理', '', '', '', 'verifycode', '', '', 0, 1, 0, -1, '', '', 1, '', '2019-04-12 12:07:52', '2E23D1D9-4A72-ACC2-F6FF-39ED21CB6A4A', '2019-04-12 12:07:52', '2E23D1D9-4A72-ACC2-F6FF-39ED21CB6A4A');
INSERT INTO `menu` VALUES ('24FD5F9A-F797-246A-7E80-39ED2243703E', '', 2, '00000000-0000-0000-0000-000000000000', '百度', '', '', '', 'transmit', '', 'https://www.baidu.com', 0, 1, 2, 0, '', '', 1, '', '2019-04-12 13:47:57', '2E23D1D9-4A72-ACC2-F6FF-39ED21CB6A4A', '2019-04-12 14:50:45', '2E23D1D9-4A72-ACC2-F6FF-39ED21CB6A4A');
INSERT INTO `menu` VALUES ('64BB88F0-AE8D-EFF9-C537-39ED22096F9B', 'Admin', 1, '214E8C1A-6A87-C214-7FF9-39ED21E7CC27', '账户管理', 'admin_account', '', '', 'user', '', '', 1, 1, 0, 0, '', '', 1, '', '2019-04-12 12:44:36', '2E23D1D9-4A72-ACC2-F6FF-39ED21CB6A4A', '2019-04-12 12:44:36', '2E23D1D9-4A72-ACC2-F6FF-39ED21CB6A4A');
INSERT INTO `menu` VALUES ('7F9DCB98-20B2-3556-A850-39ED2209AB84', 'Admin', 1, '214E8C1A-6A87-C214-7FF9-39ED21E7CC27', '系统配置', 'admin_system_config', '', '', 'system', '', '', 1, 1, 0, 0, '', '', 1, '', '2019-04-12 12:44:51', '2E23D1D9-4A72-ACC2-F6FF-39ED21CB6A4A', '2019-04-12 12:44:51', '2E23D1D9-4A72-ACC2-F6FF-39ED21CB6A4A');
INSERT INTO `menu` VALUES ('A74578DA-7B3B-8A7C-E54C-39ED22090F48', 'Admin', 1, '214E8C1A-6A87-C214-7FF9-39ED21E7CC27', '权限管理', 'admin_permission', '', '', 'permission', '', '', 1, 1, 0, 0, '', '', 1, '', '2019-04-12 12:44:11', '2E23D1D9-4A72-ACC2-F6FF-39ED21CB6A4A', '2019-04-12 12:48:43', '2E23D1D9-4A72-ACC2-F6FF-39ED21CB6A4A');
INSERT INTO `menu` VALUES ('A9105CA0-722C-66F5-844B-39ED220926A0', 'Admin', 1, '214E8C1A-6A87-C214-7FF9-39ED21E7CC27', '菜单管理', 'admin_menu', '', '', 'menu', '', '', 1, 1, 0, 0, '', '', 1, '', '2019-04-12 12:44:17', '2E23D1D9-4A72-ACC2-F6FF-39ED21CB6A4A', '2019-04-12 12:48:39', '2E23D1D9-4A72-ACC2-F6FF-39ED21CB6A4A');
INSERT INTO `menu` VALUES ('B09AAC3D-43B4-3327-9F05-39ED22098F00', 'Admin', 1, '214E8C1A-6A87-C214-7FF9-39ED21E7CC27', '审计日志', 'admin_auditinfo', '', '', 'log', '', '', 1, 1, 0, 0, '', '', 1, '', '2019-04-12 12:44:44', '2E23D1D9-4A72-ACC2-F6FF-39ED21CB6A4A', '2019-04-12 12:44:44', '2E23D1D9-4A72-ACC2-F6FF-39ED21CB6A4A');
INSERT INTO `menu` VALUES ('E38B0E46-A755-FF0F-012C-39ED2209462A', 'Admin', 1, '214E8C1A-6A87-C214-7FF9-39ED21E7CC27', '角色管理', 'admin_role', '', '', 'role', '', '', 1, 1, 0, 0, '', '', 1, '', '2019-04-12 12:44:26', '2E23D1D9-4A72-ACC2-F6FF-39ED21CB6A4A', '2019-04-12 12:45:44', '2E23D1D9-4A72-ACC2-F6FF-39ED21CB6A4A');

-- ----------------------------
-- Table structure for menu_permission
-- ----------------------------
DROP TABLE IF EXISTS `menu_permission`;
CREATE TABLE `menu_permission`  (
  `Id` int(11) NOT NULL AUTO_INCREMENT,
  `MenuId` char(36) CHARACTER SET utf8mb4 COLLATE utf8mb4_general_ci NOT NULL COMMENT '菜单编号',
  `PermissionId` char(36) CHARACTER SET utf8mb4 COLLATE utf8mb4_general_ci NOT NULL COMMENT '权限编号',
  PRIMARY KEY (`Id`) USING BTREE
) ENGINE = InnoDB CHARACTER SET = utf8mb4 COLLATE = utf8mb4_general_ci ROW_FORMAT = Dynamic;

-- ----------------------------
-- Records of menu_permission
-- ----------------------------
INSERT INTO `menu_permission` VALUES (1, '0404F457-1C32-BA61-8FAD-39ED2208BCD9', '0C882026-3B09-A715-698E-39ED221095C4');
INSERT INTO `menu_permission` VALUES (2, 'A74578DA-7B3B-8A7C-E54C-39ED22090F48', '369CA0D5-73B1-5DFF-0306-39ED221095D3');
INSERT INTO `menu_permission` VALUES (3, 'A9105CA0-722C-66F5-844B-39ED220926A0', '2073B60E-8AFD-4854-A206-39ED221095A4');
INSERT INTO `menu_permission` VALUES (4, 'A9105CA0-722C-66F5-844B-39ED220926A0', '21194FEB-9C9F-3FC6-A27B-39ED221095A3');
INSERT INTO `menu_permission` VALUES (5, 'E38B0E46-A755-FF0F-012C-39ED2209462A', 'D533353C-A241-C4F5-82BD-39ED221095DD');
INSERT INTO `menu_permission` VALUES (6, '64BB88F0-AE8D-EFF9-C537-39ED22096F9B', '4888619B-5D4A-6430-AD3A-39ED2210957F');
INSERT INTO `menu_permission` VALUES (8, 'B09AAC3D-43B4-3327-9F05-39ED22098F00', '3D58A917-A9E6-8FB4-AEF0-39ED22109590');
INSERT INTO `menu_permission` VALUES (9, '7F9DCB98-20B2-3556-A850-39ED2209AB84', '07B2C882-D6F8-E251-E5EC-39ED221095F6');
INSERT INTO `menu_permission` VALUES (10, '7F9DCB98-20B2-3556-A850-39ED2209AB84', 'E8080A42-912A-23F7-474A-39ED221095F8');

-- ----------------------------
-- Table structure for moduleinfo
-- ----------------------------
DROP TABLE IF EXISTS `moduleinfo`;
CREATE TABLE `moduleinfo`  (
  `Id` char(36) CHARACTER SET utf8mb4 COLLATE utf8mb4_general_ci NOT NULL,
  `Name` varchar(50) CHARACTER SET utf8mb4 COLLATE utf8mb4_general_ci NOT NULL COMMENT '名称',
  `Code` varchar(50) CHARACTER SET utf8mb4 COLLATE utf8mb4_general_ci NOT NULL COMMENT '编码',
  `Version` varchar(50) CHARACTER SET utf8mb4 COLLATE utf8mb4_general_ci NOT NULL COMMENT '版本号',
  `Remarks` text CHARACTER SET utf8mb4 COLLATE utf8mb4_general_ci NULL COMMENT '备注',
  `CreatedTime` datetime(0) NOT NULL COMMENT '创建时间',
  `CreatedBy` char(36) CHARACTER SET utf8mb4 COLLATE utf8mb4_general_ci NOT NULL COMMENT '创建人',
  `ModifiedTime` datetime(0) NOT NULL COMMENT '修改时间',
  `ModifiedBy` char(36) CHARACTER SET utf8mb4 COLLATE utf8mb4_general_ci NOT NULL COMMENT '修改人',
  PRIMARY KEY (`Id`) USING BTREE
) ENGINE = InnoDB CHARACTER SET = utf8mb4 COLLATE = utf8mb4_general_ci ROW_FORMAT = Dynamic;

-- ----------------------------
-- Records of moduleinfo
-- ----------------------------
INSERT INTO `moduleinfo` VALUES ('4B725AA5-D723-1F16-8612-39ED21CB69EF', '权限管理', 'Admin', '1.2.1', '', '2019-04-12 11:36:51', '00000000-0000-0000-0000-000000000000', '2019-04-15 09:20:04', '2e23d1d9-4a72-acc2-f6ff-39ed21cb6a4a');

-- ----------------------------
-- Table structure for permission
-- ----------------------------
DROP TABLE IF EXISTS `permission`;
CREATE TABLE `permission`  (
  `Id` char(36) CHARACTER SET utf8mb4 COLLATE utf8mb4_general_ci NOT NULL,
  `Name` varchar(255) CHARACTER SET utf8mb4 COLLATE utf8mb4_general_ci NOT NULL COMMENT '名称',
  `ModuleCode` varchar(50) CHARACTER SET utf8mb4 COLLATE utf8mb4_general_ci NOT NULL COMMENT '模块编码',
  `Controller` varchar(50) CHARACTER SET utf8mb4 COLLATE utf8mb4_general_ci NOT NULL COMMENT '控制器',
  `Action` varchar(50) CHARACTER SET utf8mb4 COLLATE utf8mb4_general_ci NOT NULL COMMENT '动作',
  `CreatedTime` datetime(0) NOT NULL COMMENT '创建时间',
  `CreatedBy` char(36) CHARACTER SET utf8mb4 COLLATE utf8mb4_general_ci NOT NULL COMMENT '创建人',
  `ModifiedTime` datetime(0) NOT NULL COMMENT '修改时间',
  `ModifiedBy` char(36) CHARACTER SET utf8mb4 COLLATE utf8mb4_general_ci NOT NULL COMMENT '修改人',
  PRIMARY KEY (`Id`) USING BTREE
) ENGINE = InnoDB CHARACTER SET = utf8mb4 COLLATE = utf8mb4_general_ci ROW_FORMAT = Dynamic;

-- ----------------------------
-- Records of permission
-- ----------------------------
INSERT INTO `permission` VALUES ('024C22B5-DAC2-F91C-33D3-39ED221095F5', '角色管理_下拉列表数据', 'Admin', 'Role', 'Select', '2019-04-12 12:52:25', '2E23D1D9-4A72-ACC2-F6FF-39ED21CB6A4A', '2019-04-12 16:24:43', '2E23D1D9-4A72-ACC2-F6FF-39ED21CB6A4A');
INSERT INTO `permission` VALUES ('07B2C882-D6F8-E251-E5EC-39ED221095F6', '系统_修改系统配置', 'Admin', 'System', 'Config', '2019-04-12 12:52:25', '2E23D1D9-4A72-ACC2-F6FF-39ED21CB6A4A', '2019-04-12 16:24:43', '2E23D1D9-4A72-ACC2-F6FF-39ED21CB6A4A');
INSERT INTO `permission` VALUES ('0C882026-3B09-A715-698E-39ED221095C4', '模块信息_查询', 'Admin', 'ModuleInfo', 'Query', '2019-04-12 12:52:25', '2E23D1D9-4A72-ACC2-F6FF-39ED21CB6A4A', '2019-04-12 16:24:43', '2E23D1D9-4A72-ACC2-F6FF-39ED21CB6A4A');
INSERT INTO `permission` VALUES ('131F5777-26DA-9A17-15B6-39ED2210959D', '按钮管理_删除', 'Admin', 'Button', 'Delete', '2019-04-12 12:52:25', '2E23D1D9-4A72-ACC2-F6FF-39ED21CB6A4A', '2019-04-12 16:24:43', '2E23D1D9-4A72-ACC2-F6FF-39ED21CB6A4A');
INSERT INTO `permission` VALUES ('16C7E2BC-A808-55D1-64D6-39ED22109572', '账户管理_绑定角色', 'Admin', 'Account', 'BindRole', '2019-04-12 12:52:25', '2E23D1D9-4A72-ACC2-F6FF-39ED21CB6A4A', '2019-04-12 16:24:43', '2E23D1D9-4A72-ACC2-F6FF-39ED21CB6A4A');
INSERT INTO `permission` VALUES ('2073B60E-8AFD-4854-A206-39ED221095A4', '菜单管理_查询菜单列表', 'Admin', 'Menu', 'Query', '2019-04-12 12:52:25', '2E23D1D9-4A72-ACC2-F6FF-39ED21CB6A4A', '2019-04-12 16:24:43', '2E23D1D9-4A72-ACC2-F6FF-39ED21CB6A4A');
INSERT INTO `permission` VALUES ('21194FEB-9C9F-3FC6-A27B-39ED221095A3', '菜单管理_菜单树', 'Admin', 'Menu', 'Tree', '2019-04-12 12:52:25', '2E23D1D9-4A72-ACC2-F6FF-39ED21CB6A4A', '2019-04-12 16:24:43', '2E23D1D9-4A72-ACC2-F6FF-39ED21CB6A4A');
INSERT INTO `permission` VALUES ('21CB159F-DDDD-9AAE-90EE-39ED221095E1', '角色管理_添加', 'Admin', 'Role', 'Add', '2019-04-12 12:52:25', '2E23D1D9-4A72-ACC2-F6FF-39ED21CB6A4A', '2019-04-12 16:24:43', '2E23D1D9-4A72-ACC2-F6FF-39ED21CB6A4A');
INSERT INTO `permission` VALUES ('2BAA7B7D-94A9-9F13-D009-39ED22109581', '账户管理_编辑', 'Admin', 'Account', 'Edit', '2019-04-12 12:52:25', '2E23D1D9-4A72-ACC2-F6FF-39ED21CB6A4A', '2019-04-12 16:24:43', '2E23D1D9-4A72-ACC2-F6FF-39ED21CB6A4A');
INSERT INTO `permission` VALUES ('2F075121-FF29-B379-88E0-39ED221095FE', '系统_获取指定模块的Controller下拉列表', 'Admin', 'System', 'AllController', '2019-04-12 12:52:25', '2E23D1D9-4A72-ACC2-F6FF-39ED21CB6A4A', '2019-04-12 16:24:43', '2E23D1D9-4A72-ACC2-F6FF-39ED21CB6A4A');
INSERT INTO `permission` VALUES ('369CA0D5-73B1-5DFF-0306-39ED221095D3', '权限接口_查询', 'Admin', 'Permission', 'Query', '2019-04-12 12:52:25', '2E23D1D9-4A72-ACC2-F6FF-39ED21CB6A4A', '2019-04-12 16:24:43', '2E23D1D9-4A72-ACC2-F6FF-39ED21CB6A4A');
INSERT INTO `permission` VALUES ('3C8918F7-15CC-8493-F61B-39ED221095C2', '菜单管理_获取菜单的按钮列表', 'Admin', 'Menu', 'ButtonList', '2019-04-12 12:52:25', '2E23D1D9-4A72-ACC2-F6FF-39ED21CB6A4A', '2019-04-12 16:24:43', '2E23D1D9-4A72-ACC2-F6FF-39ED21CB6A4A');
INSERT INTO `permission` VALUES ('3D58A917-A9E6-8FB4-AEF0-39ED22109590', '审计信息_查询', 'Admin', 'AuditInfo', 'Query', '2019-04-12 12:52:25', '2E23D1D9-4A72-ACC2-F6FF-39ED21CB6A4A', '2019-04-12 16:24:43', '2E23D1D9-4A72-ACC2-F6FF-39ED21CB6A4A');
INSERT INTO `permission` VALUES ('3DE2E2DD-2E1A-BBCA-9162-39ED221095BF', '菜单管理_获取菜单的权限列表', 'Admin', 'Menu', 'PermissionList', '2019-04-12 12:52:25', '2E23D1D9-4A72-ACC2-F6FF-39ED21CB6A4A', '2019-04-12 16:24:43', '2E23D1D9-4A72-ACC2-F6FF-39ED21CB6A4A');
INSERT INTO `permission` VALUES ('40A6A7CB-C7F2-3065-7640-39ED2210959F', '按钮管理_获取按钮绑定的权限列表', 'Admin', 'Button', 'PermissionList', '2019-04-12 12:52:25', '2E23D1D9-4A72-ACC2-F6FF-39ED21CB6A4A', '2019-04-12 16:24:43', '2E23D1D9-4A72-ACC2-F6FF-39ED21CB6A4A');
INSERT INTO `permission` VALUES ('453FEF51-1D67-3C8D-10B5-39ED221095D6', '权限接口_删除', 'Admin', 'Permission', 'Delete', '2019-04-12 12:52:25', '2E23D1D9-4A72-ACC2-F6FF-39ED21CB6A4A', '2019-04-12 16:24:43', '2E23D1D9-4A72-ACC2-F6FF-39ED21CB6A4A');
INSERT INTO `permission` VALUES ('46F7F154-2B89-3F80-CC18-39ED221095F1', '角色管理_获取角色关联的菜单按钮列表', 'Admin', 'Role', 'MenuButtonList', '2019-04-12 12:52:25', '2E23D1D9-4A72-ACC2-F6FF-39ED21CB6A4A', '2019-04-12 16:24:43', '2E23D1D9-4A72-ACC2-F6FF-39ED21CB6A4A');
INSERT INTO `permission` VALUES ('479A4F27-08DB-C255-B993-39ED22109580', '账户管理_添加', 'Admin', 'Account', 'Add', '2019-04-12 12:52:25', '2E23D1D9-4A72-ACC2-F6FF-39ED21CB6A4A', '2019-04-12 16:24:43', '2E23D1D9-4A72-ACC2-F6FF-39ED21CB6A4A');
INSERT INTO `permission` VALUES ('4888619B-5D4A-6430-AD3A-39ED2210957F', '账户管理_查询', 'Admin', 'Account', 'Query', '2019-04-12 12:52:25', '2E23D1D9-4A72-ACC2-F6FF-39ED21CB6A4A', '2019-04-12 16:24:43', '2E23D1D9-4A72-ACC2-F6FF-39ED21CB6A4A');
INSERT INTO `permission` VALUES ('4B6EE44F-89F4-B657-2887-39ED221095ED', '角色管理_绑定菜单', 'Admin', 'Role', 'BindMenu', '2019-04-12 12:52:25', '2E23D1D9-4A72-ACC2-F6FF-39ED21CB6A4A', '2019-04-12 16:24:43', '2E23D1D9-4A72-ACC2-F6FF-39ED21CB6A4A');
INSERT INTO `permission` VALUES ('5E13BBC7-40C0-78F0-9700-39ED2210958E', '账户管理_重置密码', 'Admin', 'Account', 'ResetPassword', '2019-04-12 12:52:25', '2E23D1D9-4A72-ACC2-F6FF-39ED21CB6A4A', '2019-04-12 16:24:43', '2E23D1D9-4A72-ACC2-F6FF-39ED21CB6A4A');
INSERT INTO `permission` VALUES ('60DE5DBA-7E79-658E-8A5F-39ED22109583', '账户管理_更新', 'Admin', 'Account', 'Update', '2019-04-12 12:52:25', '2E23D1D9-4A72-ACC2-F6FF-39ED21CB6A4A', '2019-04-12 16:24:43', '2E23D1D9-4A72-ACC2-F6FF-39ED21CB6A4A');
INSERT INTO `permission` VALUES ('63237D43-54F2-5E06-2CEA-39ED221095B4', '菜单管理_更新', 'Admin', 'Menu', 'Update', '2019-04-12 12:52:25', '2E23D1D9-4A72-ACC2-F6FF-39ED21CB6A4A', '2019-04-12 16:24:43', '2E23D1D9-4A72-ACC2-F6FF-39ED21CB6A4A');
INSERT INTO `permission` VALUES ('6528A89E-55E0-55E3-10AE-39ED221095AD', '菜单管理_添加', 'Admin', 'Menu', 'Add', '2019-04-12 12:52:25', '2E23D1D9-4A72-ACC2-F6FF-39ED21CB6A4A', '2019-04-12 16:24:43', '2E23D1D9-4A72-ACC2-F6FF-39ED21CB6A4A');
INSERT INTO `permission` VALUES ('6E4BD745-6ADD-D321-03A3-39ED221095E4', '角色管理_编辑', 'Admin', 'Role', 'Edit', '2019-04-12 12:52:25', '2E23D1D9-4A72-ACC2-F6FF-39ED21CB6A4A', '2019-04-12 16:24:43', '2E23D1D9-4A72-ACC2-F6FF-39ED21CB6A4A');
INSERT INTO `permission` VALUES ('70581745-E062-DCD0-C19C-39ED221095C5', '模块信息_同步模块数据', 'Admin', 'ModuleInfo', 'Sync', '2019-04-12 12:52:25', '2E23D1D9-4A72-ACC2-F6FF-39ED21CB6A4A', '2019-04-12 16:24:43', '2E23D1D9-4A72-ACC2-F6FF-39ED21CB6A4A');
INSERT INTO `permission` VALUES ('753BC64A-A40C-E4C4-698D-39ED221095CC', '模块信息_删除', 'Admin', 'ModuleInfo', 'Delete', '2019-04-12 12:52:25', '2E23D1D9-4A72-ACC2-F6FF-39ED21CB6A4A', '2019-04-12 16:24:43', '2E23D1D9-4A72-ACC2-F6FF-39ED21CB6A4A');
INSERT INTO `permission` VALUES ('79429274-CFCF-30F1-2B1E-39ED221095BA', '菜单管理_详情', 'Admin', 'Menu', 'Details', '2019-04-12 12:52:25', '2E23D1D9-4A72-ACC2-F6FF-39ED21CB6A4A', '2019-04-12 16:24:43', '2E23D1D9-4A72-ACC2-F6FF-39ED21CB6A4A');
INSERT INTO `permission` VALUES ('941B90CA-7BF7-FA66-21F4-39ED221095E5', '角色管理_修改', 'Admin', 'Role', 'Update', '2019-04-12 12:52:25', '2E23D1D9-4A72-ACC2-F6FF-39ED21CB6A4A', '2019-04-12 16:24:43', '2E23D1D9-4A72-ACC2-F6FF-39ED21CB6A4A');
INSERT INTO `permission` VALUES ('B93930AE-B840-D1A1-B19E-39ED221095D5', '权限接口_同步', 'Admin', 'Permission', 'Sync', '2019-04-12 12:52:25', '2E23D1D9-4A72-ACC2-F6FF-39ED21CB6A4A', '2019-04-12 16:24:43', '2E23D1D9-4A72-ACC2-F6FF-39ED21CB6A4A');
INSERT INTO `permission` VALUES ('BD77531E-9146-AC03-B2D0-39ED221095C1', '菜单管理_绑定权限', 'Admin', 'Menu', 'BindPermission', '2019-04-12 12:52:25', '2E23D1D9-4A72-ACC2-F6FF-39ED21CB6A4A', '2019-04-12 16:24:43', '2E23D1D9-4A72-ACC2-F6FF-39ED21CB6A4A');
INSERT INTO `permission` VALUES ('C1580441-4CC5-6733-E9DF-39ED221095B3', '菜单管理_编辑', 'Admin', 'Menu', 'Edit', '2019-04-12 12:52:25', '2E23D1D9-4A72-ACC2-F6FF-39ED21CB6A4A', '2019-04-12 16:24:43', '2E23D1D9-4A72-ACC2-F6FF-39ED21CB6A4A');
INSERT INTO `permission` VALUES ('C1699E04-4AD0-DF03-B375-39ED22109602', '系统_获取指定模块和Controller的Action下拉列表', 'Admin', 'System', 'AllAction', '2019-04-12 12:52:25', '2E23D1D9-4A72-ACC2-F6FF-39ED21CB6A4A', '2019-04-12 16:24:43', '2E23D1D9-4A72-ACC2-F6FF-39ED21CB6A4A');
INSERT INTO `permission` VALUES ('C26BB465-8C89-51F9-A71F-39ED22109597', '按钮管理_同步', 'Admin', 'Button', 'Sync', '2019-04-12 12:52:25', '2E23D1D9-4A72-ACC2-F6FF-39ED21CB6A4A', '2019-04-12 16:24:43', '2E23D1D9-4A72-ACC2-F6FF-39ED21CB6A4A');
INSERT INTO `permission` VALUES ('CFD7E4EA-2592-3B9A-6780-39ED221095A1', '按钮管理_绑定权限', 'Admin', 'Button', 'BindPermission', '2019-04-12 12:52:25', '2E23D1D9-4A72-ACC2-F6FF-39ED21CB6A4A', '2019-04-12 16:24:43', '2E23D1D9-4A72-ACC2-F6FF-39ED21CB6A4A');
INSERT INTO `permission` VALUES ('D4BD9D65-8540-9463-762F-39ED22109589', '账户管理_删除', 'Admin', 'Account', 'Delete', '2019-04-12 12:52:25', '2E23D1D9-4A72-ACC2-F6FF-39ED21CB6A4A', '2019-04-12 16:24:43', '2E23D1D9-4A72-ACC2-F6FF-39ED21CB6A4A');
INSERT INTO `permission` VALUES ('D533353C-A241-C4F5-82BD-39ED221095DD', '角色管理_查询', 'Admin', 'Role', 'Query', '2019-04-12 12:52:25', '2E23D1D9-4A72-ACC2-F6FF-39ED21CB6A4A', '2019-04-12 16:24:43', '2E23D1D9-4A72-ACC2-F6FF-39ED21CB6A4A');
INSERT INTO `permission` VALUES ('DAD12ACD-CC26-AC17-4FF6-39ED221095E3', '角色管理_删除', 'Admin', 'Role', 'Delete', '2019-04-12 12:52:25', '2E23D1D9-4A72-ACC2-F6FF-39ED21CB6A4A', '2019-04-12 16:24:43', '2E23D1D9-4A72-ACC2-F6FF-39ED21CB6A4A');
INSERT INTO `permission` VALUES ('DC464A46-960C-DD10-0713-39ED221095E7', '角色管理_获取角色的关联菜单列表', 'Admin', 'Role', 'MenuList', '2019-04-12 12:52:25', '2E23D1D9-4A72-ACC2-F6FF-39ED21CB6A4A', '2019-04-12 16:24:43', '2E23D1D9-4A72-ACC2-F6FF-39ED21CB6A4A');
INSERT INTO `permission` VALUES ('E1F86178-2204-72BD-8C55-39ED221095F3', '角色管理_绑定菜单按钮', 'Admin', 'Role', 'BindMenuButton', '2019-04-12 12:52:25', '2E23D1D9-4A72-ACC2-F6FF-39ED21CB6A4A', '2019-04-12 16:24:43', '2E23D1D9-4A72-ACC2-F6FF-39ED21CB6A4A');
INSERT INTO `permission` VALUES ('E8080A42-912A-23F7-474A-39ED221095F8', '系统_上传Logo', 'Admin', 'System', 'UploadLogo', '2019-04-12 12:52:25', '2E23D1D9-4A72-ACC2-F6FF-39ED21CB6A4A', '2019-04-12 16:24:43', '2E23D1D9-4A72-ACC2-F6FF-39ED21CB6A4A');
INSERT INTO `permission` VALUES ('EB48579B-94A3-2DC8-AE5E-39ED22109593', '按钮管理_查询', 'Admin', 'Button', 'Query', '2019-04-12 12:52:25', '2E23D1D9-4A72-ACC2-F6FF-39ED21CB6A4A', '2019-04-12 16:24:43', '2E23D1D9-4A72-ACC2-F6FF-39ED21CB6A4A');
INSERT INTO `permission` VALUES ('F3959EB5-2CC2-AED6-67FC-39ED221095B0', '菜单管理_删除', 'Admin', 'Menu', 'Delete', '2019-04-12 12:52:25', '2E23D1D9-4A72-ACC2-F6FF-39ED21CB6A4A', '2019-04-12 16:24:43', '2E23D1D9-4A72-ACC2-F6FF-39ED21CB6A4A');
INSERT INTO `permission` VALUES ('F6B17ECC-900F-0547-F1E6-39ED22109591', '审计信息_详情', 'Admin', 'AuditInfo', 'Details', '2019-04-12 12:52:25', '2E23D1D9-4A72-ACC2-F6FF-39ED21CB6A4A', '2019-04-12 16:24:43', '2E23D1D9-4A72-ACC2-F6FF-39ED21CB6A4A');
INSERT INTO `permission` VALUES ('F9A16174-575B-6C3B-3F9D-39ED221095D1', '模块信息_下拉列表数据', 'Admin', 'ModuleInfo', 'Select', '2019-04-12 12:52:25', '2E23D1D9-4A72-ACC2-F6FF-39ED21CB6A4A', '2019-04-12 16:24:43', '2E23D1D9-4A72-ACC2-F6FF-39ED21CB6A4A');

-- ----------------------------
-- Table structure for role
-- ----------------------------
DROP TABLE IF EXISTS `role`;
CREATE TABLE `role`  (
  `Id` char(36) CHARACTER SET utf8mb4 COLLATE utf8mb4_general_ci NOT NULL,
  `Name` varchar(50) CHARACTER SET utf8mb4 COLLATE utf8mb4_general_ci NOT NULL COMMENT '名称',
  `Remarks` varchar(255) CHARACTER SET utf8mb4 COLLATE utf8mb4_general_ci NULL DEFAULT NULL COMMENT '备注',
  `CreatedTime` datetime(0) NOT NULL COMMENT '创建时间',
  `CreatedBy` char(36) CHARACTER SET utf8mb4 COLLATE utf8mb4_general_ci NOT NULL COMMENT '创建人',
  `ModifiedTime` datetime(0) NOT NULL COMMENT '修改时间',
  `ModifiedBy` char(36) CHARACTER SET utf8mb4 COLLATE utf8mb4_general_ci NOT NULL COMMENT '修改人',
  `Deleted` tinyint(4) NOT NULL COMMENT '已删除',
  `DeletedTime` datetime(0) NOT NULL COMMENT '删除时间',
  `DeletedBy` char(36) CHARACTER SET utf8mb4 COLLATE utf8mb4_general_ci NULL DEFAULT NULL COMMENT '删除人',
  PRIMARY KEY (`Id`) USING BTREE
) ENGINE = InnoDB CHARACTER SET = utf8mb4 COLLATE = utf8mb4_general_ci ROW_FORMAT = Dynamic;

-- ----------------------------
-- Records of role
-- ----------------------------
INSERT INTO `role` VALUES ('1CB0D69C-6373-3B46-51B8-39ED21CB6A2D', '系统管理员', NULL, '2019-04-12 11:36:52', '00000000-0000-0000-0000-000000000000', '2019-04-12 11:36:52', '00000000-0000-0000-0000-000000000000', 0, '2019-04-12 11:36:52', '00000000-0000-0000-0000-000000000000');

-- ----------------------------
-- Table structure for role_menu
-- ----------------------------
DROP TABLE IF EXISTS `role_menu`;
CREATE TABLE `role_menu`  (
  `Id` int(11) NOT NULL AUTO_INCREMENT,
  `RoleId` char(36) CHARACTER SET utf8mb4 COLLATE utf8mb4_general_ci NOT NULL COMMENT '角色编号',
  `MenuId` char(36) CHARACTER SET utf8mb4 COLLATE utf8mb4_general_ci NOT NULL COMMENT '菜单编号',
  PRIMARY KEY (`Id`) USING BTREE
) ENGINE = InnoDB CHARACTER SET = utf8mb4 COLLATE = utf8mb4_general_ci ROW_FORMAT = Dynamic;

-- ----------------------------
-- Records of role_menu
-- ----------------------------
INSERT INTO `role_menu` VALUES (250, '1CB0D69C-6373-3B46-51B8-39ED21CB6A2D', '214E8C1A-6A87-C214-7FF9-39ED21E7CC27');
INSERT INTO `role_menu` VALUES (251, '1CB0D69C-6373-3B46-51B8-39ED21CB6A2D', '0404F457-1C32-BA61-8FAD-39ED2208BCD9');
INSERT INTO `role_menu` VALUES (252, '1CB0D69C-6373-3B46-51B8-39ED21CB6A2D', 'A74578DA-7B3B-8A7C-E54C-39ED22090F48');
INSERT INTO `role_menu` VALUES (253, '1CB0D69C-6373-3B46-51B8-39ED21CB6A2D', 'A9105CA0-722C-66F5-844B-39ED220926A0');
INSERT INTO `role_menu` VALUES (254, '1CB0D69C-6373-3B46-51B8-39ED21CB6A2D', 'E38B0E46-A755-FF0F-012C-39ED2209462A');
INSERT INTO `role_menu` VALUES (255, '1CB0D69C-6373-3B46-51B8-39ED21CB6A2D', '64BB88F0-AE8D-EFF9-C537-39ED22096F9B');
INSERT INTO `role_menu` VALUES (256, '1CB0D69C-6373-3B46-51B8-39ED21CB6A2D', 'B09AAC3D-43B4-3327-9F05-39ED22098F00');
INSERT INTO `role_menu` VALUES (257, '1CB0D69C-6373-3B46-51B8-39ED21CB6A2D', '7F9DCB98-20B2-3556-A850-39ED2209AB84');
INSERT INTO `role_menu` VALUES (258, '1CB0D69C-6373-3B46-51B8-39ED21CB6A2D', '24FD5F9A-F797-246A-7E80-39ED2243703E');

-- ----------------------------
-- Table structure for role_menu_button
-- ----------------------------
DROP TABLE IF EXISTS `role_menu_button`;
CREATE TABLE `role_menu_button`  (
  `Id` int(11) NOT NULL AUTO_INCREMENT,
  `RoleId` char(36) CHARACTER SET utf8mb4 COLLATE utf8mb4_general_ci NOT NULL,
  `MenuId` char(36) CHARACTER SET utf8mb4 COLLATE utf8mb4_general_ci NOT NULL,
  `ButtonId` char(36) CHARACTER SET utf8mb4 COLLATE utf8mb4_general_ci NOT NULL,
  PRIMARY KEY (`Id`) USING BTREE
) ENGINE = InnoDB CHARACTER SET = utf8mb4 COLLATE = utf8mb4_general_ci ROW_FORMAT = Dynamic;

-- ----------------------------
-- Records of role_menu_button
-- ----------------------------
INSERT INTO `role_menu_button` VALUES (1, '1CB0D69C-6373-3B46-51B8-39ED21CB6A2D', '0404F457-1C32-BA61-8FAD-39ED2208BCD9', '40F1BFDB-22BD-0DA1-3942-39ED220DF27F');
INSERT INTO `role_menu_button` VALUES (2, '1CB0D69C-6373-3B46-51B8-39ED21CB6A2D', '0404F457-1C32-BA61-8FAD-39ED2208BCD9', '181F6B49-4E36-8620-DC51-39ED220DF287');
INSERT INTO `role_menu_button` VALUES (3, '1CB0D69C-6373-3B46-51B8-39ED21CB6A2D', 'A74578DA-7B3B-8A7C-E54C-39ED22090F48', 'EF881C51-DE63-8572-250B-39ED2211C64A');
INSERT INTO `role_menu_button` VALUES (4, '1CB0D69C-6373-3B46-51B8-39ED21CB6A2D', 'A74578DA-7B3B-8A7C-E54C-39ED22090F48', '97727921-F069-AFAB-CFF8-39ED2211C64D');
INSERT INTO `role_menu_button` VALUES (5, '1CB0D69C-6373-3B46-51B8-39ED21CB6A2D', 'A9105CA0-722C-66F5-844B-39ED220926A0', '99EB627E-7E79-B36A-1C3C-39ED2213BE3E');
INSERT INTO `role_menu_button` VALUES (6, '1CB0D69C-6373-3B46-51B8-39ED21CB6A2D', 'A9105CA0-722C-66F5-844B-39ED220926A0', 'B4EAAE9E-6D8D-4C28-F832-39ED2213BE41');
INSERT INTO `role_menu_button` VALUES (7, '1CB0D69C-6373-3B46-51B8-39ED21CB6A2D', 'A9105CA0-722C-66F5-844B-39ED220926A0', '1FC9841E-CCBA-4B85-41C6-39ED2213BE42');
INSERT INTO `role_menu_button` VALUES (8, '1CB0D69C-6373-3B46-51B8-39ED21CB6A2D', 'A9105CA0-722C-66F5-844B-39ED220926A0', '6309893F-188F-16DB-CA2E-39ED2213BE43');
INSERT INTO `role_menu_button` VALUES (9, '1CB0D69C-6373-3B46-51B8-39ED21CB6A2D', 'A9105CA0-722C-66F5-844B-39ED220926A0', '64A397A3-F185-F740-5FD8-39ED2213BE46');
INSERT INTO `role_menu_button` VALUES (10, '1CB0D69C-6373-3B46-51B8-39ED21CB6A2D', 'E38B0E46-A755-FF0F-012C-39ED2209462A', '13EE6243-46B6-AE86-A1AA-39ED22360378');
INSERT INTO `role_menu_button` VALUES (11, '1CB0D69C-6373-3B46-51B8-39ED21CB6A2D', 'E38B0E46-A755-FF0F-012C-39ED2209462A', 'C8C65374-9DB0-98ED-9C41-39ED2236037B');
INSERT INTO `role_menu_button` VALUES (12, '1CB0D69C-6373-3B46-51B8-39ED21CB6A2D', 'E38B0E46-A755-FF0F-012C-39ED2209462A', '6443BABB-3005-3393-CFA3-39ED2236037E');
INSERT INTO `role_menu_button` VALUES (13, '1CB0D69C-6373-3B46-51B8-39ED21CB6A2D', 'E38B0E46-A755-FF0F-012C-39ED2209462A', '7FCB3809-1893-BD91-CE50-39ED22360380');
INSERT INTO `role_menu_button` VALUES (14, '1CB0D69C-6373-3B46-51B8-39ED21CB6A2D', '64BB88F0-AE8D-EFF9-C537-39ED22096F9B', 'A83923D1-7AA3-107B-C72D-39ED2238C64F');
INSERT INTO `role_menu_button` VALUES (15, '1CB0D69C-6373-3B46-51B8-39ED21CB6A2D', '64BB88F0-AE8D-EFF9-C537-39ED22096F9B', '02AA62D0-2944-EABE-ED49-39ED2238C652');
INSERT INTO `role_menu_button` VALUES (16, '1CB0D69C-6373-3B46-51B8-39ED21CB6A2D', '64BB88F0-AE8D-EFF9-C537-39ED22096F9B', '40CCB97F-49B2-24AD-BFD7-39ED2238C653');
INSERT INTO `role_menu_button` VALUES (17, '1CB0D69C-6373-3B46-51B8-39ED21CB6A2D', '64BB88F0-AE8D-EFF9-C537-39ED22096F9B', 'F92EE62D-1499-C296-E25C-39ED2238C655');
INSERT INTO `role_menu_button` VALUES (18, '1CB0D69C-6373-3B46-51B8-39ED21CB6A2D', 'B09AAC3D-43B4-3327-9F05-39ED22098F00', '62C2CB73-EEC9-DEA5-C020-39ED223C4590');

SET FOREIGN_KEY_CHECKS = 1;
