INSERT INTO "Account" VALUES ('39F08CFD-8E0D-771B-A2F3-2639A62CA2FA', 0, 0, 'admin', 'E739279CB28CDAFD7373618313803524', '管理员', '', '', 1, 0, '2019-09-29 10:19:21', '00000000-0000-0000-0000-000000000000', 0, '2019-09-29 10:19:21', '00000000-0000-0000-0000-000000000000', '2020-01-14 15:20:04', '39F08CFD-8E0D-771B-A2F3-2639A62CA2FA', '2019-09-29 10:19:21', '00000000-0000-0000-0000-000000000000');
INSERT INTO "Account_Config" VALUES (1, 0, '39F08CFD-8E0D-771B-A2F3-2639A62CA2FA', 'pretty', 'default', 'small');
INSERT INTO "Account_Role" VALUES (1, 0, '39F08CFD-8E0D-771B-A2F3-2639A62CA2FA', '39F08CFD-8DD0-BB54-4544-C2DC43C6CA38');
INSERT INTO "Button" VALUES ('39F3C49C-9F53-DF6B-BDE6-046073EEC059', 0, 'admin_cache', '清除', 'delete', 'admin_cache_clear', '2020-03-07 08:40:34.8983049', '39F08CFD-8E0D-771B-A2F3-2639A62CA2FA', '2020-03-07 08:40:34.898308', '39F08CFD-8E0D-771B-A2F3-2639A62CA2FA');
INSERT INTO "Button" VALUES ('39F3C49C-ED82-7E34-4FAC-550444D13E14', 0, 'admin_menu', '添加', 'add', 'admin_menu_add', '2020-03-07 08:40:54.9138836', '39F08CFD-8E0D-771B-A2F3-2639A62CA2FA', '2020-03-07 08:40:54.9138919', '39F08CFD-8E0D-771B-A2F3-2639A62CA2FA');
INSERT INTO "Button" VALUES ('39F3C49C-EDE5-837D-4A08-746A4794D160', 0, 'admin_menu', '编辑', 'edit', 'admin_menu_edit', '2020-03-07 08:40:55.0135049', '39F08CFD-8E0D-771B-A2F3-2639A62CA2FA', '2020-03-07 08:40:55.0135067', '39F08CFD-8E0D-771B-A2F3-2639A62CA2FA');
INSERT INTO "Button" VALUES ('39F3C49C-EE67-9EAC-BD42-2AF470D70385', 0, 'admin_menu', '删除', 'delete', 'admin_menu_del', '2020-03-07 08:40:55.1434201', '39F08CFD-8E0D-771B-A2F3-2639A62CA2FA', '2020-03-07 08:40:55.1434224', '39F08CFD-8E0D-771B-A2F3-2639A62CA2FA');
INSERT INTO "Button" VALUES ('39F3C49C-EEA9-FAA1-BCC6-23F892D195B7', 0, 'admin_menu', '排序', 'sort', 'admin_menu_sort', '2020-03-07 08:40:55.2097666', '39F08CFD-8E0D-771B-A2F3-2639A62CA2FA', '2020-03-07 08:40:55.2097681', '39F08CFD-8E0D-771B-A2F3-2639A62CA2FA');
INSERT INTO "Button" VALUES ('39F3C49D-0035-662E-8E92-CF0B0EF43855', 0, 'admin_role', '添加', 'add', 'admin_role_add', '2020-03-07 08:40:59.7018491', '39F08CFD-8E0D-771B-A2F3-2639A62CA2FA', '2020-03-07 08:40:59.701857', '39F08CFD-8E0D-771B-A2F3-2639A62CA2FA');
INSERT INTO "Button" VALUES ('39F3C49D-0084-78DE-1B55-23BB917DBDCD', 0, 'admin_role', '编辑', 'edit', 'admin_role_edit', '2020-03-07 08:40:59.7803683', '39F08CFD-8E0D-771B-A2F3-2639A62CA2FA', '2020-03-07 08:40:59.7803789', '39F08CFD-8E0D-771B-A2F3-2639A62CA2FA');
INSERT INTO "Button" VALUES ('39F3C49D-00F7-C590-62C8-3569297D9146', 0, 'admin_role', '删除', 'delete', 'admin_role_del', '2020-03-07 08:40:59.8953845', '39F08CFD-8E0D-771B-A2F3-2639A62CA2FA', '2020-03-07 08:40:59.8953891', '39F08CFD-8E0D-771B-A2F3-2639A62CA2FA');
INSERT INTO "Button" VALUES ('39F3C49D-0146-3473-B0C2-9F9F321137EF', 0, 'admin_role', '绑定菜单', 'bind', 'admin_role_bind_menu', '2020-03-07 08:40:59.9746938', '39F08CFD-8E0D-771B-A2F3-2639A62CA2FA', '2020-03-07 08:40:59.9746951', '39F08CFD-8E0D-771B-A2F3-2639A62CA2FA');
INSERT INTO "Button" VALUES ('39F3C49D-01C6-750C-7855-0D009B351D1B', 0, 'admin_role', '平台权限', 'android', 'admin_role_bind_permission', '2020-03-07 08:41:00.1023308', '39F08CFD-8E0D-771B-A2F3-2639A62CA2FA', '2020-03-07 08:41:00.1023326', '39F08CFD-8E0D-771B-A2F3-2639A62CA2FA');
INSERT INTO "Button" VALUES ('39F3C49D-0F00-050E-F52F-2E1AA73D0F6B', 0, 'admin_account', '添加', 'add', 'admin_account_add', '2020-03-07 08:41:03.4880924', '39F08CFD-8E0D-771B-A2F3-2639A62CA2FA', '2020-03-07 08:41:03.4880932', '39F08CFD-8E0D-771B-A2F3-2639A62CA2FA');
INSERT INTO "Button" VALUES ('39F3C49D-0F50-B447-D344-D9C587E19736', 0, 'admin_account', '编辑', 'edit', 'admin_account_edit', '2020-03-07 08:41:03.5679908', '39F08CFD-8E0D-771B-A2F3-2639A62CA2FA', '2020-03-07 08:41:03.5679935', '39F08CFD-8E0D-771B-A2F3-2639A62CA2FA');
INSERT INTO "Button" VALUES ('39F3C49D-0FD9-68D3-6291-EB1E11BF1F91', 0, 'admin_account', '删除', 'delete', 'admin_account_del', '2020-03-07 08:41:03.7051281', '39F08CFD-8E0D-771B-A2F3-2639A62CA2FA', '2020-03-07 08:41:03.7051354', '39F08CFD-8E0D-771B-A2F3-2639A62CA2FA');
INSERT INTO "Button" VALUES ('39F3C49D-1029-C143-C624-4975CE886AEA', 0, 'admin_account', '重置密码', 'refresh', 'admin_account_reset_password', '2020-03-07 08:41:03.7856781', '39F08CFD-8E0D-771B-A2F3-2639A62CA2FA', '2020-03-07 08:41:03.7856799', '39F08CFD-8E0D-771B-A2F3-2639A62CA2FA');
INSERT INTO "Button" VALUES ('39F3C49D-2428-1E8D-909B-7EAF125DF982', 0, 'admin_auditinfo', '详情', 'detail', 'admin_auditinfo_details', '2020-03-07 08:41:08.9044174', '39F08CFD-8E0D-771B-A2F3-2639A62CA2FA', '2020-03-07 08:41:08.9044251', '39F08CFD-8E0D-771B-A2F3-2639A62CA2FA');
INSERT INTO "Button" VALUES ('39F3C49D-248B-44E8-6182-02E1EAA4D8F5', 0, 'admin_auditinfo', '导出', 'export', 'admin_auditinfo_export', '2020-03-07 08:41:09.0029376', '39F08CFD-8E0D-771B-A2F3-2639A62CA2FA', '2020-03-07 08:41:09.0029404', '39F08CFD-8E0D-771B-A2F3-2639A62CA2FA');
INSERT INTO "Button_Permission" VALUES (1, 0, 'admin_cache_clear', 'admin_cache_clear_delete');
INSERT INTO "Button_Permission" VALUES (2, 0, 'admin_menu_add', 'admin_menu_add_post');
INSERT INTO "Button_Permission" VALUES (3, 0, 'admin_menu_edit', 'admin_menu_edit_get');
INSERT INTO "Button_Permission" VALUES (4, 0, 'admin_menu_edit', 'admin_menu_update_post');
INSERT INTO "Button_Permission" VALUES (5, 0, 'admin_menu_del', 'admin_menu_delete_delete');
INSERT INTO "Button_Permission" VALUES (6, 0, 'admin_menu_sort', 'admin_menu_sort_get');
INSERT INTO "Button_Permission" VALUES (7, 0, 'admin_menu_sort', 'admin_menu_sort_post');
INSERT INTO "Button_Permission" VALUES (8, 0, 'admin_role_add', 'admin_role_add_post');
INSERT INTO "Button_Permission" VALUES (9, 0, 'admin_role_edit', 'admin_role_edit_get');
INSERT INTO "Button_Permission" VALUES (10, 0, 'admin_role_edit', 'admin_role_update_post');
INSERT INTO "Button_Permission" VALUES (11, 0, 'admin_role_del', 'admin_role_delete_delete');
INSERT INTO "Button_Permission" VALUES (12, 0, 'admin_role_bind_menu', 'admin_role_menulist_get');
INSERT INTO "Button_Permission" VALUES (13, 0, 'admin_role_bind_menu', 'admin_role_bindmenu_post');
INSERT INTO "Button_Permission" VALUES (14, 0, 'admin_role_bind_menu', 'admin_role_menubuttonlist_get');
INSERT INTO "Button_Permission" VALUES (15, 0, 'admin_role_bind_menu', 'admin_role_bindmenubutton_post');
INSERT INTO "Button_Permission" VALUES (16, 0, 'admin_role_bind_permission', 'admin_permission_tree_get');
INSERT INTO "Button_Permission" VALUES (17, 0, 'admin_role_bind_permission', 'admin_role_platformpermissionlist_get');
INSERT INTO "Button_Permission" VALUES (18, 0, 'admin_role_bind_permission', 'admin_role_platformpermissionbind_post');
INSERT INTO "Button_Permission" VALUES (19, 0, 'admin_account_add', 'admin_account_add_post');
INSERT INTO "Button_Permission" VALUES (20, 0, 'admin_account_edit', 'admin_account_edit_get');
INSERT INTO "Button_Permission" VALUES (21, 0, 'admin_account_edit', 'admin_account_update_post');
INSERT INTO "Button_Permission" VALUES (22, 0, 'admin_account_del', 'admin_account_delete_delete');
INSERT INTO "Button_Permission" VALUES (23, 0, 'admin_account_reset_password', 'admin_account_resetpassword_post');
INSERT INTO "Button_Permission" VALUES (24, 0, 'admin_auditinfo_details', 'admin_auditinfo_details_get');
INSERT INTO "Button_Permission" VALUES (25, 0, 'admin_auditinfo_export', 'admin_auditinfo_export_post');
INSERT INTO "Config" VALUES (1, 0, 1, 'sys_title', 'NetModular 通用权限管理系统', '系统标题', '2020-01-14 15:16:42', '39F08CFD-8E0D-771B-A2F3-2639A62CA2FA', '2020-01-14 15:16:42', '39F08CFD-8E0D-771B-A2F3-2639A62CA2FA');
INSERT INTO "Config" VALUES (2, 0, 1, 'sys_logo', '', '系统Logo', '2020-01-14 15:16:42', '39F08CFD-8E0D-771B-A2F3-2639A62CA2FA', '2020-01-14 15:16:42', '39F08CFD-8E0D-771B-A2F3-2639A62CA2FA');
INSERT INTO "Config" VALUES (3, 0, 1, 'sys_home', '/admin/home', '系统首页地址', '2020-01-14 15:16:42', '39F08CFD-8E0D-771B-A2F3-2639A62CA2FA', '2020-01-14 15:16:42', '39F08CFD-8E0D-771B-A2F3-2639A62CA2FA');
INSERT INTO "Config" VALUES (4, 0, 1, 'sys_userinfo_page', '', '个人信息页', '2020-01-14 15:16:42', '39F08CFD-8E0D-771B-A2F3-2639A62CA2FA', '2020-01-14 15:16:42', '39F08CFD-8E0D-771B-A2F3-2639A62CA2FA');
INSERT INTO "Config" VALUES (5, 0, 1, 'sys_copyright', '版权所有：尼古拉斯·老李 | 用代码改变世界 Powered by .Net Core 3.1.0 on Linux', '版权声明', '2020-01-14 15:16:42', '39F08CFD-8E0D-771B-A2F3-2639A62CA2FA', '2020-01-14 15:16:42', '39F08CFD-8E0D-771B-A2F3-2639A62CA2FA');
INSERT INTO "Config" VALUES (6, 0, 1, 'sys_login_type', 'neon', '登录页类型', '2020-01-14 15:16:49', '39F08CFD-8E0D-771B-A2F3-2639A62CA2FA', '2020-01-14 15:16:49', '39F08CFD-8E0D-771B-A2F3-2639A62CA2FA');
INSERT INTO "Config" VALUES (7, 0, 1, 'sys_login_verify_code', 'False', '启用验证码功能', '2020-01-14 15:16:49', '39F08CFD-8E0D-771B-A2F3-2639A62CA2FA', '2020-01-14 15:16:49', '39F08CFD-8E0D-771B-A2F3-2639A62CA2FA');
INSERT INTO "Config" VALUES (8, 0, 1, 'sys_toolbar_fullscreen', 'True', '全屏按钮', '2020-01-14 15:16:55', '39F08CFD-8E0D-771B-A2F3-2639A62CA2FA', '2020-01-14 15:16:55', '39F08CFD-8E0D-771B-A2F3-2639A62CA2FA');
INSERT INTO "Config" VALUES (9, 0, 1, 'sys_toolbar_skin', 'True', '皮肤设置按钮', '2020-01-14 15:16:55', '39F08CFD-8E0D-771B-A2F3-2639A62CA2FA', '2020-01-14 15:16:55', '39F08CFD-8E0D-771B-A2F3-2639A62CA2FA');
INSERT INTO "Config" VALUES (10, 0, 1, 'sys_toolbar_logout', 'True', '退出按钮', '2020-01-14 15:16:55', '39F08CFD-8E0D-771B-A2F3-2639A62CA2FA', '2020-01-14 15:16:55', '39F08CFD-8E0D-771B-A2F3-2639A62CA2FA');
INSERT INTO "Config" VALUES (11, 0, 1, 'sys_toolbar_userinfo', 'True', '用户信息按钮', '2020-01-14 15:16:55', '39F08CFD-8E0D-771B-A2F3-2639A62CA2FA', '2020-01-14 15:16:55', '39F08CFD-8E0D-771B-A2F3-2639A62CA2FA');
INSERT INTO "Config" VALUES (12, 0, 1, 'sys_component_menu_unique_opened', 'True', '是否只保持一个子菜单的展开', '2020-01-14 15:16:59', '39F08CFD-8E0D-771B-A2F3-2639A62CA2FA', '2020-03-06 14:18:27', '39f08cfd-8e0d-771b-a2f3-2639a62ca2fa');
INSERT INTO "Config" VALUES (13, 0, 1, 'sys_component_dialog_close_on_click_modal', 'False', '是否可以点击模态框关闭', '2020-01-14 15:16:59', '39F08CFD-8E0D-771B-A2F3-2639A62CA2FA', '2020-03-06 14:18:27', '39f08cfd-8e0d-771b-a2f3-2639a62ca2fa');
INSERT INTO "Config" VALUES (14, 0, 1, 'sys_component_list_serial_number_name', '', '列表页序号名称', '2020-01-14 15:16:59', '39F08CFD-8E0D-771B-A2F3-2639A62CA2FA', '2020-03-06 14:18:27', '39f08cfd-8e0d-771b-a2f3-2639a62ca2fa');
INSERT INTO "Config" VALUES (15, 0, 1, 'sys_component_tabnav_showicon', 'True', '标签导航是否显示图标', '2020-01-14 15:16:59', '39F08CFD-8E0D-771B-A2F3-2639A62CA2FA', '2020-03-06 14:18:27', '39f08cfd-8e0d-771b-a2f3-2639a62ca2fa');
INSERT INTO "Config" VALUES (16, 0, 1, 'sys_component_custom_css', '', '自定义Css样式', '2020-01-14 15:16:59', '39F08CFD-8E0D-771B-A2F3-2639A62CA2FA', '2020-03-06 14:18:27', '39f08cfd-8e0d-771b-a2f3-2639a62ca2fa');
INSERT INTO "Config" VALUES (17, 0, 1, 'sys_permission_validate', 'True', '开启权限验证', '2020-01-14 15:20:25', '39F08CFD-8E0D-771B-A2F3-2639A62CA2FA', '2020-03-07 08:41:46.2243154', '39F08CFD-8E0D-771B-A2F3-2639A62CA2FA');
INSERT INTO "Config" VALUES (18, 0, 1, 'sys_permission_button', 'True', '启用按钮权限', '2020-01-14 15:20:25', '39F08CFD-8E0D-771B-A2F3-2639A62CA2FA', '2020-03-07 08:41:46.2800555', '39F08CFD-8E0D-771B-A2F3-2639A62CA2FA');
INSERT INTO "Config" VALUES (19, 0, 1, 'sys_permission_single_account_login', 'True', '单账户登录', '2020-01-21 16:53:25', '39F08CFD-8E0D-771B-A2F3-2639A62CA2FA', '2020-01-21 16:53:25', '39F08CFD-8E0D-771B-A2F3-2639A62CA2FA');
INSERT INTO "Config" VALUES (20, 0, 1, 'sys_component_dialog_draggable', 'True', '对话框默认可拖拽', '2020-03-06 14:05:22', '39f08cfd-8e0d-771b-a2f3-2639a62ca2fa', '2020-03-06 14:18:27', '39f08cfd-8e0d-771b-a2f3-2639a62ca2fa');
INSERT INTO "Config" VALUES (21, 0, 1, 'sys_component_tabnav_maxopencount', '20', '标签导航最大页面数量', '2020-03-06 14:05:22', '39f08cfd-8e0d-771b-a2f3-2639a62ca2fa', '2020-03-06 14:18:27', '39f08cfd-8e0d-771b-a2f3-2639a62ca2fa');
INSERT INTO "Config" VALUES (22, 0, 2, 'NetModular.Module.Admin.Infrastructure.AdminOptions.AuditingEnabled', 'True', '启用审计日志', '2020-02-07 13:19:39', '39F08CFD-8E0D-771B-A2F3-2639A62CA2FA', '2020-03-06 14:35:25', '39f08cfd-8e0d-771b-a2f3-2639a62ca2fa');
INSERT INTO "Config" VALUES (23, 0, 2, 'NetModular.Module.Admin.Infrastructure.AdminOptions.RefreshTokenExpires', '7', 'JWT刷新令牌有效期(天)', '2020-02-07 13:19:39', '39F08CFD-8E0D-771B-A2F3-2639A62CA2FA', '2020-03-06 14:35:25', '39f08cfd-8e0d-771b-a2f3-2639a62ca2fa');
INSERT INTO "Config" VALUES (24, 0, 2, 'NetModular.Module.Admin.Infrastructure.AdminOptions.DefaultPassword', '123456', '账户默认密码', '2020-02-07 13:19:40', '39F08CFD-8E0D-771B-A2F3-2639A62CA2FA', '2020-03-06 14:35:25', '39f08cfd-8e0d-771b-a2f3-2639a62ca2fa');
INSERT INTO "Config" VALUES (25, 0, 2, 'NetModular.Module.Admin.Infrastructure.AdminOptions.RefreshModuleOrPermission', 'True', '启动时刷新模块和权限', '2020-03-06 14:35:25', '39f08cfd-8e0d-771b-a2f3-2639a62ca2fa', '2020-03-06 14:35:25', '39f08cfd-8e0d-771b-a2f3-2639a62ca2fa');
INSERT INTO "Menu" VALUES ('39F3C49B-5FC3-33BE-0FCD-652929D9EA73', 0, '', 2, '00000000-0000-0000-0000-000000000000', '官方文档', '', '', '', 'http://docs.17mkh.com/', 'archives', '', 0, 1, 2, 0, '', '', 1, '', '2020-03-07 08:39:13.0916275', '39F08CFD-8E0D-771B-A2F3-2639A62CA2FA', '2020-03-07 08:40:19.01461', '39F08CFD-8E0D-771B-A2F3-2639A62CA2FA');
INSERT INTO "Menu" VALUES ('39F3C49B-D757-EA18-E9C4-D9C768F77512', 0, '', 2, '00000000-0000-0000-0000-000000000000', 'GitHub', '', '', '', 'https://github.com/iamoldli/NetModular', 'github', '', 0, 1, 3, 0, '', '', 1, '', '2020-03-07 08:39:43.7035838', '39F08CFD-8E0D-771B-A2F3-2639A62CA2FA', '2020-03-07 08:40:19.0763369', '39F08CFD-8E0D-771B-A2F3-2639A62CA2FA');
INSERT INTO "Menu" VALUES ('39F3C49C-1756-9047-34B5-6DCFADEFE28D', 0, '', 0, '00000000-0000-0000-0000-000000000000', '系统配置', '', '', '', '', 'system', '', 0, 1, 1, -1, '', '', 1, '', '2020-03-07 08:40:00.0860456', '39F08CFD-8E0D-771B-A2F3-2639A62CA2FA', '2020-03-07 08:40:18.9629862', '39F08CFD-8E0D-771B-A2F3-2639A62CA2FA');
INSERT INTO "Menu" VALUES ('39F3C49C-400A-B33D-0C8F-E878AAABA954', 0, '', 0, '00000000-0000-0000-0000-000000000000', '权限管理', '', '', '', '', 'permission', '', 0, 1, 0, -1, '', '', 1, '', '2020-03-07 08:40:10.5062392', '39F08CFD-8E0D-771B-A2F3-2639A62CA2FA', '2020-03-07 08:40:18.9218761', '39F08CFD-8E0D-771B-A2F3-2639A62CA2FA');
INSERT INTO "Menu" VALUES ('39F3C49C-8CCC-2A54-DAC7-B5DD6503D91A', 0, 'Admin', 1, '39F3C49C-1756-9047-34B5-6DCFADEFE28D', '配置管理', 'admin_config', '', '', '', 'tag', '', 1, 1, 0, 0, '', '', 1, '', '2020-03-07 08:40:30.1391458', '39F08CFD-8E0D-771B-A2F3-2639A62CA2FA', '2020-03-07 08:40:30.1391467', '39F08CFD-8E0D-771B-A2F3-2639A62CA2FA');
INSERT INTO "Menu" VALUES ('39F3C49C-9EF2-C04B-FC63-5CDC9811C506', 0, 'Admin', 1, '39F3C49C-1756-9047-34B5-6DCFADEFE28D', '缓存管理', 'admin_cache', '', '', '', 'redis', '', 1, 1, 0, 0, '', '', 1, '', '2020-03-07 08:40:34.7698442', '39F08CFD-8E0D-771B-A2F3-2639A62CA2FA', '2020-03-07 08:40:34.7698478', '39F08CFD-8E0D-771B-A2F3-2639A62CA2FA');
INSERT INTO "Menu" VALUES ('39F3C49C-ADF2-D90F-9626-99ACECC76C37', 0, 'Admin', 1, '39F3C49C-1756-9047-34B5-6DCFADEFE28D', '图标管理', 'admin_icon', '', '', '', 'icon', '', 1, 1, 0, 0, '', '', 1, '', '2020-03-07 08:40:38.6283376', '39F08CFD-8E0D-771B-A2F3-2639A62CA2FA', '2020-03-07 08:40:38.6283379', '39F08CFD-8E0D-771B-A2F3-2639A62CA2FA');
INSERT INTO "Menu" VALUES ('39F3C49C-D5DC-90A5-6CC3-B3A0B9040643', 0, 'Admin', 1, '39F3C49C-400A-B33D-0C8F-E878AAABA954', '模块中心', 'admin_module', '', '', '', 'product', '', 1, 1, 0, 0, '', '', 1, '', '2020-03-07 08:40:48.833301', '39F08CFD-8E0D-771B-A2F3-2639A62CA2FA', '2020-03-07 08:40:48.8333013', '39F08CFD-8E0D-771B-A2F3-2639A62CA2FA');
INSERT INTO "Menu" VALUES ('39F3C49C-ED14-45E0-718C-7D650D850143', 0, 'Admin', 1, '39F3C49C-400A-B33D-0C8F-E878AAABA954', '菜单管理', 'admin_menu', '', '', '', 'menu', '', 1, 1, 0, 0, '', '', 1, '', '2020-03-07 08:40:54.7753723', '39F08CFD-8E0D-771B-A2F3-2639A62CA2FA', '2020-03-07 08:40:54.7753731', '39F08CFD-8E0D-771B-A2F3-2639A62CA2FA');
INSERT INTO "Menu" VALUES ('39F3C49C-FFC8-9DE6-77EB-0FE0A8364F8C', 0, 'Admin', 1, '39F3C49C-400A-B33D-0C8F-E878AAABA954', '角色管理', 'admin_role', '', '', '', 'role', '', 1, 1, 0, 0, '', '', 1, '', '2020-03-07 08:40:59.5720742', '39F08CFD-8E0D-771B-A2F3-2639A62CA2FA', '2020-03-07 08:40:59.5720814', '39F08CFD-8E0D-771B-A2F3-2639A62CA2FA');
INSERT INTO "Menu" VALUES ('39F3C49D-0EB2-662F-2A0D-706F41140D12', 0, 'Admin', 1, '39F3C49C-400A-B33D-0C8F-E878AAABA954', '账户管理', 'admin_account', '', '', '', 'user', '', 1, 1, 0, 0, '', '', 1, '', '2020-03-07 08:41:03.3892478', '39F08CFD-8E0D-771B-A2F3-2639A62CA2FA', '2020-03-07 08:41:03.3892482', '39F08CFD-8E0D-771B-A2F3-2639A62CA2FA');
INSERT INTO "Menu" VALUES ('39F3C49D-23BF-F189-0047-1B2954A02989', 0, 'Admin', 1, '39F3C49C-400A-B33D-0C8F-E878AAABA954', '审计日志', 'admin_auditinfo', '', '', '', 'log', '', 1, 1, 0, 0, '', '', 1, '', '2020-03-07 08:41:08.782229', '39F08CFD-8E0D-771B-A2F3-2639A62CA2FA', '2020-03-07 08:41:08.7822294', '39F08CFD-8E0D-771B-A2F3-2639A62CA2FA');
INSERT INTO "Menu_Permission" VALUES (1, 0, 'admin_config', 'admin_config_query_get');
INSERT INTO "Menu_Permission" VALUES (2, 0, 'admin_config', 'admin_config_add_post');
INSERT INTO "Menu_Permission" VALUES (3, 0, 'admin_config', 'admin_config_edit_get');
INSERT INTO "Menu_Permission" VALUES (4, 0, 'admin_config', 'admin_config_update_post');
INSERT INTO "Menu_Permission" VALUES (5, 0, 'admin_config', 'admin_config_delete_delete');
INSERT INTO "Menu_Permission" VALUES (6, 0, 'admin_config', 'admin_module_optionsedit_get');
INSERT INTO "Menu_Permission" VALUES (7, 0, 'admin_config', 'admin_module_optionsupdate_post');
INSERT INTO "Menu_Permission" VALUES (8, 0, 'admin_config', 'admin_system_updatebaseconfig_post');
INSERT INTO "Menu_Permission" VALUES (9, 0, 'admin_config', 'admin_system_updatecomponentconfig_post');
INSERT INTO "Menu_Permission" VALUES (10, 0, 'admin_config', 'admin_system_updateloginconfig_post');
INSERT INTO "Menu_Permission" VALUES (11, 0, 'admin_config', 'admin_system_updatepermissionconfig_post');
INSERT INTO "Menu_Permission" VALUES (12, 0, 'admin_config', 'admin_system_updatetoolbarconfig_post');
INSERT INTO "Menu_Permission" VALUES (13, 0, 'admin_config', 'admin_system_updatepathconfig_post');
INSERT INTO "Menu_Permission" VALUES (14, 0, 'admin_config', 'admin_system_uploadlogo_post');
INSERT INTO "Menu_Permission" VALUES (15, 0, 'admin_cache', 'admin_cache_query_get');
INSERT INTO "Menu_Permission" VALUES (16, 0, 'admin_module', 'admin_module_query_get');
INSERT INTO "Menu_Permission" VALUES (17, 0, 'admin_module', 'admin_permission_query_get');
INSERT INTO "Menu_Permission" VALUES (18, 0, 'admin_module', 'admin_permission_querybycodes_get');
INSERT INTO "Menu_Permission" VALUES (19, 0, 'admin_menu', 'admin_menu_query_get');
INSERT INTO "Menu_Permission" VALUES (20, 0, 'admin_menu', 'admin_menu_tree_get');
INSERT INTO "Menu_Permission" VALUES (21, 0, 'admin_role', 'admin_role_query_get');
INSERT INTO "Menu_Permission" VALUES (22, 0, 'admin_account', 'admin_account_query_get');
INSERT INTO "Menu_Permission" VALUES (23, 0, 'admin_auditinfo', 'admin_auditinfo_query_get');
INSERT INTO "Role" VALUES ('39F08CFD-8DD0-BB54-4544-C2DC43C6CA38', 0, '超级管理员', '超级管理员', 0, 0, '2019-09-29 10:19:21', '00000000-0000-0000-0000-000000000000', '2020-01-13 19:26:56', '39F08CFD-8E0D-771B-A2F3-2639A62CA2FA', '2019-09-29 10:19:21', '00000000-0000-0000-0000-000000000000');
INSERT INTO "Role_Menu" VALUES (1, 0, '39F08CFD-8DD0-BB54-4544-C2DC43C6CA38', '00000000-0000-0000-0000-000000000000');
INSERT INTO "Role_Menu" VALUES (2, 0, '39F08CFD-8DD0-BB54-4544-C2DC43C6CA38', '39F3C49C-400A-B33D-0C8F-E878AAABA954');
INSERT INTO "Role_Menu" VALUES (3, 0, '39F08CFD-8DD0-BB54-4544-C2DC43C6CA38', '39F3C49C-D5DC-90A5-6CC3-B3A0B9040643');
INSERT INTO "Role_Menu" VALUES (4, 0, '39F08CFD-8DD0-BB54-4544-C2DC43C6CA38', '39F3C49C-ED14-45E0-718C-7D650D850143');
INSERT INTO "Role_Menu" VALUES (5, 0, '39F08CFD-8DD0-BB54-4544-C2DC43C6CA38', '39F3C49C-FFC8-9DE6-77EB-0FE0A8364F8C');
INSERT INTO "Role_Menu" VALUES (6, 0, '39F08CFD-8DD0-BB54-4544-C2DC43C6CA38', '39F3C49D-0EB2-662F-2A0D-706F41140D12');
INSERT INTO "Role_Menu" VALUES (7, 0, '39F08CFD-8DD0-BB54-4544-C2DC43C6CA38', '39F3C49D-23BF-F189-0047-1B2954A02989');
INSERT INTO "Role_Menu" VALUES (8, 0, '39F08CFD-8DD0-BB54-4544-C2DC43C6CA38', '39F3C49C-1756-9047-34B5-6DCFADEFE28D');
INSERT INTO "Role_Menu" VALUES (9, 0, '39F08CFD-8DD0-BB54-4544-C2DC43C6CA38', '39F3C49C-8CCC-2A54-DAC7-B5DD6503D91A');
INSERT INTO "Role_Menu" VALUES (10, 0, '39F08CFD-8DD0-BB54-4544-C2DC43C6CA38', '39F3C49C-9EF2-C04B-FC63-5CDC9811C506');
INSERT INTO "Role_Menu" VALUES (11, 0, '39F08CFD-8DD0-BB54-4544-C2DC43C6CA38', '39F3C49C-ADF2-D90F-9626-99ACECC76C37');
INSERT INTO "Role_Menu" VALUES (12, 0, '39F08CFD-8DD0-BB54-4544-C2DC43C6CA38', '39F3C49B-5FC3-33BE-0FCD-652929D9EA73');
INSERT INTO "Role_Menu" VALUES (13, 0, '39F08CFD-8DD0-BB54-4544-C2DC43C6CA38', '39F3C49B-D757-EA18-E9C4-D9C768F77512');
INSERT INTO "Role_Menu_Button" VALUES (1, 0, '39F08CFD-8DD0-BB54-4544-C2DC43C6CA38', '39F3C49C-ED14-45E0-718C-7D650D850143', '39F3C49C-ED82-7E34-4FAC-550444D13E14');
INSERT INTO "Role_Menu_Button" VALUES (2, 0, '39F08CFD-8DD0-BB54-4544-C2DC43C6CA38', '39F3C49C-ED14-45E0-718C-7D650D850143', '39F3C49C-EDE5-837D-4A08-746A4794D160');
INSERT INTO "Role_Menu_Button" VALUES (3, 0, '39F08CFD-8DD0-BB54-4544-C2DC43C6CA38', '39F3C49C-ED14-45E0-718C-7D650D850143', '39F3C49C-EE67-9EAC-BD42-2AF470D70385');
INSERT INTO "Role_Menu_Button" VALUES (4, 0, '39F08CFD-8DD0-BB54-4544-C2DC43C6CA38', '39F3C49C-ED14-45E0-718C-7D650D850143', '39F3C49C-EEA9-FAA1-BCC6-23F892D195B7');
INSERT INTO "Role_Menu_Button" VALUES (5, 0, '39F08CFD-8DD0-BB54-4544-C2DC43C6CA38', '39F3C49C-FFC8-9DE6-77EB-0FE0A8364F8C', '39F3C49D-0035-662E-8E92-CF0B0EF43855');
INSERT INTO "Role_Menu_Button" VALUES (6, 0, '39F08CFD-8DD0-BB54-4544-C2DC43C6CA38', '39F3C49C-FFC8-9DE6-77EB-0FE0A8364F8C', '39F3C49D-0084-78DE-1B55-23BB917DBDCD');
INSERT INTO "Role_Menu_Button" VALUES (7, 0, '39F08CFD-8DD0-BB54-4544-C2DC43C6CA38', '39F3C49C-FFC8-9DE6-77EB-0FE0A8364F8C', '39F3C49D-00F7-C590-62C8-3569297D9146');
INSERT INTO "Role_Menu_Button" VALUES (8, 0, '39F08CFD-8DD0-BB54-4544-C2DC43C6CA38', '39F3C49C-FFC8-9DE6-77EB-0FE0A8364F8C', '39F3C49D-0146-3473-B0C2-9F9F321137EF');
INSERT INTO "Role_Menu_Button" VALUES (9, 0, '39F08CFD-8DD0-BB54-4544-C2DC43C6CA38', '39F3C49C-FFC8-9DE6-77EB-0FE0A8364F8C', '39F3C49D-01C6-750C-7855-0D009B351D1B');
INSERT INTO "Role_Menu_Button" VALUES (10, 0, '39F08CFD-8DD0-BB54-4544-C2DC43C6CA38', '39F3C49D-23BF-F189-0047-1B2954A02989', '39F3C49D-2428-1E8D-909B-7EAF125DF982');
INSERT INTO "Role_Menu_Button" VALUES (11, 0, '39F08CFD-8DD0-BB54-4544-C2DC43C6CA38', '39F3C49D-23BF-F189-0047-1B2954A02989', '39F3C49D-248B-44E8-6182-02E1EAA4D8F5');
INSERT INTO "Role_Menu_Button" VALUES (12, 0, '39F08CFD-8DD0-BB54-4544-C2DC43C6CA38', '39F3C49D-0EB2-662F-2A0D-706F41140D12', '39F3C49D-0F00-050E-F52F-2E1AA73D0F6B');
INSERT INTO "Role_Menu_Button" VALUES (13, 0, '39F08CFD-8DD0-BB54-4544-C2DC43C6CA38', '39F3C49D-0EB2-662F-2A0D-706F41140D12', '39F3C49D-0F50-B447-D344-D9C587E19736');
INSERT INTO "Role_Menu_Button" VALUES (14, 0, '39F08CFD-8DD0-BB54-4544-C2DC43C6CA38', '39F3C49D-0EB2-662F-2A0D-706F41140D12', '39F3C49D-0FD9-68D3-6291-EB1E11BF1F91');
INSERT INTO "Role_Menu_Button" VALUES (15, 0, '39F08CFD-8DD0-BB54-4544-C2DC43C6CA38', '39F3C49D-0EB2-662F-2A0D-706F41140D12', '39F3C49D-1029-C143-C624-4975CE886AEA');
INSERT INTO "Role_Menu_Button" VALUES (16, 0, '39F08CFD-8DD0-BB54-4544-C2DC43C6CA38', '39F3C49C-9EF2-C04B-FC63-5CDC9811C506', '39F3C49C-9F53-DF6B-BDE6-046073EEC059');
