INSERT INTO "Account"("Id", "Type", "UserName", "Password", "Name", "Phone", "Email", "Status", "IsLock", "ClosedTime", "ClosedBy", "CreatedTime", "CreatedBy", "ModifiedTime", "ModifiedBy", "Deleted", "DeletedTime", "DeletedBy") VALUES ('39F08CFD-8E0D-771B-A2F3-2639A62CA2FA', 0, 'admin', 'E739279CB28CDAFD7373618313803524', '管理员', '', '', 1, 0, '2019-09-29 10:19:21', '00000000-0000-0000-0000-000000000000', '2019-09-29 10:19:21', '00000000-0000-0000-0000-000000000000', '2020-01-14 15:20:04', '39F08CFD-8E0D-771B-A2F3-2639A62CA2FA', 0, '2019-09-29 10:19:21', '00000000-0000-0000-0000-000000000000');
INSERT INTO "Account_Config"("Id", "AccountId", "Skin", "Theme", "FontSize") VALUES (1, '39F08CFD-8E0D-771B-A2F3-2639A62CA2FA', 'pretty', 'default', 'small');
INSERT INTO "Account_Role"("Id", "AccountId", "RoleId") VALUES (1, '39F08CFD-8E0D-771B-A2F3-2639A62CA2FA', '39F08CFD-8DD0-BB54-4544-C2DC43C6CA38');
INSERT INTO "Button"("Id", "MenuCode", "Name", "Icon", "Code", "CreatedTime", "CreatedBy", "ModifiedTime", "ModifiedBy") VALUES ('39F3C49C-9F53-DF6B-BDE6-046073EEC059', 'admin_cache', '清除', 'delete', 'admin_cache_clear', '2020-03-07 08:40:34.8983049', '39F08CFD-8E0D-771B-A2F3-2639A62CA2FA', '2020-03-07 08:40:34.898308', '39F08CFD-8E0D-771B-A2F3-2639A62CA2FA');
INSERT INTO "Button"("Id", "MenuCode", "Name", "Icon", "Code", "CreatedTime", "CreatedBy", "ModifiedTime", "ModifiedBy") VALUES ('39F3C49C-ED82-7E34-4FAC-550444D13E14', 'admin_menu', '添加', 'add', 'admin_menu_add', '2020-03-07 08:40:54.9138836', '39F08CFD-8E0D-771B-A2F3-2639A62CA2FA', '2020-03-07 08:40:54.9138919', '39F08CFD-8E0D-771B-A2F3-2639A62CA2FA');
INSERT INTO "Button"("Id", "MenuCode", "Name", "Icon", "Code", "CreatedTime", "CreatedBy", "ModifiedTime", "ModifiedBy") VALUES ('39F3C49C-EDE5-837D-4A08-746A4794D160', 'admin_menu', '编辑', 'edit', 'admin_menu_edit', '2020-03-07 08:40:55.0135049', '39F08CFD-8E0D-771B-A2F3-2639A62CA2FA', '2020-03-07 08:40:55.0135067', '39F08CFD-8E0D-771B-A2F3-2639A62CA2FA');
INSERT INTO "Button"("Id", "MenuCode", "Name", "Icon", "Code", "CreatedTime", "CreatedBy", "ModifiedTime", "ModifiedBy") VALUES ('39F3C49C-EE67-9EAC-BD42-2AF470D70385', 'admin_menu', '删除', 'delete', 'admin_menu_del', '2020-03-07 08:40:55.1434201', '39F08CFD-8E0D-771B-A2F3-2639A62CA2FA', '2020-03-07 08:40:55.1434224', '39F08CFD-8E0D-771B-A2F3-2639A62CA2FA');
INSERT INTO "Button"("Id", "MenuCode", "Name", "Icon", "Code", "CreatedTime", "CreatedBy", "ModifiedTime", "ModifiedBy") VALUES ('39F3C49C-EEA9-FAA1-BCC6-23F892D195B7', 'admin_menu', '排序', 'sort', 'admin_menu_sort', '2020-03-07 08:40:55.2097666', '39F08CFD-8E0D-771B-A2F3-2639A62CA2FA', '2020-03-07 08:40:55.2097681', '39F08CFD-8E0D-771B-A2F3-2639A62CA2FA');
INSERT INTO "Button"("Id", "MenuCode", "Name", "Icon", "Code", "CreatedTime", "CreatedBy", "ModifiedTime", "ModifiedBy") VALUES ('39F3C49D-0035-662E-8E92-CF0B0EF43855', 'admin_role', '添加', 'add', 'admin_role_add', '2020-03-07 08:40:59.7018491', '39F08CFD-8E0D-771B-A2F3-2639A62CA2FA', '2020-03-07 08:40:59.701857', '39F08CFD-8E0D-771B-A2F3-2639A62CA2FA');
INSERT INTO "Button"("Id", "MenuCode", "Name", "Icon", "Code", "CreatedTime", "CreatedBy", "ModifiedTime", "ModifiedBy") VALUES ('39F3C49D-0084-78DE-1B55-23BB917DBDCD', 'admin_role', '编辑', 'edit', 'admin_role_edit', '2020-03-07 08:40:59.7803683', '39F08CFD-8E0D-771B-A2F3-2639A62CA2FA', '2020-03-07 08:40:59.7803789', '39F08CFD-8E0D-771B-A2F3-2639A62CA2FA');
INSERT INTO "Button"("Id", "MenuCode", "Name", "Icon", "Code", "CreatedTime", "CreatedBy", "ModifiedTime", "ModifiedBy") VALUES ('39F3C49D-00F7-C590-62C8-3569297D9146', 'admin_role', '删除', 'delete', 'admin_role_del', '2020-03-07 08:40:59.8953845', '39F08CFD-8E0D-771B-A2F3-2639A62CA2FA', '2020-03-07 08:40:59.8953891', '39F08CFD-8E0D-771B-A2F3-2639A62CA2FA');
INSERT INTO "Button"("Id", "MenuCode", "Name", "Icon", "Code", "CreatedTime", "CreatedBy", "ModifiedTime", "ModifiedBy") VALUES ('39F3C49D-0146-3473-B0C2-9F9F321137EF', 'admin_role', '绑定菜单', 'bind', 'admin_role_bind_menu', '2020-03-07 08:40:59.9746938', '39F08CFD-8E0D-771B-A2F3-2639A62CA2FA', '2020-03-07 08:40:59.9746951', '39F08CFD-8E0D-771B-A2F3-2639A62CA2FA');
INSERT INTO "Button"("Id", "MenuCode", "Name", "Icon", "Code", "CreatedTime", "CreatedBy", "ModifiedTime", "ModifiedBy") VALUES ('39F3C49D-01C6-750C-7855-0D009B351D1B', 'admin_role', '平台权限', 'android', 'admin_role_bind_permission', '2020-03-07 08:41:00.1023308', '39F08CFD-8E0D-771B-A2F3-2639A62CA2FA', '2020-03-07 08:41:00.1023326', '39F08CFD-8E0D-771B-A2F3-2639A62CA2FA');
INSERT INTO "Button"("Id", "MenuCode", "Name", "Icon", "Code", "CreatedTime", "CreatedBy", "ModifiedTime", "ModifiedBy") VALUES ('39F3C49D-0F00-050E-F52F-2E1AA73D0F6B', 'admin_account', '添加', 'add', 'admin_account_add', '2020-03-07 08:41:03.4880924', '39F08CFD-8E0D-771B-A2F3-2639A62CA2FA', '2020-03-07 08:41:03.4880932', '39F08CFD-8E0D-771B-A2F3-2639A62CA2FA');
INSERT INTO "Button"("Id", "MenuCode", "Name", "Icon", "Code", "CreatedTime", "CreatedBy", "ModifiedTime", "ModifiedBy") VALUES ('39F3C49D-0F50-B447-D344-D9C587E19736', 'admin_account', '编辑', 'edit', 'admin_account_edit', '2020-03-07 08:41:03.5679908', '39F08CFD-8E0D-771B-A2F3-2639A62CA2FA', '2020-03-07 08:41:03.5679935', '39F08CFD-8E0D-771B-A2F3-2639A62CA2FA');
INSERT INTO "Button"("Id", "MenuCode", "Name", "Icon", "Code", "CreatedTime", "CreatedBy", "ModifiedTime", "ModifiedBy") VALUES ('39F3C49D-0FD9-68D3-6291-EB1E11BF1F91', 'admin_account', '删除', 'delete', 'admin_account_del', '2020-03-07 08:41:03.7051281', '39F08CFD-8E0D-771B-A2F3-2639A62CA2FA', '2020-03-07 08:41:03.7051354', '39F08CFD-8E0D-771B-A2F3-2639A62CA2FA');
INSERT INTO "Button"("Id", "MenuCode", "Name", "Icon", "Code", "CreatedTime", "CreatedBy", "ModifiedTime", "ModifiedBy") VALUES ('39F3C49D-1029-C143-C624-4975CE886AEA', 'admin_account', '重置密码', 'refresh', 'admin_account_reset_password', '2020-03-07 08:41:03.7856781', '39F08CFD-8E0D-771B-A2F3-2639A62CA2FA', '2020-03-07 08:41:03.7856799', '39F08CFD-8E0D-771B-A2F3-2639A62CA2FA');
INSERT INTO "Button"("Id", "MenuCode", "Name", "Icon", "Code", "CreatedTime", "CreatedBy", "ModifiedTime", "ModifiedBy") VALUES ('39F3C49D-2428-1E8D-909B-7EAF125DF982', 'admin_auditinfo', '详情', 'detail', 'admin_auditinfo_details', '2020-03-07 08:41:08.9044174', '39F08CFD-8E0D-771B-A2F3-2639A62CA2FA', '2020-03-07 08:41:08.9044251', '39F08CFD-8E0D-771B-A2F3-2639A62CA2FA');
INSERT INTO "Button"("Id", "MenuCode", "Name", "Icon", "Code", "CreatedTime", "CreatedBy", "ModifiedTime", "ModifiedBy") VALUES ('39F3C49D-248B-44E8-6182-02E1EAA4D8F5', 'admin_auditinfo', '导出', 'export', 'admin_auditinfo_export', '2020-03-07 08:41:09.0029376', '39F08CFD-8E0D-771B-A2F3-2639A62CA2FA', '2020-03-07 08:41:09.0029404', '39F08CFD-8E0D-771B-A2F3-2639A62CA2FA');
INSERT INTO "Button"("Id", "MenuCode", "Name", "Icon", "Code", "CreatedTime", "CreatedBy", "ModifiedTime", "ModifiedBy") VALUES ('39F498BA-12D2-AF34-41C6-2F9987560E79', 'admin_module', '同步', 'refresh', 'admin_module_sync', '2020-04-17 13:12:14.8020151', '39F08CFD-8E0D-771B-A2F3-2639A62CA2FA', '2020-04-17 13:12:14.8020171', '39F08CFD-8E0D-771B-A2F3-2639A62CA2FA');
INSERT INTO "Button_Permission"("Id", "ButtonCode", "PermissionCode") VALUES (1, 'admin_cache_clear', 'admin_cache_clear_delete');
INSERT INTO "Button_Permission"("Id", "ButtonCode", "PermissionCode") VALUES (2, 'admin_menu_add', 'admin_menu_add_post');
INSERT INTO "Button_Permission"("Id", "ButtonCode", "PermissionCode") VALUES (3, 'admin_menu_edit', 'admin_menu_edit_get');
INSERT INTO "Button_Permission"("Id", "ButtonCode", "PermissionCode") VALUES (4, 'admin_menu_edit', 'admin_menu_update_post');
INSERT INTO "Button_Permission"("Id", "ButtonCode", "PermissionCode") VALUES (5, 'admin_menu_del', 'admin_menu_delete_delete');
INSERT INTO "Button_Permission"("Id", "ButtonCode", "PermissionCode") VALUES (6, 'admin_menu_sort', 'admin_menu_sort_get');
INSERT INTO "Button_Permission"("Id", "ButtonCode", "PermissionCode") VALUES (7, 'admin_menu_sort', 'admin_menu_sort_post');
INSERT INTO "Button_Permission"("Id", "ButtonCode", "PermissionCode") VALUES (8, 'admin_role_add', 'admin_role_add_post');
INSERT INTO "Button_Permission"("Id", "ButtonCode", "PermissionCode") VALUES (9, 'admin_role_edit', 'admin_role_edit_get');
INSERT INTO "Button_Permission"("Id", "ButtonCode", "PermissionCode") VALUES (10, 'admin_role_edit', 'admin_role_update_post');
INSERT INTO "Button_Permission"("Id", "ButtonCode", "PermissionCode") VALUES (11, 'admin_role_del', 'admin_role_delete_delete');
INSERT INTO "Button_Permission"("Id", "ButtonCode", "PermissionCode") VALUES (12, 'admin_role_bind_menu', 'admin_role_menulist_get');
INSERT INTO "Button_Permission"("Id", "ButtonCode", "PermissionCode") VALUES (13, 'admin_role_bind_menu', 'admin_role_bindmenu_post');
INSERT INTO "Button_Permission"("Id", "ButtonCode", "PermissionCode") VALUES (14, 'admin_role_bind_menu', 'admin_role_menubuttonlist_get');
INSERT INTO "Button_Permission"("Id", "ButtonCode", "PermissionCode") VALUES (15, 'admin_role_bind_menu', 'admin_role_bindmenubutton_post');
INSERT INTO "Button_Permission"("Id", "ButtonCode", "PermissionCode") VALUES (16, 'admin_role_bind_permission', 'admin_permission_tree_get');
INSERT INTO "Button_Permission"("Id", "ButtonCode", "PermissionCode") VALUES (17, 'admin_role_bind_permission', 'admin_role_platformpermissionlist_get');
INSERT INTO "Button_Permission"("Id", "ButtonCode", "PermissionCode") VALUES (18, 'admin_role_bind_permission', 'admin_role_platformpermissionbind_post');
INSERT INTO "Button_Permission"("Id", "ButtonCode", "PermissionCode") VALUES (19, 'admin_account_add', 'admin_account_add_post');
INSERT INTO "Button_Permission"("Id", "ButtonCode", "PermissionCode") VALUES (20, 'admin_account_edit', 'admin_account_edit_get');
INSERT INTO "Button_Permission"("Id", "ButtonCode", "PermissionCode") VALUES (21, 'admin_account_edit', 'admin_account_update_post');
INSERT INTO "Button_Permission"("Id", "ButtonCode", "PermissionCode") VALUES (22, 'admin_account_del', 'admin_account_delete_delete');
INSERT INTO "Button_Permission"("Id", "ButtonCode", "PermissionCode") VALUES (23, 'admin_account_reset_password', 'admin_account_resetpassword_post');
INSERT INTO "Button_Permission"("Id", "ButtonCode", "PermissionCode") VALUES (24, 'admin_auditinfo_details', 'admin_auditinfo_details_get');
INSERT INTO "Button_Permission"("Id", "ButtonCode", "PermissionCode") VALUES (25, 'admin_auditinfo_export', 'admin_auditinfo_export_post');
INSERT INTO "Button_Permission"("Id", "ButtonCode", "PermissionCode") VALUES (26, 'admin_module_sync', 'admin_module_sync_post');
INSERT INTO "Config"("Id", "Type", "Code", "Value") VALUES (1, 0, 'System', '{"title":"NetModular通用权限管理系统","logo":null,"copyright":"版权所有：尼古拉斯·老李 | 用代码改变世界 Powered by .Net Core 3.1.0 on Linux"}');
INSERT INTO "Config"("Id", "Type", "Code", "Value") VALUES (2, 0, 'Component', '{"login":{"pageType":"neon","verifyCode":false},"menu":{"uniqueOpened":true},"dialog":{"closeOnClickModal":false,"draggable":false},"list":{"serialNumberName":null},"tabnav":{"enabled":true,"showHome":true,"homeUrl":null,"showIcon":true,"maxOpenCount":20},"toolbar":{"fullscreen":true,"skin":true,"logout":true,"userInfo":true},"customCss":null}');
INSERT INTO "Config"("Id", "Type", "Code", "Value") VALUES (3, 0, 'Auth', '{"validate":true,"button":true,"singleAccount":false,"jwt":{"key":"twAJ$j5##pVc5*y&","issuer":"http://127.0.0.1:6220","audience":"http://127.0.0.1:6220","expires":120,"refreshTokenExpires":7}}');
INSERT INTO "Config"("Id", "Type", "Code", "Value") VALUES (4, 1, 'Admin', '{"auditing":true,"defaultPassword":"123456"}');
INSERT INTO "Menu"("Id", "ModuleCode", "Type", "ParentId", "Name", "RouteName", "RouteParams", "RouteQuery", "Url", "Icon", "IconColor", "Level", "Show", "Sort", "Target", "DialogWidth", "DialogHeight", "DialogFullscreen", "Remarks", "CreatedTime", "CreatedBy", "ModifiedTime", "ModifiedBy") VALUES ('39F3C49B-5FC3-33BE-0FCD-652929D9EA73', '', 2, '00000000-0000-0000-0000-000000000000', '官方文档', '', '', '', 'http://docs.17mkh.com/', 'archives', '', 0, 1, 2, 0, '', '', 1, '', '2020-03-07 08:39:13.0916275', '39F08CFD-8E0D-771B-A2F3-2639A62CA2FA', '2020-03-07 08:40:19.01461', '39F08CFD-8E0D-771B-A2F3-2639A62CA2FA');
INSERT INTO "Menu"("Id", "ModuleCode", "Type", "ParentId", "Name", "RouteName", "RouteParams", "RouteQuery", "Url", "Icon", "IconColor", "Level", "Show", "Sort", "Target", "DialogWidth", "DialogHeight", "DialogFullscreen", "Remarks", "CreatedTime", "CreatedBy", "ModifiedTime", "ModifiedBy") VALUES ('39F3C49B-D757-EA18-E9C4-D9C768F77512', '', 2, '00000000-0000-0000-0000-000000000000', 'GitHub', '', '', '', 'https://github.com/iamoldli/NetModular', 'github', '', 0, 1, 3, 0, '', '', 1, '', '2020-03-07 08:39:43.7035838', '39F08CFD-8E0D-771B-A2F3-2639A62CA2FA', '2020-03-07 08:40:19.0763369', '39F08CFD-8E0D-771B-A2F3-2639A62CA2FA');
INSERT INTO "Menu"("Id", "ModuleCode", "Type", "ParentId", "Name", "RouteName", "RouteParams", "RouteQuery", "Url", "Icon", "IconColor", "Level", "Show", "Sort", "Target", "DialogWidth", "DialogHeight", "DialogFullscreen", "Remarks", "CreatedTime", "CreatedBy", "ModifiedTime", "ModifiedBy") VALUES ('39F3C49C-1756-9047-34B5-6DCFADEFE28D', '', 0, '00000000-0000-0000-0000-000000000000', '系统配置', '', '', '', '', 'system', '', 0, 1, 1, -1, '', '', 1, '', '2020-03-07 08:40:00.0860456', '39F08CFD-8E0D-771B-A2F3-2639A62CA2FA', '2020-03-07 08:40:18.9629862', '39F08CFD-8E0D-771B-A2F3-2639A62CA2FA');
INSERT INTO "Menu"("Id", "ModuleCode", "Type", "ParentId", "Name", "RouteName", "RouteParams", "RouteQuery", "Url", "Icon", "IconColor", "Level", "Show", "Sort", "Target", "DialogWidth", "DialogHeight", "DialogFullscreen", "Remarks", "CreatedTime", "CreatedBy", "ModifiedTime", "ModifiedBy") VALUES ('39F3C49C-400A-B33D-0C8F-E878AAABA954', '', 0, '00000000-0000-0000-0000-000000000000', '权限管理', '', '', '', '', 'verifycode', '', 0, 1, 0, -1, '', '', 1, '', '2020-03-07 08:40:10.5062392', '39F08CFD-8E0D-771B-A2F3-2639A62CA2FA', '2020-04-18 09:51:26.376612', '39F08CFD-8E0D-771B-A2F3-2639A62CA2FA');
INSERT INTO "Menu"("Id", "ModuleCode", "Type", "ParentId", "Name", "RouteName", "RouteParams", "RouteQuery", "Url", "Icon", "IconColor", "Level", "Show", "Sort", "Target", "DialogWidth", "DialogHeight", "DialogFullscreen", "Remarks", "CreatedTime", "CreatedBy", "ModifiedTime", "ModifiedBy") VALUES ('39F3C49C-8CCC-2A54-DAC7-B5DD6503D91A', 'Admin', 1, '39F3C49C-1756-9047-34B5-6DCFADEFE28D', '配置管理', 'admin_config', '', '', '', 'tag', '', 1, 1, 0, 0, '', '', 1, '', '2020-03-07 08:40:30.1391458', '39F08CFD-8E0D-771B-A2F3-2639A62CA2FA', '2020-04-17 14:49:28.2885862', '39F08CFD-8E0D-771B-A2F3-2639A62CA2FA');
INSERT INTO "Menu"("Id", "ModuleCode", "Type", "ParentId", "Name", "RouteName", "RouteParams", "RouteQuery", "Url", "Icon", "IconColor", "Level", "Show", "Sort", "Target", "DialogWidth", "DialogHeight", "DialogFullscreen", "Remarks", "CreatedTime", "CreatedBy", "ModifiedTime", "ModifiedBy") VALUES ('39F3C49C-9EF2-C04B-FC63-5CDC9811C506', 'Admin', 1, '39F3C49C-1756-9047-34B5-6DCFADEFE28D', '缓存管理', 'admin_cache', '', '', '', 'redis', '', 1, 1, 0, 0, '', '', 1, '', '2020-03-07 08:40:34.7698442', '39F08CFD-8E0D-771B-A2F3-2639A62CA2FA', '2020-03-07 08:40:34.7698478', '39F08CFD-8E0D-771B-A2F3-2639A62CA2FA');
INSERT INTO "Menu"("Id", "ModuleCode", "Type", "ParentId", "Name", "RouteName", "RouteParams", "RouteQuery", "Url", "Icon", "IconColor", "Level", "Show", "Sort", "Target", "DialogWidth", "DialogHeight", "DialogFullscreen", "Remarks", "CreatedTime", "CreatedBy", "ModifiedTime", "ModifiedBy") VALUES ('39F3C49C-ADF2-D90F-9626-99ACECC76C37', 'Admin', 1, '39F3C49C-1756-9047-34B5-6DCFADEFE28D', '图标管理', 'admin_icon', '', '', '', 'icon', '', 1, 1, 0, 0, '', '', 1, '', '2020-03-07 08:40:38.6283376', '39F08CFD-8E0D-771B-A2F3-2639A62CA2FA', '2020-03-07 08:40:38.6283379', '39F08CFD-8E0D-771B-A2F3-2639A62CA2FA');
INSERT INTO "Menu"("Id", "ModuleCode", "Type", "ParentId", "Name", "RouteName", "RouteParams", "RouteQuery", "Url", "Icon", "IconColor", "Level", "Show", "Sort", "Target", "DialogWidth", "DialogHeight", "DialogFullscreen", "Remarks", "CreatedTime", "CreatedBy", "ModifiedTime", "ModifiedBy") VALUES ('39F3C49C-D5DC-90A5-6CC3-B3A0B9040643', 'Admin', 1, '39F3C49C-400A-B33D-0C8F-E878AAABA954', '模块中心', 'admin_module', '', '', '', 'product', '', 1, 1, 0, 0, '', '', 1, '', '2020-03-07 08:40:48.833301', '39F08CFD-8E0D-771B-A2F3-2639A62CA2FA', '2020-04-17 13:12:14.6433448', '39F08CFD-8E0D-771B-A2F3-2639A62CA2FA');
INSERT INTO "Menu"("Id", "ModuleCode", "Type", "ParentId", "Name", "RouteName", "RouteParams", "RouteQuery", "Url", "Icon", "IconColor", "Level", "Show", "Sort", "Target", "DialogWidth", "DialogHeight", "DialogFullscreen", "Remarks", "CreatedTime", "CreatedBy", "ModifiedTime", "ModifiedBy") VALUES ('39F3C49C-ED14-45E0-718C-7D650D850143', 'Admin', 1, '39F3C49C-400A-B33D-0C8F-E878AAABA954', '菜单管理', 'admin_menu', '', '', '', 'menu', '', 1, 1, 0, 0, '', '', 1, '', '2020-03-07 08:40:54.7753723', '39F08CFD-8E0D-771B-A2F3-2639A62CA2FA', '2020-03-07 08:40:54.7753731', '39F08CFD-8E0D-771B-A2F3-2639A62CA2FA');
INSERT INTO "Menu"("Id", "ModuleCode", "Type", "ParentId", "Name", "RouteName", "RouteParams", "RouteQuery", "Url", "Icon", "IconColor", "Level", "Show", "Sort", "Target", "DialogWidth", "DialogHeight", "DialogFullscreen", "Remarks", "CreatedTime", "CreatedBy", "ModifiedTime", "ModifiedBy") VALUES ('39F3C49C-FFC8-9DE6-77EB-0FE0A8364F8C', 'Admin', 1, '39F3C49C-400A-B33D-0C8F-E878AAABA954', '角色管理', 'admin_role', '', '', '', 'role', '', 1, 1, 0, 0, '', '', 1, '', '2020-03-07 08:40:59.5720742', '39F08CFD-8E0D-771B-A2F3-2639A62CA2FA', '2020-03-07 08:40:59.5720814', '39F08CFD-8E0D-771B-A2F3-2639A62CA2FA');
INSERT INTO "Menu"("Id", "ModuleCode", "Type", "ParentId", "Name", "RouteName", "RouteParams", "RouteQuery", "Url", "Icon", "IconColor", "Level", "Show", "Sort", "Target", "DialogWidth", "DialogHeight", "DialogFullscreen", "Remarks", "CreatedTime", "CreatedBy", "ModifiedTime", "ModifiedBy") VALUES ('39F3C49D-0EB2-662F-2A0D-706F41140D12', 'Admin', 1, '39F3C49C-400A-B33D-0C8F-E878AAABA954', '账户管理', 'admin_account', '', '', '', 'user', '', 1, 1, 0, 0, '', '', 1, '', '2020-03-07 08:41:03.3892478', '39F08CFD-8E0D-771B-A2F3-2639A62CA2FA', '2020-03-07 08:41:03.3892482', '39F08CFD-8E0D-771B-A2F3-2639A62CA2FA');
INSERT INTO "Menu"("Id", "ModuleCode", "Type", "ParentId", "Name", "RouteName", "RouteParams", "RouteQuery", "Url", "Icon", "IconColor", "Level", "Show", "Sort", "Target", "DialogWidth", "DialogHeight", "DialogFullscreen", "Remarks", "CreatedTime", "CreatedBy", "ModifiedTime", "ModifiedBy") VALUES ('39F3C49D-23BF-F189-0047-1B2954A02989', 'Admin', 1, '39F3C49C-400A-B33D-0C8F-E878AAABA954', '审计日志', 'admin_auditinfo', '', '', '', 'log', '', 1, 1, 0, 0, '', '', 1, '', '2020-03-07 08:41:08.782229', '39F08CFD-8E0D-771B-A2F3-2639A62CA2FA', '2020-03-07 08:41:08.7822294', '39F08CFD-8E0D-771B-A2F3-2639A62CA2FA');
INSERT INTO "Menu_Permission"("Id", "MenuCode", "PermissionCode") VALUES (1, 'admin_cache', 'admin_cache_query_get');
INSERT INTO "Menu_Permission"("Id", "MenuCode", "PermissionCode") VALUES (2, 'admin_menu', 'admin_menu_query_get');
INSERT INTO "Menu_Permission"("Id", "MenuCode", "PermissionCode") VALUES (3, 'admin_menu', 'admin_menu_tree_get');
INSERT INTO "Menu_Permission"("Id", "MenuCode", "PermissionCode") VALUES (4, 'admin_role', 'admin_role_query_get');
INSERT INTO "Menu_Permission"("Id", "MenuCode", "PermissionCode") VALUES (5, 'admin_account', 'admin_account_query_get');
INSERT INTO "Menu_Permission"("Id", "MenuCode", "PermissionCode") VALUES (6, 'admin_auditinfo', 'admin_auditinfo_query_get');
INSERT INTO "Menu_Permission"("Id", "MenuCode", "PermissionCode") VALUES (7, 'admin_module', 'admin_module_query_get');
INSERT INTO "Menu_Permission"("Id", "MenuCode", "PermissionCode") VALUES (8, 'admin_module', 'admin_permission_query_get');
INSERT INTO "Menu_Permission"("Id", "MenuCode", "PermissionCode") VALUES (9, 'admin_module', 'admin_permission_querybycodes_get');
INSERT INTO "Menu_Permission"("Id", "MenuCode", "PermissionCode") VALUES (10, 'admin_config', 'admin_config_edit_get');
INSERT INTO "Menu_Permission"("Id", "MenuCode", "PermissionCode") VALUES (11, 'admin_config', 'admin_config_update_post');
INSERT INTO "Menu_Permission"("Id", "MenuCode", "PermissionCode") VALUES (12, 'admin_config', 'admin_config_uploadlogo_post');
INSERT INTO "Menu_Permission"("Id", "MenuCode", "PermissionCode") VALUES (13, 'admin_config', 'admin_config_logourl_get');
INSERT INTO "Menu_Permission"("Id", "MenuCode", "PermissionCode") VALUES (14, 'admin_config', 'admin_config_descriptors_get');
INSERT INTO "Module"("Id", "Number", "Name", "Code", "Icon", "Version", "Remarks", "ApiRequestCount") VALUES ('39F498A8-AE7B-049F-C78A-E16941E70FC5', 0, '权限管理', 'Admin', 'permission', '1.9.7', '权限管理模块用于身份认证以及授权等功能', 0);
INSERT INTO "Permission"("Id", "Name", "ModuleCode", "Controller", "Action", "HttpMethod", "Code") VALUES ('39F49913-844B-7342-A4FA-B7164BFB72EB', '账户管理_查询', 'Admin', 'Account', 'Query', 0, 'admin_account_query_get');
INSERT INTO "Permission"("Id", "Name", "ModuleCode", "Controller", "Action", "HttpMethod", "Code") VALUES ('39F49913-8472-7CF6-E98F-D5D5870F14A3', '账户管理_添加', 'Admin', 'Account', 'Add', 2, 'admin_account_add_post');
INSERT INTO "Permission"("Id", "Name", "ModuleCode", "Controller", "Action", "HttpMethod", "Code") VALUES ('39F49913-849F-15F3-DB34-B29E27A1865C', '账户管理_编辑', 'Admin', 'Account', 'Edit', 0, 'admin_account_edit_get');
INSERT INTO "Permission"("Id", "Name", "ModuleCode", "Controller", "Action", "HttpMethod", "Code") VALUES ('39F49913-84C9-5A73-4DE1-34D9FD65093F', '账户管理_更新', 'Admin', 'Account', 'Update', 2, 'admin_account_update_post');
INSERT INTO "Permission"("Id", "Name", "ModuleCode", "Controller", "Action", "HttpMethod", "Code") VALUES ('39F49913-84EA-A6AA-6297-13B33BA05890', '账户管理_删除', 'Admin', 'Account', 'Delete', 3, 'admin_account_delete_delete');
INSERT INTO "Permission"("Id", "Name", "ModuleCode", "Controller", "Action", "HttpMethod", "Code") VALUES ('39F49913-8508-8962-CF02-00FD2406F858', '账户管理_绑定角色', 'Admin', 'Account', 'BindRole', 2, 'admin_account_bindrole_post');
INSERT INTO "Permission"("Id", "Name", "ModuleCode", "Controller", "Action", "HttpMethod", "Code") VALUES ('39F49913-852F-8052-66DE-609E68A5ADF5', '账户管理_重置密码', 'Admin', 'Account', 'ResetPassword', 2, 'admin_account_resetpassword_post');
INSERT INTO "Permission"("Id", "Name", "ModuleCode", "Controller", "Action", "HttpMethod", "Code") VALUES ('39F49913-854F-FE28-10C9-6728F7B9B85C', '审计信息_查询', 'Admin', 'AuditInfo', 'Query', 0, 'admin_auditinfo_query_get');
INSERT INTO "Permission"("Id", "Name", "ModuleCode", "Controller", "Action", "HttpMethod", "Code") VALUES ('39F49913-856B-66F3-0276-4EF8388D2B29', '审计信息_详情', 'Admin', 'AuditInfo', 'Details', 0, 'admin_auditinfo_details_get');
INSERT INTO "Permission"("Id", "Name", "ModuleCode", "Controller", "Action", "HttpMethod", "Code") VALUES ('39F49913-8592-5F95-E010-7592EA599C46', '审计信息_导出', 'Admin', 'AuditInfo', 'Export', 2, 'admin_auditinfo_export_post');
INSERT INTO "Permission"("Id", "Name", "ModuleCode", "Controller", "Action", "HttpMethod", "Code") VALUES ('39F49913-85AB-9526-8E90-12922E2A1660', '按钮管理_查询', 'Admin', 'Button', 'Query', 0, 'admin_button_query_get');
INSERT INTO "Permission"("Id", "Name", "ModuleCode", "Controller", "Action", "HttpMethod", "Code") VALUES ('39F49913-85C4-14F5-1873-2A13CC4C2739', '缓存管理_查询指定模块缓存键列表', 'Admin', 'Cache', 'Query', 0, 'admin_cache_query_get');
INSERT INTO "Permission"("Id", "Name", "ModuleCode", "Controller", "Action", "HttpMethod", "Code") VALUES ('39F49913-85DD-FF98-D961-87AD7FB41EFE', '缓存管理_清除指定前缀的缓存', 'Admin', 'Cache', 'Clear', 3, 'admin_cache_clear_delete');
INSERT INTO "Permission"("Id", "Name", "ModuleCode", "Controller", "Action", "HttpMethod", "Code") VALUES ('39F49913-85F7-04AB-9E46-3CB11BA1A178', '配置管理_编辑', 'Admin', 'Config', 'Edit', 0, 'admin_config_edit_get');
INSERT INTO "Permission"("Id", "Name", "ModuleCode", "Controller", "Action", "HttpMethod", "Code") VALUES ('39F49913-8612-635F-68FB-83193EFAD64F', '配置管理_保存', 'Admin', 'Config', 'Update', 2, 'admin_config_update_post');
INSERT INTO "Permission"("Id", "Name", "ModuleCode", "Controller", "Action", "HttpMethod", "Code") VALUES ('39F49913-8627-CE29-429F-CD932CDF922D', '配置管理_上传Logo', 'Admin', 'Config', 'UploadLogo', 2, 'admin_config_uploadlogo_post');
INSERT INTO "Permission"("Id", "Name", "ModuleCode", "Controller", "Action", "HttpMethod", "Code") VALUES ('39F49913-863C-B164-05C1-C5A8A2CBE935', '配置管理_Logo完整地址', 'Admin', 'Config', 'LogoUrl', 0, 'admin_config_logourl_get');
INSERT INTO "Permission"("Id", "Name", "ModuleCode", "Controller", "Action", "HttpMethod", "Code") VALUES ('39F49913-8654-84EC-8EB3-5E355EB7AEB7', '配置管理_配置描述符列表', 'Admin', 'Config', 'Descriptors', 0, 'admin_config_descriptors_get');
INSERT INTO "Permission"("Id", "Name", "ModuleCode", "Controller", "Action", "HttpMethod", "Code") VALUES ('39F49913-866A-062F-2318-559AF739B2C3', '菜单管理_菜单树', 'Admin', 'Menu', 'Tree', 0, 'admin_menu_tree_get');
INSERT INTO "Permission"("Id", "Name", "ModuleCode", "Controller", "Action", "HttpMethod", "Code") VALUES ('39F49913-8686-7B15-9A14-D833A683A6FF', '菜单管理_查询菜单列表', 'Admin', 'Menu', 'Query', 0, 'admin_menu_query_get');
INSERT INTO "Permission"("Id", "Name", "ModuleCode", "Controller", "Action", "HttpMethod", "Code") VALUES ('39F49913-869B-AACE-FCA1-B065FD97079F', '菜单管理_添加', 'Admin', 'Menu', 'Add', 2, 'admin_menu_add_post');
INSERT INTO "Permission"("Id", "Name", "ModuleCode", "Controller", "Action", "HttpMethod", "Code") VALUES ('39F49913-86B2-B042-448E-2C314FF19270', '菜单管理_删除', 'Admin', 'Menu', 'Delete', 3, 'admin_menu_delete_delete');
INSERT INTO "Permission"("Id", "Name", "ModuleCode", "Controller", "Action", "HttpMethod", "Code") VALUES ('39F49913-86CA-93A8-1D36-FE0498C69851', '菜单管理_编辑', 'Admin', 'Menu', 'Edit', 0, 'admin_menu_edit_get');
INSERT INTO "Permission"("Id", "Name", "ModuleCode", "Controller", "Action", "HttpMethod", "Code") VALUES ('39F49913-86DF-D0AA-BEEA-F55E1069CA93', '菜单管理_更新', 'Admin', 'Menu', 'Update', 2, 'admin_menu_update_post');
INSERT INTO "Permission"("Id", "Name", "ModuleCode", "Controller", "Action", "HttpMethod", "Code") VALUES ('39F49913-86F8-A5D1-7131-D4D97F39686B', '菜单管理_获取排序信息', 'Admin', 'Menu', 'Sort', 0, 'admin_menu_sort_get');
INSERT INTO "Permission"("Id", "Name", "ModuleCode", "Controller", "Action", "HttpMethod", "Code") VALUES ('39F49913-870E-9D0E-1889-C9D8F73D6F63', '菜单管理_更新排序信息', 'Admin', 'Menu', 'Sort', 2, 'admin_menu_sort_post');
INSERT INTO "Permission"("Id", "Name", "ModuleCode", "Controller", "Action", "HttpMethod", "Code") VALUES ('39F49913-8724-47A2-D727-383F992754D0', '模块信息_查询', 'Admin', 'Module', 'Query', 0, 'admin_module_query_get');
INSERT INTO "Permission"("Id", "Name", "ModuleCode", "Controller", "Action", "HttpMethod", "Code") VALUES ('39F49913-8737-BDFF-E11D-B48582244A2E', '模块信息_同步', 'Admin', 'Module', 'Sync', 2, 'admin_module_sync_post');
INSERT INTO "Permission"("Id", "Name", "ModuleCode", "Controller", "Action", "HttpMethod", "Code") VALUES ('39F49913-8751-6119-EE65-892580AE9AB5', '权限接口_查询', 'Admin', 'Permission', 'Query', 0, 'admin_permission_query_get');
INSERT INTO "Permission"("Id", "Name", "ModuleCode", "Controller", "Action", "HttpMethod", "Code") VALUES ('39F49913-876B-9F5C-7F32-3DB942DB63D3', '权限接口_权限树', 'Admin', 'Permission', 'Tree', 0, 'admin_permission_tree_get');
INSERT INTO "Permission"("Id", "Name", "ModuleCode", "Controller", "Action", "HttpMethod", "Code") VALUES ('39F49913-8786-DAF9-A22F-0AC2200577EB', '权限接口_根据编码查询', 'Admin', 'Permission', 'QueryByCodes', 0, 'admin_permission_querybycodes_get');
INSERT INTO "Permission"("Id", "Name", "ModuleCode", "Controller", "Action", "HttpMethod", "Code") VALUES ('39F49913-879B-9D44-DDAF-33322A31BECB', '角色管理_查询', 'Admin', 'Role', 'Query', 0, 'admin_role_query_get');
INSERT INTO "Permission"("Id", "Name", "ModuleCode", "Controller", "Action", "HttpMethod", "Code") VALUES ('39F49913-87B0-40B4-99E5-AC321BAFF39E', '角色管理_添加', 'Admin', 'Role', 'Add', 2, 'admin_role_add_post');
INSERT INTO "Permission"("Id", "Name", "ModuleCode", "Controller", "Action", "HttpMethod", "Code") VALUES ('39F49913-87C7-8EC4-5A4A-85B01DF79CD2', '角色管理_删除', 'Admin', 'Role', 'Delete', 3, 'admin_role_delete_delete');
INSERT INTO "Permission"("Id", "Name", "ModuleCode", "Controller", "Action", "HttpMethod", "Code") VALUES ('39F49913-87DE-A484-E24E-BBC05E5AC079', '角色管理_编辑', 'Admin', 'Role', 'Edit', 0, 'admin_role_edit_get');
INSERT INTO "Permission"("Id", "Name", "ModuleCode", "Controller", "Action", "HttpMethod", "Code") VALUES ('39F49913-87F3-8EDA-117F-6064C469ABF1', '角色管理_修改', 'Admin', 'Role', 'Update', 2, 'admin_role_update_post');
INSERT INTO "Permission"("Id", "Name", "ModuleCode", "Controller", "Action", "HttpMethod", "Code") VALUES ('39F49913-8807-62D6-A4B8-FA0DF70306D9', '角色管理_获取角色的关联菜单列表', 'Admin', 'Role', 'MenuList', 0, 'admin_role_menulist_get');
INSERT INTO "Permission"("Id", "Name", "ModuleCode", "Controller", "Action", "HttpMethod", "Code") VALUES ('39F49913-8820-B59A-2F27-860B17B63437', '角色管理_绑定菜单', 'Admin', 'Role', 'BindMenu', 2, 'admin_role_bindmenu_post');
INSERT INTO "Permission"("Id", "Name", "ModuleCode", "Controller", "Action", "HttpMethod", "Code") VALUES ('39F49913-8836-BEF7-DBD9-2CED71EE3C65', '角色管理_获取角色关联的菜单按钮列表', 'Admin', 'Role', 'MenuButtonList', 0, 'admin_role_menubuttonlist_get');
INSERT INTO "Permission"("Id", "Name", "ModuleCode", "Controller", "Action", "HttpMethod", "Code") VALUES ('39F49913-884E-C8D2-9EB0-86D77B263F4A', '角色管理_绑定菜单按钮', 'Admin', 'Role', 'BindMenuButton', 2, 'admin_role_bindmenubutton_post');
INSERT INTO "Permission"("Id", "Name", "ModuleCode", "Controller", "Action", "HttpMethod", "Code") VALUES ('39F49913-8863-A7E0-1462-D2EAF63D8B03', '角色管理_查询平台权限列表', 'Admin', 'Role', 'PlatformPermissionList', 0, 'admin_role_platformpermissionlist_get');
INSERT INTO "Permission"("Id", "Name", "ModuleCode", "Controller", "Action", "HttpMethod", "Code") VALUES ('39F49913-8877-048E-4984-50D981863CA6', '角色管理_绑定平台权限列表', 'Admin', 'Role', 'PlatformPermissionBind', 2, 'admin_role_platformpermissionbind_post');
INSERT INTO "Permission"("Id", "Name", "ModuleCode", "Controller", "Action", "HttpMethod", "Code") VALUES ('39F49913-888F-2295-27EE-CB3EE8DFFC30', '通用工具_枚举下拉列表接口', 'Admin', 'Tool', 'EnumSelect', 0, 'admin_tool_enumselect_get');
INSERT INTO "Role"("Id", "Name", "Remarks", "IsSpecified", "CreatedTime", "CreatedBy", "ModifiedTime", "ModifiedBy", "Deleted", "DeletedTime", "DeletedBy") VALUES ('39F08CFD-8DD0-BB54-4544-C2DC43C6CA38', '超级管理员', '超级管理员', 0, '2019-09-29 10:19:21', '00000000-0000-0000-0000-000000000000', '2020-01-13 19:26:56', '39F08CFD-8E0D-771B-A2F3-2639A62CA2FA', 0, '2019-09-29 10:19:21', '00000000-0000-0000-0000-000000000000');
INSERT INTO "Role_Menu"("Id", "RoleId", "MenuId") VALUES (1, '39F08CFD-8DD0-BB54-4544-C2DC43C6CA38', '00000000-0000-0000-0000-000000000000');
INSERT INTO "Role_Menu"("Id", "RoleId", "MenuId") VALUES (2, '39F08CFD-8DD0-BB54-4544-C2DC43C6CA38', '39F3C49C-400A-B33D-0C8F-E878AAABA954');
INSERT INTO "Role_Menu"("Id", "RoleId", "MenuId") VALUES (3, '39F08CFD-8DD0-BB54-4544-C2DC43C6CA38', '39F3C49C-D5DC-90A5-6CC3-B3A0B9040643');
INSERT INTO "Role_Menu"("Id", "RoleId", "MenuId") VALUES (4, '39F08CFD-8DD0-BB54-4544-C2DC43C6CA38', '39F3C49C-ED14-45E0-718C-7D650D850143');
INSERT INTO "Role_Menu"("Id", "RoleId", "MenuId") VALUES (5, '39F08CFD-8DD0-BB54-4544-C2DC43C6CA38', '39F3C49C-FFC8-9DE6-77EB-0FE0A8364F8C');
INSERT INTO "Role_Menu"("Id", "RoleId", "MenuId") VALUES (6, '39F08CFD-8DD0-BB54-4544-C2DC43C6CA38', '39F3C49D-0EB2-662F-2A0D-706F41140D12');
INSERT INTO "Role_Menu"("Id", "RoleId", "MenuId") VALUES (7, '39F08CFD-8DD0-BB54-4544-C2DC43C6CA38', '39F3C49D-23BF-F189-0047-1B2954A02989');
INSERT INTO "Role_Menu"("Id", "RoleId", "MenuId") VALUES (8, '39F08CFD-8DD0-BB54-4544-C2DC43C6CA38', '39F3C49C-1756-9047-34B5-6DCFADEFE28D');
INSERT INTO "Role_Menu"("Id", "RoleId", "MenuId") VALUES (9, '39F08CFD-8DD0-BB54-4544-C2DC43C6CA38', '39F3C49C-8CCC-2A54-DAC7-B5DD6503D91A');
INSERT INTO "Role_Menu"("Id", "RoleId", "MenuId") VALUES (10, '39F08CFD-8DD0-BB54-4544-C2DC43C6CA38', '39F3C49C-9EF2-C04B-FC63-5CDC9811C506');
INSERT INTO "Role_Menu"("Id", "RoleId", "MenuId") VALUES (11, '39F08CFD-8DD0-BB54-4544-C2DC43C6CA38', '39F3C49C-ADF2-D90F-9626-99ACECC76C37');
INSERT INTO "Role_Menu"("Id", "RoleId", "MenuId") VALUES (12, '39F08CFD-8DD0-BB54-4544-C2DC43C6CA38', '39F3C49B-5FC3-33BE-0FCD-652929D9EA73');
INSERT INTO "Role_Menu"("Id", "RoleId", "MenuId") VALUES (13, '39F08CFD-8DD0-BB54-4544-C2DC43C6CA38', '39F3C49B-D757-EA18-E9C4-D9C768F77512');
INSERT INTO "Role_Menu_Button"("Id", "RoleId", "MenuId", "ButtonId") VALUES (1, '39F08CFD-8DD0-BB54-4544-C2DC43C6CA38', '39F3C49C-ED14-45E0-718C-7D650D850143', '39F3C49C-ED82-7E34-4FAC-550444D13E14');
INSERT INTO "Role_Menu_Button"("Id", "RoleId", "MenuId", "ButtonId") VALUES (2, '39F08CFD-8DD0-BB54-4544-C2DC43C6CA38', '39F3C49C-ED14-45E0-718C-7D650D850143', '39F3C49C-EDE5-837D-4A08-746A4794D160');
INSERT INTO "Role_Menu_Button"("Id", "RoleId", "MenuId", "ButtonId") VALUES (3, '39F08CFD-8DD0-BB54-4544-C2DC43C6CA38', '39F3C49C-ED14-45E0-718C-7D650D850143', '39F3C49C-EE67-9EAC-BD42-2AF470D70385');
INSERT INTO "Role_Menu_Button"("Id", "RoleId", "MenuId", "ButtonId") VALUES (4, '39F08CFD-8DD0-BB54-4544-C2DC43C6CA38', '39F3C49C-ED14-45E0-718C-7D650D850143', '39F3C49C-EEA9-FAA1-BCC6-23F892D195B7');
INSERT INTO "Role_Menu_Button"("Id", "RoleId", "MenuId", "ButtonId") VALUES (5, '39F08CFD-8DD0-BB54-4544-C2DC43C6CA38', '39F3C49C-FFC8-9DE6-77EB-0FE0A8364F8C', '39F3C49D-0035-662E-8E92-CF0B0EF43855');
INSERT INTO "Role_Menu_Button"("Id", "RoleId", "MenuId", "ButtonId") VALUES (6, '39F08CFD-8DD0-BB54-4544-C2DC43C6CA38', '39F3C49C-FFC8-9DE6-77EB-0FE0A8364F8C', '39F3C49D-0084-78DE-1B55-23BB917DBDCD');
INSERT INTO "Role_Menu_Button"("Id", "RoleId", "MenuId", "ButtonId") VALUES (7, '39F08CFD-8DD0-BB54-4544-C2DC43C6CA38', '39F3C49C-FFC8-9DE6-77EB-0FE0A8364F8C', '39F3C49D-00F7-C590-62C8-3569297D9146');
INSERT INTO "Role_Menu_Button"("Id", "RoleId", "MenuId", "ButtonId") VALUES (8, '39F08CFD-8DD0-BB54-4544-C2DC43C6CA38', '39F3C49C-FFC8-9DE6-77EB-0FE0A8364F8C', '39F3C49D-0146-3473-B0C2-9F9F321137EF');
INSERT INTO "Role_Menu_Button"("Id", "RoleId", "MenuId", "ButtonId") VALUES (9, '39F08CFD-8DD0-BB54-4544-C2DC43C6CA38', '39F3C49C-FFC8-9DE6-77EB-0FE0A8364F8C', '39F3C49D-01C6-750C-7855-0D009B351D1B');
INSERT INTO "Role_Menu_Button"("Id", "RoleId", "MenuId", "ButtonId") VALUES (10, '39F08CFD-8DD0-BB54-4544-C2DC43C6CA38', '39F3C49D-23BF-F189-0047-1B2954A02989', '39F3C49D-2428-1E8D-909B-7EAF125DF982');
INSERT INTO "Role_Menu_Button"("Id", "RoleId", "MenuId", "ButtonId") VALUES (11, '39F08CFD-8DD0-BB54-4544-C2DC43C6CA38', '39F3C49D-23BF-F189-0047-1B2954A02989', '39F3C49D-248B-44E8-6182-02E1EAA4D8F5');
INSERT INTO "Role_Menu_Button"("Id", "RoleId", "MenuId", "ButtonId") VALUES (12, '39F08CFD-8DD0-BB54-4544-C2DC43C6CA38', '39F3C49D-0EB2-662F-2A0D-706F41140D12', '39F3C49D-0F00-050E-F52F-2E1AA73D0F6B');
INSERT INTO "Role_Menu_Button"("Id", "RoleId", "MenuId", "ButtonId") VALUES (13, '39F08CFD-8DD0-BB54-4544-C2DC43C6CA38', '39F3C49D-0EB2-662F-2A0D-706F41140D12', '39F3C49D-0F50-B447-D344-D9C587E19736');
INSERT INTO "Role_Menu_Button"("Id", "RoleId", "MenuId", "ButtonId") VALUES (14, '39F08CFD-8DD0-BB54-4544-C2DC43C6CA38', '39F3C49D-0EB2-662F-2A0D-706F41140D12', '39F3C49D-0FD9-68D3-6291-EB1E11BF1F91');
INSERT INTO "Role_Menu_Button"("Id", "RoleId", "MenuId", "ButtonId") VALUES (15, '39F08CFD-8DD0-BB54-4544-C2DC43C6CA38', '39F3C49D-0EB2-662F-2A0D-706F41140D12', '39F3C49D-1029-C143-C624-4975CE886AEA');
INSERT INTO "Role_Menu_Button"("Id", "RoleId", "MenuId", "ButtonId") VALUES (16, '39F08CFD-8DD0-BB54-4544-C2DC43C6CA38', '39F3C49C-9EF2-C04B-FC63-5CDC9811C506', '39F3C49C-9F53-DF6B-BDE6-046073EEC059');
INSERT INTO "Role_Menu_Button"("Id", "RoleId", "MenuId", "ButtonId") VALUES (17, '39F08CFD-8DD0-BB54-4544-C2DC43C6CA38', '39F3C49C-D5DC-90A5-6CC3-B3A0B9040643', '39F498BA-12D2-AF34-41C6-2F9987560E79');
