INSERT INTO [Account]([Id], [Type], [UserName], [Password], [Name], [Phone], [Email], [Status], [IsLock], [ClosedTime], [ClosedBy], [CreatedTime], [CreatedBy], [ModifiedTime], [ModifiedBy], [Deleted], [DeletedTime], [DeletedBy]) VALUES ('39F08CFD-8E0D-771B-A2F3-2639A62CA2FA', 0, 'admin', 'E739279CB28CDAFD7373618313803524', '管理员', '', '', 1, 0, '2019-09-29 10:19:21', '00000000-0000-0000-0000-000000000000', '2019-09-29 10:19:21', '00000000-0000-0000-0000-000000000000', '2020-01-14 15:20:04', '39F08CFD-8E0D-771B-A2F3-2639A62CA2FA', 0, '2019-09-29 10:19:21', '00000000-0000-0000-0000-000000000000');
INSERT INTO [Account_Role]([AccountId], [RoleId]) VALUES ('39F08CFD-8E0D-771B-A2F3-2639A62CA2FA', '39F08CFD-8DD0-BB54-4544-C2DC43C6CA38');
INSERT INTO [Button]([Id], [MenuCode], [Name], [Icon], [Code], [CreatedTime], [CreatedBy], [ModifiedTime], [ModifiedBy]) VALUES ('39F3C49C-9F53-DF6B-BDE6-046073EEC059', 'admin_cache', '清除', 'delete', 'admin_cache_clear', '2020-03-07 08:40:34', '39F08CFD-8E0D-771B-A2F3-2639A62CA2FA', '2020-03-07 08:40:34', '39F08CFD-8E0D-771B-A2F3-2639A62CA2FA');
INSERT INTO [Button]([Id], [MenuCode], [Name], [Icon], [Code], [CreatedTime], [CreatedBy], [ModifiedTime], [ModifiedBy]) VALUES ('39F3C49C-ED82-7E34-4FAC-550444D13E14', 'admin_menu', '添加', 'add', 'admin_menu_add', '2020-03-07 08:40:54', '39F08CFD-8E0D-771B-A2F3-2639A62CA2FA', '2020-03-07 08:40:54', '39F08CFD-8E0D-771B-A2F3-2639A62CA2FA');
INSERT INTO [Button]([Id], [MenuCode], [Name], [Icon], [Code], [CreatedTime], [CreatedBy], [ModifiedTime], [ModifiedBy]) VALUES ('39F3C49C-EDE5-837D-4A08-746A4794D160', 'admin_menu', '编辑', 'edit', 'admin_menu_edit', '2020-03-07 08:40:55', '39F08CFD-8E0D-771B-A2F3-2639A62CA2FA', '2020-03-07 08:40:55', '39F08CFD-8E0D-771B-A2F3-2639A62CA2FA');
INSERT INTO [Button]([Id], [MenuCode], [Name], [Icon], [Code], [CreatedTime], [CreatedBy], [ModifiedTime], [ModifiedBy]) VALUES ('39F3C49C-EE67-9EAC-BD42-2AF470D70385', 'admin_menu', '删除', 'delete', 'admin_menu_del', '2020-03-07 08:40:55', '39F08CFD-8E0D-771B-A2F3-2639A62CA2FA', '2020-03-07 08:40:55', '39F08CFD-8E0D-771B-A2F3-2639A62CA2FA');
INSERT INTO [Button]([Id], [MenuCode], [Name], [Icon], [Code], [CreatedTime], [CreatedBy], [ModifiedTime], [ModifiedBy]) VALUES ('39F3C49C-EEA9-FAA1-BCC6-23F892D195B7', 'admin_menu', '排序', 'sort', 'admin_menu_sort', '2020-03-07 08:40:55', '39F08CFD-8E0D-771B-A2F3-2639A62CA2FA', '2020-03-07 08:40:55', '39F08CFD-8E0D-771B-A2F3-2639A62CA2FA');
INSERT INTO [Button]([Id], [MenuCode], [Name], [Icon], [Code], [CreatedTime], [CreatedBy], [ModifiedTime], [ModifiedBy]) VALUES ('39F3C49D-0035-662E-8E92-CF0B0EF43855', 'admin_role', '添加', 'add', 'admin_role_add', '2020-03-07 08:40:59', '39F08CFD-8E0D-771B-A2F3-2639A62CA2FA', '2020-03-07 08:40:59', '39F08CFD-8E0D-771B-A2F3-2639A62CA2FA');
INSERT INTO [Button]([Id], [MenuCode], [Name], [Icon], [Code], [CreatedTime], [CreatedBy], [ModifiedTime], [ModifiedBy]) VALUES ('39F3C49D-0084-78DE-1B55-23BB917DBDCD', 'admin_role', '编辑', 'edit', 'admin_role_edit', '2020-03-07 08:40:59', '39F08CFD-8E0D-771B-A2F3-2639A62CA2FA', '2020-03-07 08:40:59', '39F08CFD-8E0D-771B-A2F3-2639A62CA2FA');
INSERT INTO [Button]([Id], [MenuCode], [Name], [Icon], [Code], [CreatedTime], [CreatedBy], [ModifiedTime], [ModifiedBy]) VALUES ('39F3C49D-00F7-C590-62C8-3569297D9146', 'admin_role', '删除', 'delete', 'admin_role_del', '2020-03-07 08:40:59', '39F08CFD-8E0D-771B-A2F3-2639A62CA2FA', '2020-03-07 08:40:59', '39F08CFD-8E0D-771B-A2F3-2639A62CA2FA');
INSERT INTO [Button]([Id], [MenuCode], [Name], [Icon], [Code], [CreatedTime], [CreatedBy], [ModifiedTime], [ModifiedBy]) VALUES ('39F3C49D-0146-3473-B0C2-9F9F321137EF', 'admin_role', '绑定菜单', 'bind', 'admin_role_bind_menu', '2020-03-07 08:40:59', '39F08CFD-8E0D-771B-A2F3-2639A62CA2FA', '2020-03-07 08:40:59', '39F08CFD-8E0D-771B-A2F3-2639A62CA2FA');
INSERT INTO [Button]([Id], [MenuCode], [Name], [Icon], [Code], [CreatedTime], [CreatedBy], [ModifiedTime], [ModifiedBy]) VALUES ('39F3C49D-01C6-750C-7855-0D009B351D1B', 'admin_role', '平台权限', 'android', 'admin_role_bind_permission', '2020-03-07 08:41:00', '39F08CFD-8E0D-771B-A2F3-2639A62CA2FA', '2020-03-07 08:41:00', '39F08CFD-8E0D-771B-A2F3-2639A62CA2FA');
INSERT INTO [Button]([Id], [MenuCode], [Name], [Icon], [Code], [CreatedTime], [CreatedBy], [ModifiedTime], [ModifiedBy]) VALUES ('39F3C49D-0F00-050E-F52F-2E1AA73D0F6B', 'admin_account', '添加', 'add', 'admin_account_add', '2020-03-07 08:41:03', '39F08CFD-8E0D-771B-A2F3-2639A62CA2FA', '2020-03-07 08:41:03', '39F08CFD-8E0D-771B-A2F3-2639A62CA2FA');
INSERT INTO [Button]([Id], [MenuCode], [Name], [Icon], [Code], [CreatedTime], [CreatedBy], [ModifiedTime], [ModifiedBy]) VALUES ('39F3C49D-0F50-B447-D344-D9C587E19736', 'admin_account', '编辑', 'edit', 'admin_account_edit', '2020-03-07 08:41:03', '39F08CFD-8E0D-771B-A2F3-2639A62CA2FA', '2020-03-07 08:41:03', '39F08CFD-8E0D-771B-A2F3-2639A62CA2FA');
INSERT INTO [Button]([Id], [MenuCode], [Name], [Icon], [Code], [CreatedTime], [CreatedBy], [ModifiedTime], [ModifiedBy]) VALUES ('39F3C49D-0FD9-68D3-6291-EB1E11BF1F91', 'admin_account', '删除', 'delete', 'admin_account_del', '2020-03-07 08:41:03', '39F08CFD-8E0D-771B-A2F3-2639A62CA2FA', '2020-03-07 08:41:03', '39F08CFD-8E0D-771B-A2F3-2639A62CA2FA');
INSERT INTO [Button]([Id], [MenuCode], [Name], [Icon], [Code], [CreatedTime], [CreatedBy], [ModifiedTime], [ModifiedBy]) VALUES ('39F3C49D-1029-C143-C624-4975CE886AEA', 'admin_account', '重置密码', 'refresh', 'admin_account_reset_password', '2020-03-07 08:41:03', '39F08CFD-8E0D-771B-A2F3-2639A62CA2FA', '2020-03-07 08:41:03', '39F08CFD-8E0D-771B-A2F3-2639A62CA2FA');
INSERT INTO [Button]([Id], [MenuCode], [Name], [Icon], [Code], [CreatedTime], [CreatedBy], [ModifiedTime], [ModifiedBy]) VALUES ('39F3C49D-2428-1E8D-909B-7EAF125DF982', 'admin_auditinfo', '详情', 'detail', 'admin_auditinfo_details', '2020-03-07 08:41:08', '39F08CFD-8E0D-771B-A2F3-2639A62CA2FA', '2020-04-26 13:42:54', '39F08CFD-8E0D-771B-A2F3-2639A62CA2FA');
INSERT INTO [Button]([Id], [MenuCode], [Name], [Icon], [Code], [CreatedTime], [CreatedBy], [ModifiedTime], [ModifiedBy]) VALUES ('39F3C49D-248B-44E8-6182-02E1EAA4D8F5', 'admin_auditinfo', '导出', 'export', 'admin_auditinfo_export', '2020-03-07 08:41:09', '39F08CFD-8E0D-771B-A2F3-2639A62CA2FA', '2020-04-26 13:42:54', '39F08CFD-8E0D-771B-A2F3-2639A62CA2FA');
INSERT INTO [Button]([Id], [MenuCode], [Name], [Icon], [Code], [CreatedTime], [CreatedBy], [ModifiedTime], [ModifiedBy]) VALUES ('39F498BA-12D2-AF34-41C6-2F9987560E79', 'admin_module', '同步', 'refresh', 'admin_module_sync', '2020-04-17 13:12:14', '39F08CFD-8E0D-771B-A2F3-2639A62CA2FA', '2020-04-17 13:12:14', '39F08CFD-8E0D-771B-A2F3-2639A62CA2FA');
INSERT INTO [Button]([Id], [MenuCode], [Name], [Icon], [Code], [CreatedTime], [CreatedBy], [ModifiedTime], [ModifiedBy]) VALUES ('39F4C738-2DC8-0B41-37EB-A2C3672F66E4', 'admin_log_login', '导出', 'export', 'admin_log_login_export', '2020-04-26 13:52:31', '39F08CFD-8E0D-771B-A2F3-2639A62CA2FA', '2020-04-26 13:52:31', '39F08CFD-8E0D-771B-A2F3-2639A62CA2FA');
INSERT INTO [Button_Permission]([ButtonCode], [PermissionCode]) VALUES ('admin_cache_clear', 'admin_cache_clear_delete');
INSERT INTO [Button_Permission]([ButtonCode], [PermissionCode]) VALUES ('admin_menu_add', 'admin_menu_add_post');
INSERT INTO [Button_Permission]([ButtonCode], [PermissionCode]) VALUES ('admin_menu_edit', 'admin_menu_edit_get');
INSERT INTO [Button_Permission]([ButtonCode], [PermissionCode]) VALUES ('admin_menu_edit', 'admin_menu_update_post');
INSERT INTO [Button_Permission]([ButtonCode], [PermissionCode]) VALUES ('admin_menu_del', 'admin_menu_delete_delete');
INSERT INTO [Button_Permission]([ButtonCode], [PermissionCode]) VALUES ('admin_menu_sort', 'admin_menu_sort_get');
INSERT INTO [Button_Permission]([ButtonCode], [PermissionCode]) VALUES ('admin_menu_sort', 'admin_menu_sort_post');
INSERT INTO [Button_Permission]([ButtonCode], [PermissionCode]) VALUES ('admin_role_add', 'admin_role_add_post');
INSERT INTO [Button_Permission]([ButtonCode], [PermissionCode]) VALUES ('admin_role_edit', 'admin_role_edit_get');
INSERT INTO [Button_Permission]([ButtonCode], [PermissionCode]) VALUES ('admin_role_edit', 'admin_role_update_post');
INSERT INTO [Button_Permission]([ButtonCode], [PermissionCode]) VALUES ('admin_role_del', 'admin_role_delete_delete');
INSERT INTO [Button_Permission]([ButtonCode], [PermissionCode]) VALUES ('admin_role_bind_menu', 'admin_role_menulist_get');
INSERT INTO [Button_Permission]([ButtonCode], [PermissionCode]) VALUES ('admin_role_bind_menu', 'admin_role_bindmenu_post');
INSERT INTO [Button_Permission]([ButtonCode], [PermissionCode]) VALUES ('admin_role_bind_menu', 'admin_role_menubuttonlist_get');
INSERT INTO [Button_Permission]([ButtonCode], [PermissionCode]) VALUES ('admin_role_bind_menu', 'admin_role_bindmenubutton_post');
INSERT INTO [Button_Permission]([ButtonCode], [PermissionCode]) VALUES ('admin_role_bind_permission', 'admin_permission_tree_get');
INSERT INTO [Button_Permission]([ButtonCode], [PermissionCode]) VALUES ('admin_role_bind_permission', 'admin_role_platformpermissionlist_get');
INSERT INTO [Button_Permission]([ButtonCode], [PermissionCode]) VALUES ('admin_role_bind_permission', 'admin_role_platformpermissionbind_post');
INSERT INTO [Button_Permission]([ButtonCode], [PermissionCode]) VALUES ('admin_account_add', 'admin_account_add_post');
INSERT INTO [Button_Permission]([ButtonCode], [PermissionCode]) VALUES ('admin_account_edit', 'admin_account_edit_get');
INSERT INTO [Button_Permission]([ButtonCode], [PermissionCode]) VALUES ('admin_account_edit', 'admin_account_update_post');
INSERT INTO [Button_Permission]([ButtonCode], [PermissionCode]) VALUES ('admin_account_del', 'admin_account_delete_delete');
INSERT INTO [Button_Permission]([ButtonCode], [PermissionCode]) VALUES ('admin_account_reset_password', 'admin_account_resetpassword_post');
INSERT INTO [Button_Permission]([ButtonCode], [PermissionCode]) VALUES ('admin_module_sync', 'admin_module_sync_post');
INSERT INTO [Button_Permission]([ButtonCode], [PermissionCode]) VALUES ('admin_auditinfo_details', 'admin_auditinfo_details_get');
INSERT INTO [Button_Permission]([ButtonCode], [PermissionCode]) VALUES ('admin_auditinfo_export', 'admin_auditinfo_export_post');
INSERT INTO [Button_Permission]([ButtonCode], [PermissionCode]) VALUES ('admin_log_login_export', 'admin_log_loginexport_post');
INSERT INTO [Config]([Type], [Code], [Value]) VALUES (0, 'System', '{"title":"NetModular通用权限管理系统","logo":null,"copyright":"版权所有：尼古拉斯·老李 | 用代码改变世界 Powered by .Net Core 3.1.0 on Linux"}');
INSERT INTO [Config]([Type], [Code], [Value]) VALUES (1, 'Admin', '{"auditing":true,"loginLog":true,"defaultPassword":"123456"}');
INSERT INTO [Config]([Type], [Code], [Value]) VALUES (0, 'Auth', '{"verifyCode":false,"validate":true,"button":true,"singleAccount":false,"jwt":{"key":"twAJ$j5##pVc5*y&","issuer":"http://127.0.0.1:6220","audience":"http://127.0.0.1:6220","expires":120,"refreshTokenExpires":7},"loginMode":{"userName":true,"email":true,"userNameOrEmail":true,"phone":true,"weChat":false,"qq":false,"gitHub":false}}');
INSERT INTO [Config]([Type], [Code], [Value]) VALUES (0, 'Component', '{"login":{"defaultAccountType":0,"pageType":"neon","verifyCode":false},"menu":{"uniqueOpened":true},"dialog":{"closeOnClickModal":false,"draggable":false},"list":{"serialNumberName":null},"tabnav":{"enabled":true,"showHome":true,"homeUrl":null,"showIcon":true,"maxOpenCount":20},"toolbar":{"fullscreen":true,"skin":true,"logout":true,"userInfo":true},"customCss":null}');
INSERT INTO [Menu]([Id], [ModuleCode], [Type], [ParentId], [Name], [RouteName], [RouteParams], [RouteQuery], [Url], [Icon], [IconColor], [Level], [Show], [Sort], [Target], [DialogWidth], [DialogHeight], [DialogFullscreen], [Remarks], [CreatedTime], [CreatedBy], [ModifiedTime], [ModifiedBy]) VALUES ('39F3C49B-5FC3-33BE-0FCD-652929D9EA73', '', 2, '00000000-0000-0000-0000-000000000000', '官方文档', '', '', '', 'http://docs.17mkh.com/', 'archives', '', 0, 1, 3, 0, '', '', 1, '', '2020-03-07 08:39:13', '39F08CFD-8E0D-771B-A2F3-2639A62CA2FA', '2020-04-26 14:51:40', '39F08CFD-8E0D-771B-A2F3-2639A62CA2FA');
INSERT INTO [Menu]([Id], [ModuleCode], [Type], [ParentId], [Name], [RouteName], [RouteParams], [RouteQuery], [Url], [Icon], [IconColor], [Level], [Show], [Sort], [Target], [DialogWidth], [DialogHeight], [DialogFullscreen], [Remarks], [CreatedTime], [CreatedBy], [ModifiedTime], [ModifiedBy]) VALUES ('39F3C49B-D757-EA18-E9C4-D9C768F77512', '', 2, '00000000-0000-0000-0000-000000000000', 'GitHub', '', '', '', 'https://github.com/iamoldli/NetModular', 'github', '', 0, 1, 4, 0, '', '', 1, '', '2020-03-07 08:39:43', '39F08CFD-8E0D-771B-A2F3-2639A62CA2FA', '2020-04-26 14:51:40', '39F08CFD-8E0D-771B-A2F3-2639A62CA2FA');
INSERT INTO [Menu]([Id], [ModuleCode], [Type], [ParentId], [Name], [RouteName], [RouteParams], [RouteQuery], [Url], [Icon], [IconColor], [Level], [Show], [Sort], [Target], [DialogWidth], [DialogHeight], [DialogFullscreen], [Remarks], [CreatedTime], [CreatedBy], [ModifiedTime], [ModifiedBy]) VALUES ('39F3C49C-1756-9047-34B5-6DCFADEFE28D', '', 0, '00000000-0000-0000-0000-000000000000', '系统配置', '', '', '', '', 'system', '', 0, 1, 2, -1, '', '', 1, '', '2020-03-07 08:40:00', '39F08CFD-8E0D-771B-A2F3-2639A62CA2FA', '2020-04-26 14:51:40', '39F08CFD-8E0D-771B-A2F3-2639A62CA2FA');
INSERT INTO [Menu]([Id], [ModuleCode], [Type], [ParentId], [Name], [RouteName], [RouteParams], [RouteQuery], [Url], [Icon], [IconColor], [Level], [Show], [Sort], [Target], [DialogWidth], [DialogHeight], [DialogFullscreen], [Remarks], [CreatedTime], [CreatedBy], [ModifiedTime], [ModifiedBy]) VALUES ('39F3C49C-400A-B33D-0C8F-E878AAABA954', '', 0, '00000000-0000-0000-0000-000000000000', '权限管理', '', '', '', '', 'verifycode', '', 0, 1, 0, -1, '', '', 1, '', '2020-03-07 08:40:10', '39F08CFD-8E0D-771B-A2F3-2639A62CA2FA', '2020-04-26 14:51:40', '39F08CFD-8E0D-771B-A2F3-2639A62CA2FA');
INSERT INTO [Menu]([Id], [ModuleCode], [Type], [ParentId], [Name], [RouteName], [RouteParams], [RouteQuery], [Url], [Icon], [IconColor], [Level], [Show], [Sort], [Target], [DialogWidth], [DialogHeight], [DialogFullscreen], [Remarks], [CreatedTime], [CreatedBy], [ModifiedTime], [ModifiedBy]) VALUES ('39F3C49C-8CCC-2A54-DAC7-B5DD6503D91A', 'Admin', 1, '39F3C49C-1756-9047-34B5-6DCFADEFE28D', '配置管理', 'admin_config', '', '', '', 'tag', '', 1, 1, 0, 0, '', '', 1, '', '2020-03-07 08:40:30', '39F08CFD-8E0D-771B-A2F3-2639A62CA2FA', '2020-04-17 14:49:28', '39F08CFD-8E0D-771B-A2F3-2639A62CA2FA');
INSERT INTO [Menu]([Id], [ModuleCode], [Type], [ParentId], [Name], [RouteName], [RouteParams], [RouteQuery], [Url], [Icon], [IconColor], [Level], [Show], [Sort], [Target], [DialogWidth], [DialogHeight], [DialogFullscreen], [Remarks], [CreatedTime], [CreatedBy], [ModifiedTime], [ModifiedBy]) VALUES ('39F3C49C-9EF2-C04B-FC63-5CDC9811C506', 'Admin', 1, '39F3C49C-1756-9047-34B5-6DCFADEFE28D', '缓存管理', 'admin_cache', '', '', '', 'redis', '', 1, 1, 0, 0, '', '', 1, '', '2020-03-07 08:40:34', '39F08CFD-8E0D-771B-A2F3-2639A62CA2FA', '2020-03-07 08:40:34', '39F08CFD-8E0D-771B-A2F3-2639A62CA2FA');
INSERT INTO [Menu]([Id], [ModuleCode], [Type], [ParentId], [Name], [RouteName], [RouteParams], [RouteQuery], [Url], [Icon], [IconColor], [Level], [Show], [Sort], [Target], [DialogWidth], [DialogHeight], [DialogFullscreen], [Remarks], [CreatedTime], [CreatedBy], [ModifiedTime], [ModifiedBy]) VALUES ('39F3C49C-ADF2-D90F-9626-99ACECC76C37', 'Admin', 1, '39F3C49C-1756-9047-34B5-6DCFADEFE28D', '图标管理', 'admin_icon', '', '', '', 'icon', '', 1, 1, 0, 0, '', '', 1, '', '2020-03-07 08:40:38', '39F08CFD-8E0D-771B-A2F3-2639A62CA2FA', '2020-03-07 08:40:38', '39F08CFD-8E0D-771B-A2F3-2639A62CA2FA');
INSERT INTO [Menu]([Id], [ModuleCode], [Type], [ParentId], [Name], [RouteName], [RouteParams], [RouteQuery], [Url], [Icon], [IconColor], [Level], [Show], [Sort], [Target], [DialogWidth], [DialogHeight], [DialogFullscreen], [Remarks], [CreatedTime], [CreatedBy], [ModifiedTime], [ModifiedBy]) VALUES ('39F3C49C-D5DC-90A5-6CC3-B3A0B9040643', 'Admin', 1, '39F3C49C-400A-B33D-0C8F-E878AAABA954', '模块中心', 'admin_module', '', '', '', 'product', '', 1, 1, 0, 0, '', '', 1, '', '2020-03-07 08:40:48', '39F08CFD-8E0D-771B-A2F3-2639A62CA2FA', '2020-04-17 13:12:14', '39F08CFD-8E0D-771B-A2F3-2639A62CA2FA');
INSERT INTO [Menu]([Id], [ModuleCode], [Type], [ParentId], [Name], [RouteName], [RouteParams], [RouteQuery], [Url], [Icon], [IconColor], [Level], [Show], [Sort], [Target], [DialogWidth], [DialogHeight], [DialogFullscreen], [Remarks], [CreatedTime], [CreatedBy], [ModifiedTime], [ModifiedBy]) VALUES ('39F3C49C-ED14-45E0-718C-7D650D850143', 'Admin', 1, '39F3C49C-400A-B33D-0C8F-E878AAABA954', '菜单管理', 'admin_menu', '', '', '', 'menu', '', 1, 1, 0, 0, '', '', 1, '', '2020-03-07 08:40:54', '39F08CFD-8E0D-771B-A2F3-2639A62CA2FA', '2020-03-07 08:40:54', '39F08CFD-8E0D-771B-A2F3-2639A62CA2FA');
INSERT INTO [Menu]([Id], [ModuleCode], [Type], [ParentId], [Name], [RouteName], [RouteParams], [RouteQuery], [Url], [Icon], [IconColor], [Level], [Show], [Sort], [Target], [DialogWidth], [DialogHeight], [DialogFullscreen], [Remarks], [CreatedTime], [CreatedBy], [ModifiedTime], [ModifiedBy]) VALUES ('39F3C49C-FFC8-9DE6-77EB-0FE0A8364F8C', 'Admin', 1, '39F3C49C-400A-B33D-0C8F-E878AAABA954', '角色管理', 'admin_role', '', '', '', 'role', '', 1, 1, 0, 0, '', '', 1, '', '2020-03-07 08:40:59', '39F08CFD-8E0D-771B-A2F3-2639A62CA2FA', '2020-03-07 08:40:59', '39F08CFD-8E0D-771B-A2F3-2639A62CA2FA');
INSERT INTO [Menu]([Id], [ModuleCode], [Type], [ParentId], [Name], [RouteName], [RouteParams], [RouteQuery], [Url], [Icon], [IconColor], [Level], [Show], [Sort], [Target], [DialogWidth], [DialogHeight], [DialogFullscreen], [Remarks], [CreatedTime], [CreatedBy], [ModifiedTime], [ModifiedBy]) VALUES ('39F3C49D-0EB2-662F-2A0D-706F41140D12', 'Admin', 1, '39F3C49C-400A-B33D-0C8F-E878AAABA954', '账户管理', 'admin_account', '', '', '', 'user', '', 1, 1, 0, 0, '', '', 1, '', '2020-03-07 08:41:03', '39F08CFD-8E0D-771B-A2F3-2639A62CA2FA', '2020-03-07 08:41:03', '39F08CFD-8E0D-771B-A2F3-2639A62CA2FA');
INSERT INTO [Menu]([Id], [ModuleCode], [Type], [ParentId], [Name], [RouteName], [RouteParams], [RouteQuery], [Url], [Icon], [IconColor], [Level], [Show], [Sort], [Target], [DialogWidth], [DialogHeight], [DialogFullscreen], [Remarks], [CreatedTime], [CreatedBy], [ModifiedTime], [ModifiedBy]) VALUES ('39F4C72F-10A9-FC03-FCBD-B6A8A29A3709', '', 0, '00000000-0000-0000-0000-000000000000', '系统日志', '', '', '', '', 'log', '', 0, 1, 1, -1, '', '', 1, '', '2020-04-26 13:42:33', '39F08CFD-8E0D-771B-A2F3-2639A62CA2FA', '2020-04-26 14:51:40', '39F08CFD-8E0D-771B-A2F3-2639A62CA2FA');
INSERT INTO [Menu]([Id], [ModuleCode], [Type], [ParentId], [Name], [RouteName], [RouteParams], [RouteQuery], [Url], [Icon], [IconColor], [Level], [Show], [Sort], [Target], [DialogWidth], [DialogHeight], [DialogFullscreen], [Remarks], [CreatedTime], [CreatedBy], [ModifiedTime], [ModifiedBy]) VALUES ('39F4C72F-5F6B-1879-7D4C-7915512406E9', 'Admin', 1, '39F4C72F-10A9-FC03-FCBD-B6A8A29A3709', '审计日志', 'admin_auditinfo', '', '', '', 'log', '', 1, 1, 0, 0, '', '', 1, '', '2020-04-26 13:42:54', '39F08CFD-8E0D-771B-A2F3-2639A62CA2FA', '2020-04-26 13:42:54', '39F08CFD-8E0D-771B-A2F3-2639A62CA2FA');
INSERT INTO [Menu]([Id], [ModuleCode], [Type], [ParentId], [Name], [RouteName], [RouteParams], [RouteQuery], [Url], [Icon], [IconColor], [Level], [Show], [Sort], [Target], [DialogWidth], [DialogHeight], [DialogFullscreen], [Remarks], [CreatedTime], [CreatedBy], [ModifiedTime], [ModifiedBy]) VALUES ('39F4C72F-6E11-71DE-E74B-67B7E152B442', 'Admin', 1, '39F4C72F-10A9-FC03-FCBD-B6A8A29A3709', '登录日志', 'admin_log_login', '', '', '', 'log', '', 1, 1, 0, 0, '', '', 1, '', '2020-04-26 13:42:57', '39F08CFD-8E0D-771B-A2F3-2639A62CA2FA', '2020-04-26 13:52:31', '39F08CFD-8E0D-771B-A2F3-2639A62CA2FA');
INSERT INTO [Menu_Permission]([MenuCode], [PermissionCode]) VALUES ('admin_cache', 'admin_cache_query_get');
INSERT INTO [Menu_Permission]([MenuCode], [PermissionCode]) VALUES ('admin_menu', 'admin_menu_query_get');
INSERT INTO [Menu_Permission]([MenuCode], [PermissionCode]) VALUES ('admin_menu', 'admin_menu_tree_get');
INSERT INTO [Menu_Permission]([MenuCode], [PermissionCode]) VALUES ('admin_role', 'admin_role_query_get');
INSERT INTO [Menu_Permission]([MenuCode], [PermissionCode]) VALUES ('admin_account', 'admin_account_query_get');
INSERT INTO [Menu_Permission]([MenuCode], [PermissionCode]) VALUES ('admin_module', 'admin_module_query_get');
INSERT INTO [Menu_Permission]([MenuCode], [PermissionCode]) VALUES ('admin_module', 'admin_permission_query_get');
INSERT INTO [Menu_Permission]([MenuCode], [PermissionCode]) VALUES ('admin_module', 'admin_permission_querybycodes_get');
INSERT INTO [Menu_Permission]([MenuCode], [PermissionCode]) VALUES ('admin_config', 'admin_config_edit_get');
INSERT INTO [Menu_Permission]([MenuCode], [PermissionCode]) VALUES ('admin_config', 'admin_config_update_post');
INSERT INTO [Menu_Permission]([MenuCode], [PermissionCode]) VALUES ('admin_config', 'admin_config_uploadlogo_post');
INSERT INTO [Menu_Permission]([MenuCode], [PermissionCode]) VALUES ('admin_config', 'admin_config_logourl_get');
INSERT INTO [Menu_Permission]([MenuCode], [PermissionCode]) VALUES ('admin_config', 'admin_config_descriptors_get');
INSERT INTO [Menu_Permission]([MenuCode], [PermissionCode]) VALUES ('admin_auditinfo', 'admin_auditinfo_query_get');
INSERT INTO [Menu_Permission]([MenuCode], [PermissionCode]) VALUES ('admin_log', 'admin_log_login_get');
INSERT INTO [Menu_Permission]([MenuCode], [PermissionCode]) VALUES ('admin_log_login', 'admin_log_login_get');
INSERT INTO [Module]([Id], [Number], [Name], [Code], [Icon], [Version], [Remarks], [ApiRequestCount]) VALUES ('39F498A8-AE7B-049F-C78A-E16941E70FC5', 0, '权限管理', 'Admin', 'permission', '1.9.13', '权限管理模块用于身份认证以及授权等功能', 0);
INSERT INTO [Permission]([Id], [Name], [ModuleCode], [Controller], [Action], [HttpMethod], [Code]) VALUES ('39F4C766-C7BB-C912-166E-40060B8AE8F9', '账户管理_查询', 'Admin', 'Account', 'Query', 0, 'admin_account_query_get');
INSERT INTO [Permission]([Id], [Name], [ModuleCode], [Controller], [Action], [HttpMethod], [Code]) VALUES ('39F4C766-C7E1-3F87-07E0-2E7C9B81B7EC', '账户管理_添加', 'Admin', 'Account', 'Add', 2, 'admin_account_add_post');
INSERT INTO [Permission]([Id], [Name], [ModuleCode], [Controller], [Action], [HttpMethod], [Code]) VALUES ('39F4C766-C80E-05AF-143D-6E5ABB98978A', '账户管理_编辑', 'Admin', 'Account', 'Edit', 0, 'admin_account_edit_get');
INSERT INTO [Permission]([Id], [Name], [ModuleCode], [Controller], [Action], [HttpMethod], [Code]) VALUES ('39F4C766-C831-4F60-D929-9C533EF6C500', '账户管理_更新', 'Admin', 'Account', 'Update', 2, 'admin_account_update_post');
INSERT INTO [Permission]([Id], [Name], [ModuleCode], [Controller], [Action], [HttpMethod], [Code]) VALUES ('39F4C766-C855-CC4A-C76D-EFDEE673362B', '账户管理_删除', 'Admin', 'Account', 'Delete', 3, 'admin_account_delete_delete');
INSERT INTO [Permission]([Id], [Name], [ModuleCode], [Controller], [Action], [HttpMethod], [Code]) VALUES ('39F4C766-C872-B470-0D5A-A98DF864230A', '账户管理_绑定角色', 'Admin', 'Account', 'BindRole', 2, 'admin_account_bindrole_post');
INSERT INTO [Permission]([Id], [Name], [ModuleCode], [Controller], [Action], [HttpMethod], [Code]) VALUES ('39F4C766-C895-4174-62E2-7D6F849520C7', '账户管理_重置密码', 'Admin', 'Account', 'ResetPassword', 2, 'admin_account_resetpassword_post');
INSERT INTO [Permission]([Id], [Name], [ModuleCode], [Controller], [Action], [HttpMethod], [Code]) VALUES ('39F4C766-C8AB-4D0C-5AF5-CFFF6804E0E1', '审计信息_查询', 'Admin', 'AuditInfo', 'Query', 0, 'admin_auditinfo_query_get');
INSERT INTO [Permission]([Id], [Name], [ModuleCode], [Controller], [Action], [HttpMethod], [Code]) VALUES ('39F4C766-C8C2-DE0A-DD9D-2CEA4D4ADC6A', '审计信息_详情', 'Admin', 'AuditInfo', 'Details', 0, 'admin_auditinfo_details_get');
INSERT INTO [Permission]([Id], [Name], [ModuleCode], [Controller], [Action], [HttpMethod], [Code]) VALUES ('39F4C766-C8D5-7E6B-EDA3-4DAA7817DC9C', '审计信息_导出', 'Admin', 'AuditInfo', 'Export', 2, 'admin_auditinfo_export_post');
INSERT INTO [Permission]([Id], [Name], [ModuleCode], [Controller], [Action], [HttpMethod], [Code]) VALUES ('39F4C766-C8E8-B384-963A-B618CB9CB84A', '按钮管理_查询', 'Admin', 'Button', 'Query', 0, 'admin_button_query_get');
INSERT INTO [Permission]([Id], [Name], [ModuleCode], [Controller], [Action], [HttpMethod], [Code]) VALUES ('39F4C766-C900-D957-30DB-6554014911A8', '缓存管理_查询指定模块缓存键列表', 'Admin', 'Cache', 'Query', 0, 'admin_cache_query_get');
INSERT INTO [Permission]([Id], [Name], [ModuleCode], [Controller], [Action], [HttpMethod], [Code]) VALUES ('39F4C766-C919-F5AE-D085-C6F61620FE2D', '缓存管理_清除指定前缀的缓存', 'Admin', 'Cache', 'Clear', 3, 'admin_cache_clear_delete');
INSERT INTO [Permission]([Id], [Name], [ModuleCode], [Controller], [Action], [HttpMethod], [Code]) VALUES ('39F4C766-C92D-AB74-A621-88AB0F13589E', '配置管理_编辑', 'Admin', 'Config', 'Edit', 0, 'admin_config_edit_get');
INSERT INTO [Permission]([Id], [Name], [ModuleCode], [Controller], [Action], [HttpMethod], [Code]) VALUES ('39F4C766-C944-AFB4-D67D-69FDB8DBBC41', '配置管理_保存', 'Admin', 'Config', 'Update', 2, 'admin_config_update_post');
INSERT INTO [Permission]([Id], [Name], [ModuleCode], [Controller], [Action], [HttpMethod], [Code]) VALUES ('39F4C766-C959-4AAE-2986-F9DC8E4B5AC1', '配置管理_上传Logo', 'Admin', 'Config', 'UploadLogo', 2, 'admin_config_uploadlogo_post');
INSERT INTO [Permission]([Id], [Name], [ModuleCode], [Controller], [Action], [HttpMethod], [Code]) VALUES ('39F4C766-C970-C546-2E96-53BC4377E45E', '配置管理_Logo完整地址', 'Admin', 'Config', 'LogoUrl', 0, 'admin_config_logourl_get');
INSERT INTO [Permission]([Id], [Name], [ModuleCode], [Controller], [Action], [HttpMethod], [Code]) VALUES ('39F4C766-C98E-D686-BD6E-33C3A144AC6D', '配置管理_配置描述符列表', 'Admin', 'Config', 'Descriptors', 0, 'admin_config_descriptors_get');
INSERT INTO [Permission]([Id], [Name], [ModuleCode], [Controller], [Action], [HttpMethod], [Code]) VALUES ('39F4C766-C9AD-1A9E-0250-0D6CADE92687', '日志管理_查询登录日志', 'Admin', 'Log', 'Login', 0, 'admin_log_login_get');
INSERT INTO [Permission]([Id], [Name], [ModuleCode], [Controller], [Action], [HttpMethod], [Code]) VALUES ('39F4C766-C9C6-0B95-758C-3D83AA2C89F8', '日志管理_导出登录日志', 'Admin', 'Log', 'LoginExport', 2, 'admin_log_loginexport_post');
INSERT INTO [Permission]([Id], [Name], [ModuleCode], [Controller], [Action], [HttpMethod], [Code]) VALUES ('39F4C766-C9E1-8383-38B3-7EF377403BAA', '菜单管理_菜单树', 'Admin', 'Menu', 'Tree', 0, 'admin_menu_tree_get');
INSERT INTO [Permission]([Id], [Name], [ModuleCode], [Controller], [Action], [HttpMethod], [Code]) VALUES ('39F4C766-C9F6-EEB8-E0B0-76E196A10DA8', '菜单管理_查询菜单列表', 'Admin', 'Menu', 'Query', 0, 'admin_menu_query_get');
INSERT INTO [Permission]([Id], [Name], [ModuleCode], [Controller], [Action], [HttpMethod], [Code]) VALUES ('39F4C766-CA10-67E1-86B8-529095E2F51A', '菜单管理_添加', 'Admin', 'Menu', 'Add', 2, 'admin_menu_add_post');
INSERT INTO [Permission]([Id], [Name], [ModuleCode], [Controller], [Action], [HttpMethod], [Code]) VALUES ('39F4C766-CA23-4C10-0207-88358E836269', '菜单管理_删除', 'Admin', 'Menu', 'Delete', 3, 'admin_menu_delete_delete');
INSERT INTO [Permission]([Id], [Name], [ModuleCode], [Controller], [Action], [HttpMethod], [Code]) VALUES ('39F4C766-CA37-2DAF-0C4B-E979C31AD86C', '菜单管理_编辑', 'Admin', 'Menu', 'Edit', 0, 'admin_menu_edit_get');
INSERT INTO [Permission]([Id], [Name], [ModuleCode], [Controller], [Action], [HttpMethod], [Code]) VALUES ('39F4C766-CA4B-EFA9-5587-7C018C12A164', '菜单管理_更新', 'Admin', 'Menu', 'Update', 2, 'admin_menu_update_post');
INSERT INTO [Permission]([Id], [Name], [ModuleCode], [Controller], [Action], [HttpMethod], [Code]) VALUES ('39F4C766-CA5E-7CAF-B57D-960D2DAA04DF', '菜单管理_获取排序信息', 'Admin', 'Menu', 'Sort', 0, 'admin_menu_sort_get');
INSERT INTO [Permission]([Id], [Name], [ModuleCode], [Controller], [Action], [HttpMethod], [Code]) VALUES ('39F4C766-CA73-6A37-DCDD-91ECB1CC7E7E', '菜单管理_更新排序信息', 'Admin', 'Menu', 'Sort', 2, 'admin_menu_sort_post');
INSERT INTO [Permission]([Id], [Name], [ModuleCode], [Controller], [Action], [HttpMethod], [Code]) VALUES ('39F4C766-CA87-ABE7-AD71-4643BCAC16D9', '模块信息_查询', 'Admin', 'Module', 'Query', 0, 'admin_module_query_get');
INSERT INTO [Permission]([Id], [Name], [ModuleCode], [Controller], [Action], [HttpMethod], [Code]) VALUES ('39F4C766-CA9C-1637-EC6F-40BF7F7A6A1E', '模块信息_同步', 'Admin', 'Module', 'Sync', 2, 'admin_module_sync_post');
INSERT INTO [Permission]([Id], [Name], [ModuleCode], [Controller], [Action], [HttpMethod], [Code]) VALUES ('39F4C766-CAB6-8F70-32B6-0272F4299188', '权限接口_查询', 'Admin', 'Permission', 'Query', 0, 'admin_permission_query_get');
INSERT INTO [Permission]([Id], [Name], [ModuleCode], [Controller], [Action], [HttpMethod], [Code]) VALUES ('39F4C766-CAC8-4146-C595-A2765AC448D7', '权限接口_权限树', 'Admin', 'Permission', 'Tree', 0, 'admin_permission_tree_get');
INSERT INTO [Permission]([Id], [Name], [ModuleCode], [Controller], [Action], [HttpMethod], [Code]) VALUES ('39F4C766-CADB-F63C-7173-FBB4BAAF09A9', '权限接口_根据编码查询', 'Admin', 'Permission', 'QueryByCodes', 0, 'admin_permission_querybycodes_get');
INSERT INTO [Permission]([Id], [Name], [ModuleCode], [Controller], [Action], [HttpMethod], [Code]) VALUES ('39F4C766-CAF0-BABD-94A1-E1935D620219', '角色管理_查询', 'Admin', 'Role', 'Query', 0, 'admin_role_query_get');
INSERT INTO [Permission]([Id], [Name], [ModuleCode], [Controller], [Action], [HttpMethod], [Code]) VALUES ('39F4C766-CB0B-5078-CFE8-24F62BAB60D3', '角色管理_添加', 'Admin', 'Role', 'Add', 2, 'admin_role_add_post');
INSERT INTO [Permission]([Id], [Name], [ModuleCode], [Controller], [Action], [HttpMethod], [Code]) VALUES ('39F4C766-CB25-C46D-8314-53106B887334', '角色管理_删除', 'Admin', 'Role', 'Delete', 3, 'admin_role_delete_delete');
INSERT INTO [Permission]([Id], [Name], [ModuleCode], [Controller], [Action], [HttpMethod], [Code]) VALUES ('39F4C766-CB3B-FEED-DAD7-4AF3D0ED533E', '角色管理_编辑', 'Admin', 'Role', 'Edit', 0, 'admin_role_edit_get');
INSERT INTO [Permission]([Id], [Name], [ModuleCode], [Controller], [Action], [HttpMethod], [Code]) VALUES ('39F4C766-CB50-A391-CA96-C35BEEF00B3F', '角色管理_修改', 'Admin', 'Role', 'Update', 2, 'admin_role_update_post');
INSERT INTO [Permission]([Id], [Name], [ModuleCode], [Controller], [Action], [HttpMethod], [Code]) VALUES ('39F4C766-CB67-8D7F-2181-2C978DE8A42E', '角色管理_获取角色的关联菜单列表', 'Admin', 'Role', 'MenuList', 0, 'admin_role_menulist_get');
INSERT INTO [Permission]([Id], [Name], [ModuleCode], [Controller], [Action], [HttpMethod], [Code]) VALUES ('39F4C766-CB80-4055-784E-DC432D891172', '角色管理_绑定菜单', 'Admin', 'Role', 'BindMenu', 2, 'admin_role_bindmenu_post');
INSERT INTO [Permission]([Id], [Name], [ModuleCode], [Controller], [Action], [HttpMethod], [Code]) VALUES ('39F4C766-CB96-1B2B-056F-57644F062816', '角色管理_获取角色关联的菜单按钮列表', 'Admin', 'Role', 'MenuButtonList', 0, 'admin_role_menubuttonlist_get');
INSERT INTO [Permission]([Id], [Name], [ModuleCode], [Controller], [Action], [HttpMethod], [Code]) VALUES ('39F4C766-CBB3-D834-7BA1-AEB0FCA384FC', '角色管理_绑定菜单按钮', 'Admin', 'Role', 'BindMenuButton', 2, 'admin_role_bindmenubutton_post');
INSERT INTO [Permission]([Id], [Name], [ModuleCode], [Controller], [Action], [HttpMethod], [Code]) VALUES ('39F4C766-CBC7-F550-CD7A-B0331A530D89', '角色管理_查询平台权限列表', 'Admin', 'Role', 'PlatformPermissionList', 0, 'admin_role_platformpermissionlist_get');
INSERT INTO [Permission]([Id], [Name], [ModuleCode], [Controller], [Action], [HttpMethod], [Code]) VALUES ('39F4C766-CBE0-1F98-87F3-38EB7A70516E', '角色管理_绑定平台权限列表', 'Admin', 'Role', 'PlatformPermissionBind', 2, 'admin_role_platformpermissionbind_post');
INSERT INTO [Permission]([Id], [Name], [ModuleCode], [Controller], [Action], [HttpMethod], [Code]) VALUES ('39F4C766-CBF4-E4D3-C153-119B0E62574C', '通用工具_通用枚举下拉列表', 'Admin', 'Tool', 'EnumSelect', 0, 'admin_tool_enumselect_get');
INSERT INTO [Permission]([Id], [Name], [ModuleCode], [Controller], [Action], [HttpMethod], [Code]) VALUES ('39F4C766-CC09-E8C4-75BD-E62F8D706DF7', '通用工具_平台下拉列表', 'Admin', 'Tool', 'PlatformSelect', 0, 'admin_tool_platformselect_get');
INSERT INTO [Role]([Id], [Name], [Remarks], [IsSpecified], [CreatedTime], [CreatedBy], [ModifiedTime], [ModifiedBy], [Deleted], [DeletedTime], [DeletedBy]) VALUES ('39F08CFD-8DD0-BB54-4544-C2DC43C6CA38', '超级管理员', '超级管理员', 0, '2019-09-29 10:19:21', '00000000-0000-0000-0000-000000000000', '2020-01-13 19:26:56', '39F08CFD-8E0D-771B-A2F3-2639A62CA2FA', 0, '2019-09-29 10:19:21', '00000000-0000-0000-0000-000000000000');
INSERT INTO [Role_Menu]([RoleId], [MenuId]) VALUES ('39F08CFD-8DD0-BB54-4544-C2DC43C6CA38', '39F3C49C-D5DC-90A5-6CC3-B3A0B9040643');
INSERT INTO [Role_Menu]([RoleId], [MenuId]) VALUES ('39F08CFD-8DD0-BB54-4544-C2DC43C6CA38', '39F3C49C-ED14-45E0-718C-7D650D850143');
INSERT INTO [Role_Menu]([RoleId], [MenuId]) VALUES ('39F08CFD-8DD0-BB54-4544-C2DC43C6CA38', '39F3C49C-FFC8-9DE6-77EB-0FE0A8364F8C');
INSERT INTO [Role_Menu]([RoleId], [MenuId]) VALUES ('39F08CFD-8DD0-BB54-4544-C2DC43C6CA38', '39F3C49D-0EB2-662F-2A0D-706F41140D12');
INSERT INTO [Role_Menu]([RoleId], [MenuId]) VALUES ('39F08CFD-8DD0-BB54-4544-C2DC43C6CA38', '39F3C49C-1756-9047-34B5-6DCFADEFE28D');
INSERT INTO [Role_Menu]([RoleId], [MenuId]) VALUES ('39F08CFD-8DD0-BB54-4544-C2DC43C6CA38', '39F3C49C-8CCC-2A54-DAC7-B5DD6503D91A');
INSERT INTO [Role_Menu]([RoleId], [MenuId]) VALUES ('39F08CFD-8DD0-BB54-4544-C2DC43C6CA38', '39F3C49C-9EF2-C04B-FC63-5CDC9811C506');
INSERT INTO [Role_Menu]([RoleId], [MenuId]) VALUES ('39F08CFD-8DD0-BB54-4544-C2DC43C6CA38', '39F3C49C-ADF2-D90F-9626-99ACECC76C37');
INSERT INTO [Role_Menu]([RoleId], [MenuId]) VALUES ('39F08CFD-8DD0-BB54-4544-C2DC43C6CA38', '39F4C72F-10A9-FC03-FCBD-B6A8A29A3709');
INSERT INTO [Role_Menu]([RoleId], [MenuId]) VALUES ('39F08CFD-8DD0-BB54-4544-C2DC43C6CA38', '39F4C72F-5F6B-1879-7D4C-7915512406E9');
INSERT INTO [Role_Menu]([RoleId], [MenuId]) VALUES ('39F08CFD-8DD0-BB54-4544-C2DC43C6CA38', '39F4C72F-6E11-71DE-E74B-67B7E152B442');
INSERT INTO [Role_Menu]([RoleId], [MenuId]) VALUES ('39F08CFD-8DD0-BB54-4544-C2DC43C6CA38', '39F3C49B-5FC3-33BE-0FCD-652929D9EA73');
INSERT INTO [Role_Menu]([RoleId], [MenuId]) VALUES ('39F08CFD-8DD0-BB54-4544-C2DC43C6CA38', '39F3C49B-D757-EA18-E9C4-D9C768F77512');
INSERT INTO [Role_Menu]([RoleId], [MenuId]) VALUES ('39F08CFD-8DD0-BB54-4544-C2DC43C6CA38', '00000000-0000-0000-0000-000000000000');
INSERT INTO [Role_Menu]([RoleId], [MenuId]) VALUES ('39F08CFD-8DD0-BB54-4544-C2DC43C6CA38', '39F3C49C-400A-B33D-0C8F-E878AAABA954');
INSERT INTO [Role_Menu_Button]([RoleId], [MenuId], [ButtonId]) VALUES ('39F08CFD-8DD0-BB54-4544-C2DC43C6CA38', '39F3C49C-ED14-45E0-718C-7D650D850143', '39F3C49C-ED82-7E34-4FAC-550444D13E14');
INSERT INTO [Role_Menu_Button]([RoleId], [MenuId], [ButtonId]) VALUES ('39F08CFD-8DD0-BB54-4544-C2DC43C6CA38', '39F3C49C-ED14-45E0-718C-7D650D850143', '39F3C49C-EDE5-837D-4A08-746A4794D160');
INSERT INTO [Role_Menu_Button]([RoleId], [MenuId], [ButtonId]) VALUES ('39F08CFD-8DD0-BB54-4544-C2DC43C6CA38', '39F3C49C-ED14-45E0-718C-7D650D850143', '39F3C49C-EE67-9EAC-BD42-2AF470D70385');
INSERT INTO [Role_Menu_Button]([RoleId], [MenuId], [ButtonId]) VALUES ('39F08CFD-8DD0-BB54-4544-C2DC43C6CA38', '39F3C49C-ED14-45E0-718C-7D650D850143', '39F3C49C-EEA9-FAA1-BCC6-23F892D195B7');
INSERT INTO [Role_Menu_Button]([RoleId], [MenuId], [ButtonId]) VALUES ('39F08CFD-8DD0-BB54-4544-C2DC43C6CA38', '39F3C49C-FFC8-9DE6-77EB-0FE0A8364F8C', '39F3C49D-0035-662E-8E92-CF0B0EF43855');
INSERT INTO [Role_Menu_Button]([RoleId], [MenuId], [ButtonId]) VALUES ('39F08CFD-8DD0-BB54-4544-C2DC43C6CA38', '39F3C49C-FFC8-9DE6-77EB-0FE0A8364F8C', '39F3C49D-0084-78DE-1B55-23BB917DBDCD');
INSERT INTO [Role_Menu_Button]([RoleId], [MenuId], [ButtonId]) VALUES ('39F08CFD-8DD0-BB54-4544-C2DC43C6CA38', '39F3C49C-FFC8-9DE6-77EB-0FE0A8364F8C', '39F3C49D-00F7-C590-62C8-3569297D9146');
INSERT INTO [Role_Menu_Button]([RoleId], [MenuId], [ButtonId]) VALUES ('39F08CFD-8DD0-BB54-4544-C2DC43C6CA38', '39F3C49C-FFC8-9DE6-77EB-0FE0A8364F8C', '39F3C49D-0146-3473-B0C2-9F9F321137EF');
INSERT INTO [Role_Menu_Button]([RoleId], [MenuId], [ButtonId]) VALUES ('39F08CFD-8DD0-BB54-4544-C2DC43C6CA38', '39F3C49C-FFC8-9DE6-77EB-0FE0A8364F8C', '39F3C49D-01C6-750C-7855-0D009B351D1B');
INSERT INTO [Role_Menu_Button]([RoleId], [MenuId], [ButtonId]) VALUES ('39F08CFD-8DD0-BB54-4544-C2DC43C6CA38', '39F3C49D-0EB2-662F-2A0D-706F41140D12', '39F3C49D-0F00-050E-F52F-2E1AA73D0F6B');
INSERT INTO [Role_Menu_Button]([RoleId], [MenuId], [ButtonId]) VALUES ('39F08CFD-8DD0-BB54-4544-C2DC43C6CA38', '39F3C49D-0EB2-662F-2A0D-706F41140D12', '39F3C49D-0F50-B447-D344-D9C587E19736');
INSERT INTO [Role_Menu_Button]([RoleId], [MenuId], [ButtonId]) VALUES ('39F08CFD-8DD0-BB54-4544-C2DC43C6CA38', '39F3C49D-0EB2-662F-2A0D-706F41140D12', '39F3C49D-0FD9-68D3-6291-EB1E11BF1F91');
INSERT INTO [Role_Menu_Button]([RoleId], [MenuId], [ButtonId]) VALUES ('39F08CFD-8DD0-BB54-4544-C2DC43C6CA38', '39F3C49D-0EB2-662F-2A0D-706F41140D12', '39F3C49D-1029-C143-C624-4975CE886AEA');
INSERT INTO [Role_Menu_Button]([RoleId], [MenuId], [ButtonId]) VALUES ('39F08CFD-8DD0-BB54-4544-C2DC43C6CA38', '39F3C49C-9EF2-C04B-FC63-5CDC9811C506', '39F3C49C-9F53-DF6B-BDE6-046073EEC059');
INSERT INTO [Role_Menu_Button]([RoleId], [MenuId], [ButtonId]) VALUES ('39F08CFD-8DD0-BB54-4544-C2DC43C6CA38', '39F3C49C-D5DC-90A5-6CC3-B3A0B9040643', '39F498BA-12D2-AF34-41C6-2F9987560E79');
INSERT INTO [Role_Menu_Button]([RoleId], [MenuId], [ButtonId]) VALUES ('39F08CFD-8DD0-BB54-4544-C2DC43C6CA38', '39F4C72F-6E11-71DE-E74B-67B7E152B442', '39F4C738-2DC8-0B41-37EB-A2C3672F66E4');
