INSERT [dbo].[Account] ([Id], [Type], [UserName], [Password], [Name], [Phone], [Email], [Status], [IsLock], [ClosedTime], [ClosedBy], [CreatedTime], [CreatedBy], [ModifiedTime], [ModifiedBy], [Deleted], [DeletedTime], [DeletedBy]) VALUES (N'39f08cfd-8e0d-771b-a2f3-2639a62ca2fa', 0, N'admin', N'E739279CB28CDAFD7373618313803524', N'管理员', N'', N'', 1, 0, CAST(N'2019-09-29T10:19:21.000' AS DateTime), N'00000000-0000-0000-0000-000000000000', CAST(N'2019-09-29T10:19:21.000' AS DateTime), N'00000000-0000-0000-0000-000000000000', CAST(N'2020-01-14T15:20:04.000' AS DateTime), N'39f08cfd-8e0d-771b-a2f3-2639a62ca2fa', 0, CAST(N'2019-09-29T10:19:21.000' AS DateTime), N'00000000-0000-0000-0000-000000000000')
INSERT [dbo].[Account_Config] ([AccountId], [Skin], [Theme], [FontSize]) VALUES (N'39f08cfd-8e0d-771b-a2f3-2639a62ca2fa', N'pretty', N'default', N'small')
INSERT [dbo].[Account_Role] ([AccountId], [RoleId]) VALUES (N'39f08cfd-8e0d-771b-a2f3-2639a62ca2fa', N'39f08cfd-8dd0-bb54-4544-c2dc43c6ca38')
INSERT [dbo].[Button] ([Id], [MenuCode], [Name], [Icon], [Code], [CreatedTime], [CreatedBy], [ModifiedTime], [ModifiedBy]) VALUES (N'1bb4e58f-aa2a-59cb-dad2-39f3c4af4f4f', N'admin_cache', N'清除', N'delete', N'admin_cache_clear', CAST(N'2020-03-07T09:00:59.600' AS DateTime), N'39f08cfd-8e0d-771b-a2f3-2639a62ca2fa', CAST(N'2020-03-07T09:00:59.600' AS DateTime), N'39f08cfd-8e0d-771b-a2f3-2639a62ca2fa')
INSERT [dbo].[Button] ([Id], [MenuCode], [Name], [Icon], [Code], [CreatedTime], [CreatedBy], [ModifiedTime], [ModifiedBy]) VALUES (N'b01c38e8-9372-cf25-951e-39f3c4af9f9d', N'admin_menu', N'添加', N'add', N'admin_menu_add', CAST(N'2020-03-07T09:01:20.157' AS DateTime), N'39f08cfd-8e0d-771b-a2f3-2639a62ca2fa', CAST(N'2020-03-07T09:01:20.157' AS DateTime), N'39f08cfd-8e0d-771b-a2f3-2639a62ca2fa')
INSERT [dbo].[Button] ([Id], [MenuCode], [Name], [Icon], [Code], [CreatedTime], [CreatedBy], [ModifiedTime], [ModifiedBy]) VALUES (N'0098592a-fd9e-efda-1951-39f3c4af9fa3', N'admin_menu', N'编辑', N'edit', N'admin_menu_edit', CAST(N'2020-03-07T09:01:20.163' AS DateTime), N'39f08cfd-8e0d-771b-a2f3-2639a62ca2fa', CAST(N'2020-03-07T09:01:20.163' AS DateTime), N'39f08cfd-8e0d-771b-a2f3-2639a62ca2fa')
INSERT [dbo].[Button] ([Id], [MenuCode], [Name], [Icon], [Code], [CreatedTime], [CreatedBy], [ModifiedTime], [ModifiedBy]) VALUES (N'1c3df7a8-701b-1aef-af1e-39f3c4af9fae', N'admin_menu', N'删除', N'delete', N'admin_menu_del', CAST(N'2020-03-07T09:01:20.173' AS DateTime), N'39f08cfd-8e0d-771b-a2f3-2639a62ca2fa', CAST(N'2020-03-07T09:01:20.173' AS DateTime), N'39f08cfd-8e0d-771b-a2f3-2639a62ca2fa')
INSERT [dbo].[Button] ([Id], [MenuCode], [Name], [Icon], [Code], [CreatedTime], [CreatedBy], [ModifiedTime], [ModifiedBy]) VALUES (N'fc68e609-6dd7-a8e7-b5b3-39f3c4af9fb3', N'admin_menu', N'排序', N'sort', N'admin_menu_sort', CAST(N'2020-03-07T09:01:20.180' AS DateTime), N'39f08cfd-8e0d-771b-a2f3-2639a62ca2fa', CAST(N'2020-03-07T09:01:20.180' AS DateTime), N'39f08cfd-8e0d-771b-a2f3-2639a62ca2fa')
INSERT [dbo].[Button] ([Id], [MenuCode], [Name], [Icon], [Code], [CreatedTime], [CreatedBy], [ModifiedTime], [ModifiedBy]) VALUES (N'5afb4fe5-059b-a1c5-be62-39f3c4afadda', N'admin_role', N'添加', N'add', N'admin_role_add', CAST(N'2020-03-07T09:01:23.803' AS DateTime), N'39f08cfd-8e0d-771b-a2f3-2639a62ca2fa', CAST(N'2020-03-07T09:01:23.803' AS DateTime), N'39f08cfd-8e0d-771b-a2f3-2639a62ca2fa')
INSERT [dbo].[Button] ([Id], [MenuCode], [Name], [Icon], [Code], [CreatedTime], [CreatedBy], [ModifiedTime], [ModifiedBy]) VALUES (N'd2dcdb3e-0f77-9da5-4f3c-39f3c4afade2', N'admin_role', N'编辑', N'edit', N'admin_role_edit', CAST(N'2020-03-07T09:01:23.810' AS DateTime), N'39f08cfd-8e0d-771b-a2f3-2639a62ca2fa', CAST(N'2020-03-07T09:01:23.810' AS DateTime), N'39f08cfd-8e0d-771b-a2f3-2639a62ca2fa')
INSERT [dbo].[Button] ([Id], [MenuCode], [Name], [Icon], [Code], [CreatedTime], [CreatedBy], [ModifiedTime], [ModifiedBy]) VALUES (N'aeca2280-3bee-dc60-114c-39f3c4afade9', N'admin_role', N'删除', N'delete', N'admin_role_del', CAST(N'2020-03-07T09:01:23.817' AS DateTime), N'39f08cfd-8e0d-771b-a2f3-2639a62ca2fa', CAST(N'2020-03-07T09:01:23.817' AS DateTime), N'39f08cfd-8e0d-771b-a2f3-2639a62ca2fa')
INSERT [dbo].[Button] ([Id], [MenuCode], [Name], [Icon], [Code], [CreatedTime], [CreatedBy], [ModifiedTime], [ModifiedBy]) VALUES (N'394f5a7e-e9a5-18b2-8ccf-39f3c4afadee', N'admin_role', N'绑定菜单', N'bind', N'admin_role_bind_menu', CAST(N'2020-03-07T09:01:23.823' AS DateTime), N'39f08cfd-8e0d-771b-a2f3-2639a62ca2fa', CAST(N'2020-03-07T09:01:23.823' AS DateTime), N'39f08cfd-8e0d-771b-a2f3-2639a62ca2fa')
INSERT [dbo].[Button] ([Id], [MenuCode], [Name], [Icon], [Code], [CreatedTime], [CreatedBy], [ModifiedTime], [ModifiedBy]) VALUES (N'3ba10bbf-c515-c33c-b9c6-39f3c4afadf7', N'admin_role', N'平台权限', N'android', N'admin_role_bind_permission', CAST(N'2020-03-07T09:01:23.830' AS DateTime), N'39f08cfd-8e0d-771b-a2f3-2639a62ca2fa', CAST(N'2020-03-07T09:01:23.830' AS DateTime), N'39f08cfd-8e0d-771b-a2f3-2639a62ca2fa')
INSERT [dbo].[Button] ([Id], [MenuCode], [Name], [Icon], [Code], [CreatedTime], [CreatedBy], [ModifiedTime], [ModifiedBy]) VALUES (N'77c4e20b-a63f-409e-41da-39f3c4afb92c', N'admin_account', N'添加', N'add', N'admin_account_add', CAST(N'2020-03-07T09:01:26.700' AS DateTime), N'39f08cfd-8e0d-771b-a2f3-2639a62ca2fa', CAST(N'2020-03-07T09:01:26.700' AS DateTime), N'39f08cfd-8e0d-771b-a2f3-2639a62ca2fa')
INSERT [dbo].[Button] ([Id], [MenuCode], [Name], [Icon], [Code], [CreatedTime], [CreatedBy], [ModifiedTime], [ModifiedBy]) VALUES (N'1c5ffae3-ff08-866c-1f37-39f3c4afb930', N'admin_account', N'编辑', N'edit', N'admin_account_edit', CAST(N'2020-03-07T09:01:26.703' AS DateTime), N'39f08cfd-8e0d-771b-a2f3-2639a62ca2fa', CAST(N'2020-03-07T09:01:26.703' AS DateTime), N'39f08cfd-8e0d-771b-a2f3-2639a62ca2fa')
INSERT [dbo].[Button] ([Id], [MenuCode], [Name], [Icon], [Code], [CreatedTime], [CreatedBy], [ModifiedTime], [ModifiedBy]) VALUES (N'214fb876-d02e-b024-3278-39f3c4afb939', N'admin_account', N'删除', N'delete', N'admin_account_del', CAST(N'2020-03-07T09:01:26.713' AS DateTime), N'39f08cfd-8e0d-771b-a2f3-2639a62ca2fa', CAST(N'2020-03-07T09:01:26.713' AS DateTime), N'39f08cfd-8e0d-771b-a2f3-2639a62ca2fa')
INSERT [dbo].[Button] ([Id], [MenuCode], [Name], [Icon], [Code], [CreatedTime], [CreatedBy], [ModifiedTime], [ModifiedBy]) VALUES (N'3f670be4-ce59-807f-b0cd-39f3c4afb93f', N'admin_account', N'重置密码', N'refresh', N'admin_account_reset_password', CAST(N'2020-03-07T09:01:26.720' AS DateTime), N'39f08cfd-8e0d-771b-a2f3-2639a62ca2fa', CAST(N'2020-03-07T09:01:26.720' AS DateTime), N'39f08cfd-8e0d-771b-a2f3-2639a62ca2fa')
INSERT [dbo].[Button] ([Id], [MenuCode], [Name], [Icon], [Code], [CreatedTime], [CreatedBy], [ModifiedTime], [ModifiedBy]) VALUES (N'8a787d34-d535-54b7-a7b4-39f3c4afc24e', N'admin_auditinfo', N'详情', N'detail', N'admin_auditinfo_details', CAST(N'2020-03-07T09:01:29.037' AS DateTime), N'39f08cfd-8e0d-771b-a2f3-2639a62ca2fa', CAST(N'2020-03-07T09:01:29.037' AS DateTime), N'39f08cfd-8e0d-771b-a2f3-2639a62ca2fa')
INSERT [dbo].[Button] ([Id], [MenuCode], [Name], [Icon], [Code], [CreatedTime], [CreatedBy], [ModifiedTime], [ModifiedBy]) VALUES (N'c7b61dca-6a4d-b40a-4267-39f3c4afc255', N'admin_auditinfo', N'导出', N'export', N'admin_auditinfo_export', CAST(N'2020-03-07T09:01:29.047' AS DateTime), N'39f08cfd-8e0d-771b-a2f3-2639a62ca2fa', CAST(N'2020-03-07T09:01:29.047' AS DateTime), N'39f08cfd-8e0d-771b-a2f3-2639a62ca2fa')
INSERT [dbo].[Button] ([Id], [MenuCode], [Name], [Icon], [Code], [CreatedTime], [CreatedBy], [ModifiedTime], [ModifiedBy]) VALUES (N'd3d606fb-9338-0be6-7d5d-39f49fd1d1b6', N'admin_module', N'同步', N'refresh', N'admin_module_sync', CAST(N'2020-04-18T22:15:31.510' AS DateTime), N'39f08cfd-8e0d-771b-a2f3-2639a62ca2fa', CAST(N'2020-04-18T22:15:31.510' AS DateTime), N'39f08cfd-8e0d-771b-a2f3-2639a62ca2fa')
INSERT [dbo].[Button_Permission] ([ButtonCode], [PermissionCode]) VALUES (N'admin_cache_clear', N'admin_cache_clear_delete')
INSERT [dbo].[Button_Permission] ([ButtonCode], [PermissionCode]) VALUES (N'admin_menu_add', N'admin_menu_add_post')
INSERT [dbo].[Button_Permission] ([ButtonCode], [PermissionCode]) VALUES (N'admin_menu_edit', N'admin_menu_edit_get')
INSERT [dbo].[Button_Permission] ([ButtonCode], [PermissionCode]) VALUES (N'admin_menu_edit', N'admin_menu_update_post')
INSERT [dbo].[Button_Permission] ([ButtonCode], [PermissionCode]) VALUES (N'admin_menu_del', N'admin_menu_delete_delete')
INSERT [dbo].[Button_Permission] ([ButtonCode], [PermissionCode]) VALUES (N'admin_menu_sort', N'admin_menu_sort_get')
INSERT [dbo].[Button_Permission] ([ButtonCode], [PermissionCode]) VALUES (N'admin_menu_sort', N'admin_menu_sort_post')
INSERT [dbo].[Button_Permission] ([ButtonCode], [PermissionCode]) VALUES (N'admin_role_add', N'admin_role_add_post')
INSERT [dbo].[Button_Permission] ([ButtonCode], [PermissionCode]) VALUES (N'admin_role_edit', N'admin_role_edit_get')
INSERT [dbo].[Button_Permission] ([ButtonCode], [PermissionCode]) VALUES (N'admin_role_edit', N'admin_role_update_post')
INSERT [dbo].[Button_Permission] ([ButtonCode], [PermissionCode]) VALUES (N'admin_role_del', N'admin_role_delete_delete')
INSERT [dbo].[Button_Permission] ([ButtonCode], [PermissionCode]) VALUES (N'admin_role_bind_menu', N'admin_role_menulist_get')
INSERT [dbo].[Button_Permission] ([ButtonCode], [PermissionCode]) VALUES (N'admin_role_bind_menu', N'admin_role_bindmenu_post')
INSERT [dbo].[Button_Permission] ([ButtonCode], [PermissionCode]) VALUES (N'admin_role_bind_menu', N'admin_role_menubuttonlist_get')
INSERT [dbo].[Button_Permission] ([ButtonCode], [PermissionCode]) VALUES (N'admin_role_bind_menu', N'admin_role_bindmenubutton_post')
INSERT [dbo].[Button_Permission] ([ButtonCode], [PermissionCode]) VALUES (N'admin_role_bind_permission', N'admin_permission_tree_get')
INSERT [dbo].[Button_Permission] ([ButtonCode], [PermissionCode]) VALUES (N'admin_role_bind_permission', N'admin_role_platformpermissionlist_get')
INSERT [dbo].[Button_Permission] ([ButtonCode], [PermissionCode]) VALUES (N'admin_role_bind_permission', N'admin_role_platformpermissionbind_post')
INSERT [dbo].[Button_Permission] ([ButtonCode], [PermissionCode]) VALUES (N'admin_account_add', N'admin_account_add_post')
INSERT [dbo].[Button_Permission] ([ButtonCode], [PermissionCode]) VALUES (N'admin_account_edit', N'admin_account_edit_get')
INSERT [dbo].[Button_Permission] ([ButtonCode], [PermissionCode]) VALUES (N'admin_account_edit', N'admin_account_update_post')
INSERT [dbo].[Button_Permission] ([ButtonCode], [PermissionCode]) VALUES (N'admin_account_del', N'admin_account_delete_delete')
INSERT [dbo].[Button_Permission] ([ButtonCode], [PermissionCode]) VALUES (N'admin_account_reset_password', N'admin_account_resetpassword_post')
INSERT [dbo].[Button_Permission] ([ButtonCode], [PermissionCode]) VALUES (N'admin_auditinfo_details', N'admin_auditinfo_details_get')
INSERT [dbo].[Button_Permission] ([ButtonCode], [PermissionCode]) VALUES (N'admin_auditinfo_export', N'admin_auditinfo_export_post')
INSERT [dbo].[Button_Permission] ([ButtonCode], [PermissionCode]) VALUES (N'admin_module_sync', N'admin_module_sync_post')
INSERT [dbo].[Config] ([Type], [Code], [Value]) VALUES (1, N'Admin', N'{"auditing":true,"defaultPassword":"123456"}')
INSERT [dbo].[Config] ([Type], [Code], [Value]) VALUES (0, N'System', N'{"title":"NetModular通用权限管理系统","logo":null,"copyright":"版权所有：尼古拉斯·老李 | 用代码改变世界 Powered by .Net Core 3.1.0 on Linux"}')
INSERT [dbo].[Config] ([Type], [Code], [Value]) VALUES (0, N'Component', N'{"login":{"pageType":"neon","verifyCode":false},"menu":{"uniqueOpened":true},"dialog":{"closeOnClickModal":false,"draggable":false},"list":{"serialNumberName":null},"tabnav":{"enabled":true,"showHome":true,"homeUrl":null,"showIcon":true,"maxOpenCount":20},"toolbar":{"fullscreen":true,"skin":true,"logout":true,"userInfo":true},"customCss":null}')
INSERT [dbo].[Config] ([Type], [Code], [Value]) VALUES (0, N'Auth', N'{"validate":true,"button":true,"singleAccount":false,"jwt":{"key":"twAJ$j5##pVc5*y&","issuer":"http://127.0.0.1:6220","audience":"http://127.0.0.1:6220","expires":120,"refreshTokenExpires":7}}')
INSERT [dbo].[Menu] ([Id], [ModuleCode], [Type], [ParentId], [Name], [RouteName], [RouteParams], [RouteQuery], [Url], [Icon], [IconColor], [Level], [Show], [Sort], [Target], [DialogWidth], [DialogHeight], [DialogFullscreen], [Remarks], [CreatedTime], [CreatedBy], [ModifiedTime], [ModifiedBy]) VALUES (N'16aba15e-2f0a-4703-0518-39f3c4ae4ec1', N'', 2, N'00000000-0000-0000-0000-000000000000', N'官方文档', N'', N'', N'', N'http://docs.17mkh.com/', N'archives', N'', 0, 1, 2, 0, N'', N'', 1, N'', CAST(N'2020-03-07T08:59:53.920' AS DateTime), N'39f08cfd-8e0d-771b-a2f3-2639a62ca2fa', CAST(N'2020-03-07T09:00:45.210' AS DateTime), N'39f08cfd-8e0d-771b-a2f3-2639a62ca2fa')
INSERT [dbo].[Menu] ([Id], [ModuleCode], [Type], [ParentId], [Name], [RouteName], [RouteParams], [RouteQuery], [Url], [Icon], [IconColor], [Level], [Show], [Sort], [Target], [DialogWidth], [DialogHeight], [DialogFullscreen], [Remarks], [CreatedTime], [CreatedBy], [ModifiedTime], [ModifiedBy]) VALUES (N'8dab7c27-9c37-4cda-53bd-39f3c4ae93ea', N'', 2, N'00000000-0000-0000-0000-000000000000', N'GitHub', N'', N'', N'', N'https://github.com/iamoldli/NetModular', N'github', N'', 0, 1, 3, 0, N'', N'', 1, N'', CAST(N'2020-03-07T09:00:11.623' AS DateTime), N'39f08cfd-8e0d-771b-a2f3-2639a62ca2fa', CAST(N'2020-03-07T09:00:45.213' AS DateTime), N'39f08cfd-8e0d-771b-a2f3-2639a62ca2fa')
INSERT [dbo].[Menu] ([Id], [ModuleCode], [Type], [ParentId], [Name], [RouteName], [RouteParams], [RouteQuery], [Url], [Icon], [IconColor], [Level], [Show], [Sort], [Target], [DialogWidth], [DialogHeight], [DialogFullscreen], [Remarks], [CreatedTime], [CreatedBy], [ModifiedTime], [ModifiedBy]) VALUES (N'd17d0b53-0822-467a-c275-39f3c4aed4ae', N'', 0, N'00000000-0000-0000-0000-000000000000', N'系统设置', N'', N'', N'', N'', N'system', N'', 0, 1, 1, -1, N'', N'', 1, N'', CAST(N'2020-03-07T09:00:28.203' AS DateTime), N'39f08cfd-8e0d-771b-a2f3-2639a62ca2fa', CAST(N'2020-03-07T09:00:45.207' AS DateTime), N'39f08cfd-8e0d-771b-a2f3-2639a62ca2fa')
INSERT [dbo].[Menu] ([Id], [ModuleCode], [Type], [ParentId], [Name], [RouteName], [RouteParams], [RouteQuery], [Url], [Icon], [IconColor], [Level], [Show], [Sort], [Target], [DialogWidth], [DialogHeight], [DialogFullscreen], [Remarks], [CreatedTime], [CreatedBy], [ModifiedTime], [ModifiedBy]) VALUES (N'3081cd08-52ea-9a8c-fc3d-39f3c4aefa94', N'', 0, N'00000000-0000-0000-0000-000000000000', N'权限管理', N'', N'', N'', N'', N'permission', N'', 0, 1, 0, -1, N'', N'', 1, N'', CAST(N'2020-03-07T09:00:37.907' AS DateTime), N'39f08cfd-8e0d-771b-a2f3-2639a62ca2fa', CAST(N'2020-03-07T09:00:45.193' AS DateTime), N'39f08cfd-8e0d-771b-a2f3-2639a62ca2fa')
INSERT [dbo].[Menu] ([Id], [ModuleCode], [Type], [ParentId], [Name], [RouteName], [RouteParams], [RouteQuery], [Url], [Icon], [IconColor], [Level], [Show], [Sort], [Target], [DialogWidth], [DialogHeight], [DialogFullscreen], [Remarks], [CreatedTime], [CreatedBy], [ModifiedTime], [ModifiedBy]) VALUES (N'a5575382-8a25-d5fd-fcbb-39f3c4af40d8', N'Admin', 1, N'd17d0b53-0822-467a-c275-39f3c4aed4ae', N'配置管理', N'admin_config', N'', N'', N'', N'tag', N'', 1, 1, 0, 0, N'', N'', 1, N'', CAST(N'2020-03-07T09:00:55.890' AS DateTime), N'39f08cfd-8e0d-771b-a2f3-2639a62ca2fa', CAST(N'2020-04-18T22:15:38.937' AS DateTime), N'39f08cfd-8e0d-771b-a2f3-2639a62ca2fa')
INSERT [dbo].[Menu] ([Id], [ModuleCode], [Type], [ParentId], [Name], [RouteName], [RouteParams], [RouteQuery], [Url], [Icon], [IconColor], [Level], [Show], [Sort], [Target], [DialogWidth], [DialogHeight], [DialogFullscreen], [Remarks], [CreatedTime], [CreatedBy], [ModifiedTime], [ModifiedBy]) VALUES (N'b8584d63-9353-ffba-4e68-39f3c4af4f3e', N'Admin', 1, N'd17d0b53-0822-467a-c275-39f3c4aed4ae', N'缓存管理', N'admin_cache', N'', N'', N'', N'redis', N'', 1, 1, 0, 0, N'', N'', 1, N'', CAST(N'2020-03-07T09:00:59.580' AS DateTime), N'39f08cfd-8e0d-771b-a2f3-2639a62ca2fa', CAST(N'2020-03-07T09:00:59.580' AS DateTime), N'39f08cfd-8e0d-771b-a2f3-2639a62ca2fa')
INSERT [dbo].[Menu] ([Id], [ModuleCode], [Type], [ParentId], [Name], [RouteName], [RouteParams], [RouteQuery], [Url], [Icon], [IconColor], [Level], [Show], [Sort], [Target], [DialogWidth], [DialogHeight], [DialogFullscreen], [Remarks], [CreatedTime], [CreatedBy], [ModifiedTime], [ModifiedBy]) VALUES (N'6f591e96-a144-c567-8d01-39f3c4af6191', N'Admin', 1, N'd17d0b53-0822-467a-c275-39f3c4aed4ae', N'图标管理', N'admin_icon', N'', N'', N'', N'icon', N'', 1, 1, 0, 0, N'', N'', 1, N'', CAST(N'2020-03-07T09:01:04.270' AS DateTime), N'39f08cfd-8e0d-771b-a2f3-2639a62ca2fa', CAST(N'2020-03-07T09:01:04.270' AS DateTime), N'39f08cfd-8e0d-771b-a2f3-2639a62ca2fa')
INSERT [dbo].[Menu] ([Id], [ModuleCode], [Type], [ParentId], [Name], [RouteName], [RouteParams], [RouteQuery], [Url], [Icon], [IconColor], [Level], [Show], [Sort], [Target], [DialogWidth], [DialogHeight], [DialogFullscreen], [Remarks], [CreatedTime], [CreatedBy], [ModifiedTime], [ModifiedBy]) VALUES (N'90436987-7995-6b46-2087-39f3c4af8bf3', N'Admin', 1, N'3081cd08-52ea-9a8c-fc3d-39f3c4aefa94', N'模块中心', N'admin_module', N'', N'', N'', N'product', N'', 1, 1, 0, 0, N'', N'', 1, N'', CAST(N'2020-03-07T09:01:15.120' AS DateTime), N'39f08cfd-8e0d-771b-a2f3-2639a62ca2fa', CAST(N'2020-04-18T22:15:31.337' AS DateTime), N'39f08cfd-8e0d-771b-a2f3-2639a62ca2fa')
INSERT [dbo].[Menu] ([Id], [ModuleCode], [Type], [ParentId], [Name], [RouteName], [RouteParams], [RouteQuery], [Url], [Icon], [IconColor], [Level], [Show], [Sort], [Target], [DialogWidth], [DialogHeight], [DialogFullscreen], [Remarks], [CreatedTime], [CreatedBy], [ModifiedTime], [ModifiedBy]) VALUES (N'543262c8-365c-df54-b1b7-39f3c4af9f90', N'Admin', 1, N'3081cd08-52ea-9a8c-fc3d-39f3c4aefa94', N'菜单管理', N'admin_menu', N'', N'', N'', N'menu', N'', 1, 1, 0, 0, N'', N'', 1, N'', CAST(N'2020-03-07T09:01:20.140' AS DateTime), N'39f08cfd-8e0d-771b-a2f3-2639a62ca2fa', CAST(N'2020-03-07T09:01:20.140' AS DateTime), N'39f08cfd-8e0d-771b-a2f3-2639a62ca2fa')
INSERT [dbo].[Menu] ([Id], [ModuleCode], [Type], [ParentId], [Name], [RouteName], [RouteParams], [RouteQuery], [Url], [Icon], [IconColor], [Level], [Show], [Sort], [Target], [DialogWidth], [DialogHeight], [DialogFullscreen], [Remarks], [CreatedTime], [CreatedBy], [ModifiedTime], [ModifiedBy]) VALUES (N'bc808b35-43d7-d86d-783d-39f3c4afadd0', N'Admin', 1, N'3081cd08-52ea-9a8c-fc3d-39f3c4aefa94', N'角色管理', N'admin_role', N'', N'', N'', N'role', N'', 1, 1, 0, 0, N'', N'', 1, N'', CAST(N'2020-03-07T09:01:23.790' AS DateTime), N'39f08cfd-8e0d-771b-a2f3-2639a62ca2fa', CAST(N'2020-03-07T09:01:23.790' AS DateTime), N'39f08cfd-8e0d-771b-a2f3-2639a62ca2fa')
INSERT [dbo].[Menu] ([Id], [ModuleCode], [Type], [ParentId], [Name], [RouteName], [RouteParams], [RouteQuery], [Url], [Icon], [IconColor], [Level], [Show], [Sort], [Target], [DialogWidth], [DialogHeight], [DialogFullscreen], [Remarks], [CreatedTime], [CreatedBy], [ModifiedTime], [ModifiedBy]) VALUES (N'5cc9e86d-6d9d-8e8f-a5fe-39f3c4afb923', N'Admin', 1, N'3081cd08-52ea-9a8c-fc3d-39f3c4aefa94', N'账户管理', N'admin_account', N'', N'', N'', N'user', N'', 1, 1, 0, 0, N'', N'', 1, N'', CAST(N'2020-03-07T09:01:26.687' AS DateTime), N'39f08cfd-8e0d-771b-a2f3-2639a62ca2fa', CAST(N'2020-03-07T09:01:26.687' AS DateTime), N'39f08cfd-8e0d-771b-a2f3-2639a62ca2fa')
INSERT [dbo].[Menu] ([Id], [ModuleCode], [Type], [ParentId], [Name], [RouteName], [RouteParams], [RouteQuery], [Url], [Icon], [IconColor], [Level], [Show], [Sort], [Target], [DialogWidth], [DialogHeight], [DialogFullscreen], [Remarks], [CreatedTime], [CreatedBy], [ModifiedTime], [ModifiedBy]) VALUES (N'5fe1a17a-0dce-c985-e899-39f3c4afc245', N'Admin', 1, N'3081cd08-52ea-9a8c-fc3d-39f3c4aefa94', N'审计日志', N'admin_auditinfo', N'', N'', N'', N'log', N'', 1, 1, 0, 0, N'', N'', 1, N'', CAST(N'2020-03-07T09:01:29.023' AS DateTime), N'39f08cfd-8e0d-771b-a2f3-2639a62ca2fa', CAST(N'2020-03-07T09:01:29.023' AS DateTime), N'39f08cfd-8e0d-771b-a2f3-2639a62ca2fa')
INSERT [dbo].[Menu_Permission] ([MenuCode], [PermissionCode]) VALUES (N'admin_cache', N'admin_cache_query_get')
INSERT [dbo].[Menu_Permission] ([MenuCode], [PermissionCode]) VALUES (N'admin_menu', N'admin_menu_query_get')
INSERT [dbo].[Menu_Permission] ([MenuCode], [PermissionCode]) VALUES (N'admin_menu', N'admin_menu_tree_get')
INSERT [dbo].[Menu_Permission] ([MenuCode], [PermissionCode]) VALUES (N'admin_role', N'admin_role_query_get')
INSERT [dbo].[Menu_Permission] ([MenuCode], [PermissionCode]) VALUES (N'admin_account', N'admin_account_query_get')
INSERT [dbo].[Menu_Permission] ([MenuCode], [PermissionCode]) VALUES (N'admin_auditinfo', N'admin_auditinfo_query_get')
INSERT [dbo].[Menu_Permission] ([MenuCode], [PermissionCode]) VALUES (N'admin_module', N'admin_module_query_get')
INSERT [dbo].[Menu_Permission] ([MenuCode], [PermissionCode]) VALUES (N'admin_module', N'admin_permission_query_get')
INSERT [dbo].[Menu_Permission] ([MenuCode], [PermissionCode]) VALUES (N'admin_module', N'admin_permission_querybycodes_get')
INSERT [dbo].[Menu_Permission] ([MenuCode], [PermissionCode]) VALUES (N'admin_config', N'admin_config_edit_get')
INSERT [dbo].[Menu_Permission] ([MenuCode], [PermissionCode]) VALUES (N'admin_config', N'admin_config_update_post')
INSERT [dbo].[Menu_Permission] ([MenuCode], [PermissionCode]) VALUES (N'admin_config', N'admin_config_uploadlogo_post')
INSERT [dbo].[Menu_Permission] ([MenuCode], [PermissionCode]) VALUES (N'admin_config', N'admin_config_logourl_get')
INSERT [dbo].[Menu_Permission] ([MenuCode], [PermissionCode]) VALUES (N'admin_config', N'admin_config_descriptors_get')
INSERT [dbo].[Module] ([Id], [Number], [Name], [Code], [Icon], [Version], [Remarks], [ApiRequestCount]) VALUES (N'f334b6a2-1711-eb93-c6e9-39f49fd1af3f', 0, N'权限管理', N'Admin', N'permission', N'1.9.9', N'权限管理模块用于身份认证以及授权等功能', 0)
INSERT [dbo].[Permission] ([Id], [Name], [ModuleCode], [Controller], [Action], [HttpMethod], [Code]) VALUES (N'e20af98a-4427-d312-c1b9-39f49fd2e069', N'账户管理_查询', N'Admin', N'Account', N'Query', 0, N'admin_account_query_get')
INSERT [dbo].[Permission] ([Id], [Name], [ModuleCode], [Controller], [Action], [HttpMethod], [Code]) VALUES (N'70c64f5d-5ce7-cbd0-9de1-39f49fd2e085', N'账户管理_添加', N'Admin', N'Account', N'Add', 2, N'admin_account_add_post')
INSERT [dbo].[Permission] ([Id], [Name], [ModuleCode], [Controller], [Action], [HttpMethod], [Code]) VALUES (N'7f9339a0-f06b-ed5a-17fa-39f49fd2e09c', N'账户管理_编辑', N'Admin', N'Account', N'Edit', 0, N'admin_account_edit_get')
INSERT [dbo].[Permission] ([Id], [Name], [ModuleCode], [Controller], [Action], [HttpMethod], [Code]) VALUES (N'174299c7-1e21-7b22-2941-39f49fd2e0b5', N'账户管理_更新', N'Admin', N'Account', N'Update', 2, N'admin_account_update_post')
INSERT [dbo].[Permission] ([Id], [Name], [ModuleCode], [Controller], [Action], [HttpMethod], [Code]) VALUES (N'79659cb2-71c7-d4d1-da21-39f49fd2e0ca', N'账户管理_删除', N'Admin', N'Account', N'Delete', 3, N'admin_account_delete_delete')
INSERT [dbo].[Permission] ([Id], [Name], [ModuleCode], [Controller], [Action], [HttpMethod], [Code]) VALUES (N'cd670b9a-0b43-f1bb-8d76-39f49fd2e0dc', N'账户管理_绑定角色', N'Admin', N'Account', N'BindRole', 2, N'admin_account_bindrole_post')
INSERT [dbo].[Permission] ([Id], [Name], [ModuleCode], [Controller], [Action], [HttpMethod], [Code]) VALUES (N'91c34707-7137-00d1-2c1f-39f49fd2e0ee', N'账户管理_重置密码', N'Admin', N'Account', N'ResetPassword', 2, N'admin_account_resetpassword_post')
INSERT [dbo].[Permission] ([Id], [Name], [ModuleCode], [Controller], [Action], [HttpMethod], [Code]) VALUES (N'5f47a2b1-db16-6e85-8276-39f49fd2e0ff', N'审计信息_查询', N'Admin', N'AuditInfo', N'Query', 0, N'admin_auditinfo_query_get')
INSERT [dbo].[Permission] ([Id], [Name], [ModuleCode], [Controller], [Action], [HttpMethod], [Code]) VALUES (N'd6feae47-0b8d-3993-9f0e-39f49fd2e111', N'审计信息_详情', N'Admin', N'AuditInfo', N'Details', 0, N'admin_auditinfo_details_get')
INSERT [dbo].[Permission] ([Id], [Name], [ModuleCode], [Controller], [Action], [HttpMethod], [Code]) VALUES (N'88a2b44a-f0a6-71eb-d3a6-39f49fd2e125', N'审计信息_导出', N'Admin', N'AuditInfo', N'Export', 2, N'admin_auditinfo_export_post')
INSERT [dbo].[Permission] ([Id], [Name], [ModuleCode], [Controller], [Action], [HttpMethod], [Code]) VALUES (N'afa76798-1e74-c95d-f621-39f49fd2e13a', N'按钮管理_查询', N'Admin', N'Button', N'Query', 0, N'admin_button_query_get')
INSERT [dbo].[Permission] ([Id], [Name], [ModuleCode], [Controller], [Action], [HttpMethod], [Code]) VALUES (N'06f5c134-b955-b5d9-7247-39f49fd2e14c', N'缓存管理_查询指定模块缓存键列表', N'Admin', N'Cache', N'Query', 0, N'admin_cache_query_get')
INSERT [dbo].[Permission] ([Id], [Name], [ModuleCode], [Controller], [Action], [HttpMethod], [Code]) VALUES (N'f9008b49-f253-774e-9ebc-39f49fd2e160', N'缓存管理_清除指定前缀的缓存', N'Admin', N'Cache', N'Clear', 3, N'admin_cache_clear_delete')
INSERT [dbo].[Permission] ([Id], [Name], [ModuleCode], [Controller], [Action], [HttpMethod], [Code]) VALUES (N'4ef28cd4-36b7-6bea-e57f-39f49fd2e172', N'配置管理_编辑', N'Admin', N'Config', N'Edit', 0, N'admin_config_edit_get')
INSERT [dbo].[Permission] ([Id], [Name], [ModuleCode], [Controller], [Action], [HttpMethod], [Code]) VALUES (N'5648356a-91a5-d1b1-3793-39f49fd2e181', N'配置管理_保存', N'Admin', N'Config', N'Update', 2, N'admin_config_update_post')
INSERT [dbo].[Permission] ([Id], [Name], [ModuleCode], [Controller], [Action], [HttpMethod], [Code]) VALUES (N'8b6c79df-d610-1378-e085-39f49fd2e191', N'配置管理_上传Logo', N'Admin', N'Config', N'UploadLogo', 2, N'admin_config_uploadlogo_post')
INSERT [dbo].[Permission] ([Id], [Name], [ModuleCode], [Controller], [Action], [HttpMethod], [Code]) VALUES (N'1d7b46cb-a45d-9efe-daff-39f49fd2e19f', N'配置管理_Logo完整地址', N'Admin', N'Config', N'LogoUrl', 0, N'admin_config_logourl_get')
INSERT [dbo].[Permission] ([Id], [Name], [ModuleCode], [Controller], [Action], [HttpMethod], [Code]) VALUES (N'cdd7e71e-3b22-6ed6-5812-39f49fd2e1ae', N'配置管理_配置描述符列表', N'Admin', N'Config', N'Descriptors', 0, N'admin_config_descriptors_get')
INSERT [dbo].[Permission] ([Id], [Name], [ModuleCode], [Controller], [Action], [HttpMethod], [Code]) VALUES (N'7319b709-9089-856b-cc88-39f49fd2e1bd', N'菜单管理_菜单树', N'Admin', N'Menu', N'Tree', 0, N'admin_menu_tree_get')
INSERT [dbo].[Permission] ([Id], [Name], [ModuleCode], [Controller], [Action], [HttpMethod], [Code]) VALUES (N'f10143e4-475d-8f0b-8614-39f49fd2e1cb', N'菜单管理_查询菜单列表', N'Admin', N'Menu', N'Query', 0, N'admin_menu_query_get')
INSERT [dbo].[Permission] ([Id], [Name], [ModuleCode], [Controller], [Action], [HttpMethod], [Code]) VALUES (N'69d865da-0f08-77bd-30a9-39f49fd2e1db', N'菜单管理_添加', N'Admin', N'Menu', N'Add', 2, N'admin_menu_add_post')
INSERT [dbo].[Permission] ([Id], [Name], [ModuleCode], [Controller], [Action], [HttpMethod], [Code]) VALUES (N'1889fe19-1835-b83e-1b35-39f49fd2e1e9', N'菜单管理_删除', N'Admin', N'Menu', N'Delete', 3, N'admin_menu_delete_delete')
INSERT [dbo].[Permission] ([Id], [Name], [ModuleCode], [Controller], [Action], [HttpMethod], [Code]) VALUES (N'c641e209-95a8-ae70-f6df-39f49fd2e1f7', N'菜单管理_编辑', N'Admin', N'Menu', N'Edit', 0, N'admin_menu_edit_get')
INSERT [dbo].[Permission] ([Id], [Name], [ModuleCode], [Controller], [Action], [HttpMethod], [Code]) VALUES (N'dea9dc08-1c17-c5d7-6c13-39f49fd2e205', N'菜单管理_更新', N'Admin', N'Menu', N'Update', 2, N'admin_menu_update_post')
INSERT [dbo].[Permission] ([Id], [Name], [ModuleCode], [Controller], [Action], [HttpMethod], [Code]) VALUES (N'e927ba5d-d256-bfb1-927c-39f49fd2e214', N'菜单管理_获取排序信息', N'Admin', N'Menu', N'Sort', 0, N'admin_menu_sort_get')
INSERT [dbo].[Permission] ([Id], [Name], [ModuleCode], [Controller], [Action], [HttpMethod], [Code]) VALUES (N'cff1a456-be1a-e5a8-feac-39f49fd2e227', N'菜单管理_更新排序信息', N'Admin', N'Menu', N'Sort', 2, N'admin_menu_sort_post')
INSERT [dbo].[Permission] ([Id], [Name], [ModuleCode], [Controller], [Action], [HttpMethod], [Code]) VALUES (N'45ba5df0-b6e5-7f74-abbd-39f49fd2e238', N'模块信息_查询', N'Admin', N'Module', N'Query', 0, N'admin_module_query_get')
INSERT [dbo].[Permission] ([Id], [Name], [ModuleCode], [Controller], [Action], [HttpMethod], [Code]) VALUES (N'477aaee5-e2e7-5f6b-7ddd-39f49fd2e249', N'模块信息_同步', N'Admin', N'Module', N'Sync', 2, N'admin_module_sync_post')
INSERT [dbo].[Permission] ([Id], [Name], [ModuleCode], [Controller], [Action], [HttpMethod], [Code]) VALUES (N'19c862f5-b40c-e22d-0e12-39f49fd2e258', N'权限接口_查询', N'Admin', N'Permission', N'Query', 0, N'admin_permission_query_get')
INSERT [dbo].[Permission] ([Id], [Name], [ModuleCode], [Controller], [Action], [HttpMethod], [Code]) VALUES (N'fa658096-07c3-5f17-0d4a-39f49fd2e266', N'权限接口_权限树', N'Admin', N'Permission', N'Tree', 0, N'admin_permission_tree_get')
INSERT [dbo].[Permission] ([Id], [Name], [ModuleCode], [Controller], [Action], [HttpMethod], [Code]) VALUES (N'fb305a5b-a4eb-3771-fae5-39f49fd2e275', N'权限接口_根据编码查询', N'Admin', N'Permission', N'QueryByCodes', 0, N'admin_permission_querybycodes_get')
INSERT [dbo].[Permission] ([Id], [Name], [ModuleCode], [Controller], [Action], [HttpMethod], [Code]) VALUES (N'7deb1516-273b-0671-b3da-39f49fd2e284', N'角色管理_查询', N'Admin', N'Role', N'Query', 0, N'admin_role_query_get')
INSERT [dbo].[Permission] ([Id], [Name], [ModuleCode], [Controller], [Action], [HttpMethod], [Code]) VALUES (N'd672e920-db07-b0b1-fc6e-39f49fd2e293', N'角色管理_添加', N'Admin', N'Role', N'Add', 2, N'admin_role_add_post')
INSERT [dbo].[Permission] ([Id], [Name], [ModuleCode], [Controller], [Action], [HttpMethod], [Code]) VALUES (N'c047f050-5881-6a8f-5ba2-39f49fd2e2a2', N'角色管理_删除', N'Admin', N'Role', N'Delete', 3, N'admin_role_delete_delete')
INSERT [dbo].[Permission] ([Id], [Name], [ModuleCode], [Controller], [Action], [HttpMethod], [Code]) VALUES (N'e0de5e2a-ca09-de44-4211-39f49fd2e2b2', N'角色管理_编辑', N'Admin', N'Role', N'Edit', 0, N'admin_role_edit_get')
INSERT [dbo].[Permission] ([Id], [Name], [ModuleCode], [Controller], [Action], [HttpMethod], [Code]) VALUES (N'26283f9d-377c-9d26-d8ae-39f49fd2e2c0', N'角色管理_修改', N'Admin', N'Role', N'Update', 2, N'admin_role_update_post')
INSERT [dbo].[Permission] ([Id], [Name], [ModuleCode], [Controller], [Action], [HttpMethod], [Code]) VALUES (N'56e1c493-db19-a313-649b-39f49fd2e2cf', N'角色管理_获取角色的关联菜单列表', N'Admin', N'Role', N'MenuList', 0, N'admin_role_menulist_get')
INSERT [dbo].[Permission] ([Id], [Name], [ModuleCode], [Controller], [Action], [HttpMethod], [Code]) VALUES (N'e6104414-eaed-eeae-d6f2-39f49fd2e2dd', N'角色管理_绑定菜单', N'Admin', N'Role', N'BindMenu', 2, N'admin_role_bindmenu_post')
INSERT [dbo].[Permission] ([Id], [Name], [ModuleCode], [Controller], [Action], [HttpMethod], [Code]) VALUES (N'f5f4c045-72bb-67f4-b0c6-39f49fd2e2ee', N'角色管理_获取角色关联的菜单按钮列表', N'Admin', N'Role', N'MenuButtonList', 0, N'admin_role_menubuttonlist_get')
INSERT [dbo].[Permission] ([Id], [Name], [ModuleCode], [Controller], [Action], [HttpMethod], [Code]) VALUES (N'726ec604-155e-576b-43aa-39f49fd2e2fe', N'角色管理_绑定菜单按钮', N'Admin', N'Role', N'BindMenuButton', 2, N'admin_role_bindmenubutton_post')
INSERT [dbo].[Permission] ([Id], [Name], [ModuleCode], [Controller], [Action], [HttpMethod], [Code]) VALUES (N'85b72a22-3eb3-780d-a84a-39f49fd2e310', N'角色管理_查询平台权限列表', N'Admin', N'Role', N'PlatformPermissionList', 0, N'admin_role_platformpermissionlist_get')
INSERT [dbo].[Permission] ([Id], [Name], [ModuleCode], [Controller], [Action], [HttpMethod], [Code]) VALUES (N'c3574c50-ccc2-4c8c-9ca6-39f49fd2e31f', N'角色管理_绑定平台权限列表', N'Admin', N'Role', N'PlatformPermissionBind', 2, N'admin_role_platformpermissionbind_post')
INSERT [dbo].[Permission] ([Id], [Name], [ModuleCode], [Controller], [Action], [HttpMethod], [Code]) VALUES (N'bd6028c6-cce9-91ce-f99b-39f49fd2e330', N'通用工具_枚举下拉列表接口', N'Admin', N'Tool', N'EnumSelect', 0, N'admin_tool_enumselect_get')
INSERT [dbo].[Role] ([Id], [Name], [Remarks], [IsSpecified], [CreatedTime], [CreatedBy], [ModifiedTime], [ModifiedBy], [Deleted], [DeletedTime], [DeletedBy]) VALUES (N'39f08cfd-8dd0-bb54-4544-c2dc43c6ca38', N'超级管理员', N'超级管理员', 0, CAST(N'2019-09-29T10:19:21.000' AS DateTime), N'00000000-0000-0000-0000-000000000000', CAST(N'2020-01-13T19:26:55.000' AS DateTime), N'39f08cfd-8e0d-771b-a2f3-2639a62ca2fa', 0, CAST(N'2019-09-29T10:19:21.000' AS DateTime), N'00000000-0000-0000-0000-000000000000')
INSERT [dbo].[Role_Menu] ([RoleId], [MenuId]) VALUES (N'39f08cfd-8dd0-bb54-4544-c2dc43c6ca38', N'00000000-0000-0000-0000-000000000000')
INSERT [dbo].[Role_Menu] ([RoleId], [MenuId]) VALUES (N'39f08cfd-8dd0-bb54-4544-c2dc43c6ca38', N'3081cd08-52ea-9a8c-fc3d-39f3c4aefa94')
INSERT [dbo].[Role_Menu] ([RoleId], [MenuId]) VALUES (N'39f08cfd-8dd0-bb54-4544-c2dc43c6ca38', N'90436987-7995-6b46-2087-39f3c4af8bf3')
INSERT [dbo].[Role_Menu] ([RoleId], [MenuId]) VALUES (N'39f08cfd-8dd0-bb54-4544-c2dc43c6ca38', N'543262c8-365c-df54-b1b7-39f3c4af9f90')
INSERT [dbo].[Role_Menu] ([RoleId], [MenuId]) VALUES (N'39f08cfd-8dd0-bb54-4544-c2dc43c6ca38', N'bc808b35-43d7-d86d-783d-39f3c4afadd0')
INSERT [dbo].[Role_Menu] ([RoleId], [MenuId]) VALUES (N'39f08cfd-8dd0-bb54-4544-c2dc43c6ca38', N'5cc9e86d-6d9d-8e8f-a5fe-39f3c4afb923')
INSERT [dbo].[Role_Menu] ([RoleId], [MenuId]) VALUES (N'39f08cfd-8dd0-bb54-4544-c2dc43c6ca38', N'5fe1a17a-0dce-c985-e899-39f3c4afc245')
INSERT [dbo].[Role_Menu] ([RoleId], [MenuId]) VALUES (N'39f08cfd-8dd0-bb54-4544-c2dc43c6ca38', N'd17d0b53-0822-467a-c275-39f3c4aed4ae')
INSERT [dbo].[Role_Menu] ([RoleId], [MenuId]) VALUES (N'39f08cfd-8dd0-bb54-4544-c2dc43c6ca38', N'a5575382-8a25-d5fd-fcbb-39f3c4af40d8')
INSERT [dbo].[Role_Menu] ([RoleId], [MenuId]) VALUES (N'39f08cfd-8dd0-bb54-4544-c2dc43c6ca38', N'b8584d63-9353-ffba-4e68-39f3c4af4f3e')
INSERT [dbo].[Role_Menu] ([RoleId], [MenuId]) VALUES (N'39f08cfd-8dd0-bb54-4544-c2dc43c6ca38', N'6f591e96-a144-c567-8d01-39f3c4af6191')
INSERT [dbo].[Role_Menu] ([RoleId], [MenuId]) VALUES (N'39f08cfd-8dd0-bb54-4544-c2dc43c6ca38', N'16aba15e-2f0a-4703-0518-39f3c4ae4ec1')
INSERT [dbo].[Role_Menu] ([RoleId], [MenuId]) VALUES (N'39f08cfd-8dd0-bb54-4544-c2dc43c6ca38', N'8dab7c27-9c37-4cda-53bd-39f3c4ae93ea')
INSERT [dbo].[Role_Menu_Button] ([RoleId], [MenuId], [ButtonId]) VALUES (N'39f08cfd-8dd0-bb54-4544-c2dc43c6ca38', N'543262c8-365c-df54-b1b7-39f3c4af9f90', N'b01c38e8-9372-cf25-951e-39f3c4af9f9d')
INSERT [dbo].[Role_Menu_Button] ([RoleId], [MenuId], [ButtonId]) VALUES (N'39f08cfd-8dd0-bb54-4544-c2dc43c6ca38', N'543262c8-365c-df54-b1b7-39f3c4af9f90', N'0098592a-fd9e-efda-1951-39f3c4af9fa3')
INSERT [dbo].[Role_Menu_Button] ([RoleId], [MenuId], [ButtonId]) VALUES (N'39f08cfd-8dd0-bb54-4544-c2dc43c6ca38', N'543262c8-365c-df54-b1b7-39f3c4af9f90', N'1c3df7a8-701b-1aef-af1e-39f3c4af9fae')
INSERT [dbo].[Role_Menu_Button] ([RoleId], [MenuId], [ButtonId]) VALUES (N'39f08cfd-8dd0-bb54-4544-c2dc43c6ca38', N'543262c8-365c-df54-b1b7-39f3c4af9f90', N'fc68e609-6dd7-a8e7-b5b3-39f3c4af9fb3')
INSERT [dbo].[Role_Menu_Button] ([RoleId], [MenuId], [ButtonId]) VALUES (N'39f08cfd-8dd0-bb54-4544-c2dc43c6ca38', N'bc808b35-43d7-d86d-783d-39f3c4afadd0', N'5afb4fe5-059b-a1c5-be62-39f3c4afadda')
INSERT [dbo].[Role_Menu_Button] ([RoleId], [MenuId], [ButtonId]) VALUES (N'39f08cfd-8dd0-bb54-4544-c2dc43c6ca38', N'bc808b35-43d7-d86d-783d-39f3c4afadd0', N'd2dcdb3e-0f77-9da5-4f3c-39f3c4afade2')
INSERT [dbo].[Role_Menu_Button] ([RoleId], [MenuId], [ButtonId]) VALUES (N'39f08cfd-8dd0-bb54-4544-c2dc43c6ca38', N'bc808b35-43d7-d86d-783d-39f3c4afadd0', N'aeca2280-3bee-dc60-114c-39f3c4afade9')
INSERT [dbo].[Role_Menu_Button] ([RoleId], [MenuId], [ButtonId]) VALUES (N'39f08cfd-8dd0-bb54-4544-c2dc43c6ca38', N'bc808b35-43d7-d86d-783d-39f3c4afadd0', N'394f5a7e-e9a5-18b2-8ccf-39f3c4afadee')
INSERT [dbo].[Role_Menu_Button] ([RoleId], [MenuId], [ButtonId]) VALUES (N'39f08cfd-8dd0-bb54-4544-c2dc43c6ca38', N'bc808b35-43d7-d86d-783d-39f3c4afadd0', N'3ba10bbf-c515-c33c-b9c6-39f3c4afadf7')
INSERT [dbo].[Role_Menu_Button] ([RoleId], [MenuId], [ButtonId]) VALUES (N'39f08cfd-8dd0-bb54-4544-c2dc43c6ca38', N'5cc9e86d-6d9d-8e8f-a5fe-39f3c4afb923', N'77c4e20b-a63f-409e-41da-39f3c4afb92c')
INSERT [dbo].[Role_Menu_Button] ([RoleId], [MenuId], [ButtonId]) VALUES (N'39f08cfd-8dd0-bb54-4544-c2dc43c6ca38', N'5cc9e86d-6d9d-8e8f-a5fe-39f3c4afb923', N'1c5ffae3-ff08-866c-1f37-39f3c4afb930')
INSERT [dbo].[Role_Menu_Button] ([RoleId], [MenuId], [ButtonId]) VALUES (N'39f08cfd-8dd0-bb54-4544-c2dc43c6ca38', N'5cc9e86d-6d9d-8e8f-a5fe-39f3c4afb923', N'214fb876-d02e-b024-3278-39f3c4afb939')
INSERT [dbo].[Role_Menu_Button] ([RoleId], [MenuId], [ButtonId]) VALUES (N'39f08cfd-8dd0-bb54-4544-c2dc43c6ca38', N'5cc9e86d-6d9d-8e8f-a5fe-39f3c4afb923', N'3f670be4-ce59-807f-b0cd-39f3c4afb93f')
INSERT [dbo].[Role_Menu_Button] ([RoleId], [MenuId], [ButtonId]) VALUES (N'39f08cfd-8dd0-bb54-4544-c2dc43c6ca38', N'5fe1a17a-0dce-c985-e899-39f3c4afc245', N'8a787d34-d535-54b7-a7b4-39f3c4afc24e')
INSERT [dbo].[Role_Menu_Button] ([RoleId], [MenuId], [ButtonId]) VALUES (N'39f08cfd-8dd0-bb54-4544-c2dc43c6ca38', N'5fe1a17a-0dce-c985-e899-39f3c4afc245', N'c7b61dca-6a4d-b40a-4267-39f3c4afc255')
INSERT [dbo].[Role_Menu_Button] ([RoleId], [MenuId], [ButtonId]) VALUES (N'39f08cfd-8dd0-bb54-4544-c2dc43c6ca38', N'b8584d63-9353-ffba-4e68-39f3c4af4f3e', N'1bb4e58f-aa2a-59cb-dad2-39f3c4af4f4f')
INSERT [dbo].[Role_Menu_Button] ([RoleId], [MenuId], [ButtonId]) VALUES (N'39f08cfd-8dd0-bb54-4544-c2dc43c6ca38', N'90436987-7995-6b46-2087-39f3c4af8bf3', N'd3d606fb-9338-0be6-7d5d-39f49fd1d1b6')
