INSERT [dbo].[Account] ([Id],[TenantId], [Type], [UserName], [Password], [Name], [Phone], [Email], [Status], [IsLock], [ClosedTime], [ClosedBy], [CreatedTime], [CreatedBy], [ModifiedTime], [ModifiedBy], [Deleted], [DeletedTime], [DeletedBy]) VALUES (N'39f08cfd-8e0d-771b-a2f3-2639a62ca2fa', 0, 0, N'admin', N'E739279CB28CDAFD7373618313803524', N'管理员', N'', N'', 1, 0, CAST(N'2019-09-29T10:19:21.000' AS DateTime), N'00000000-0000-0000-0000-000000000000', CAST(N'2019-09-29T10:19:21.000' AS DateTime), N'00000000-0000-0000-0000-000000000000', CAST(N'2020-01-14T15:20:04.000' AS DateTime), N'39f08cfd-8e0d-771b-a2f3-2639a62ca2fa', 0, CAST(N'2019-09-29T10:19:21.000' AS DateTime), N'00000000-0000-0000-0000-000000000000')
INSERT [dbo].[Account_Config] ([AccountId], [Skin], [Theme], [FontSize]) VALUES (N'39f08cfd-8e0d-771b-a2f3-2639a62ca2fa', N'pretty', N'default', N'small')
INSERT [dbo].[Account_Role] ([AccountId], [RoleId]) VALUES (N'39f08cfd-8e0d-771b-a2f3-2639a62ca2fa', N'39f08cfd-8dd0-bb54-4544-c2dc43c6ca38')
INSERT [dbo].[Button] ([Id], [MenuCode], [Name], [Icon], [Code], [CreatedTime], [CreatedBy], [ModifiedTime], [ModifiedBy]) VALUES (N'1bb4e58f-aa2a-59cb-dad2-39f3c4af4f4f', N'admin_cache', N'清除', N'delete', N'admin_cache_clear', CAST(N'2020-03-07T09:00:59.600' AS DateTime), N'39f08cfd-8e0d-771b-a2f3-2639a62ca2fa', CAST(N'2020-03-07T09:00:59.600' AS DateTime), N'39f08cfd-8e0d-771b-a2f3-2639a62ca2fa')
INSERT [dbo].[Button] ([Id], [MenuCode], [Name], [Icon], [Code], [CreatedTime], [CreatedBy], [ModifiedTime], [ModifiedBy]) VALUES (N'b01c38e8-9372-cf25-951e-39f3c4af9f9d', N'admin_menu', N'添加', N'add', N'admin_menu_add', CAST(N'2020-03-07T09:01:20.157' AS DateTime), N'39f08cfd-8e0d-771b-a2f3-2639a62ca2fa', CAST(N'2020-03-07T09:01:20.157' AS DateTime), N'39f08cfd-8e0d-771b-a2f3-2639a62ca2fa')
INSERT [dbo].[Button] ([Id], [MenuCode], [Name], [Icon], [Code], [CreatedTime], [CreatedBy], [ModifiedTime], [ModifiedBy]) VALUES (N'0098592a-fd9e-efda-1951-39f3c4af9fa3', N'admin_menu', N'编辑', N'edit', N'admin_menu_edit', CAST(N'2020-03-07T09:01:20.163' AS DateTime), N'39f08cfd-8e0d-771b-a2f3-2639a62ca2fa', CAST(N'2020-03-07T09:01:20.163' AS DateTime), N'39f08cfd-8e0d-771b-a2f3-2639a62ca2fa')
INSERT [dbo].[Button] ([Id], [MenuCode], [Name], [Icon], [Code], [CreatedTime], [CreatedBy], [ModifiedTime], [ModifiedBy]) VALUES (N'1c3df7a8-701b-1aef-af1e-39f3c4af9fae', N'admin_menu', N'删除', N'delete', N'admin_menu_del', CAST(N'2020-03-07T09:01:20.173' AS DateTime), N'39f08cfd-8e0d-771b-a2f3-2639a62ca2fa', CAST(N'2020-03-07T09:01:20.173' AS DateTime), N'39f08cfd-8e0d-771b-a2f3-2639a62ca2fa')
INSERT [dbo].[Button] ([Id], [MenuCode], [Name], [Icon], [Code], [CreatedTime], [CreatedBy], [ModifiedTime], [ModifiedBy]) VALUES (N'fc68e609-6dd7-a8e7-b5b3-39f3c4af9fb3', N'admin_menu', N'排序', N'sort', N'admin_menu_sort', CAST(N'2020-03-07T09:01:20.180' AS DateTime), N'39f08cfd-8e0d-771b-a2f3-2639a62ca2fa', CAST(N'2020-03-07T09:01:20.180' AS DateTime), N'39f08cfd-8e0d-771b-a2f3-2639a62ca2fa')
INSERT [dbo].[Button] ([Id], [MenuCode], [Name], [Icon], [Code], [CreatedTime], [CreatedBy], [ModifiedTime], [ModifiedBy]) VALUES (N'5afb4fe5-059b-a1c5-be62-39f3c4afadda', N'admin_role', N'添加', N'add', N'admin_role_add', CAST(N'2020-03-07T09:01:23.803' AS DateTime), N'39f08cfd-8e0d-771b-a2f3-2639a62ca2fa', CAST(N'2020-03-07T09:01:23.803' AS DateTime), N'39f08cfd-8e0d-771b-a2f3-2639a62ca2fa')
INSERT [dbo].[Button] ([Id], [MenuCode], [Name], [Icon], [Code], [CreatedTime], [CreatedBy], [ModifiedTime], [ModifiedBy]) VALUES (N'd2dcdb3e-0f77-9da5-4f3c-39f3c4afade2', N'admin_role', N'编辑', N'edit', N'admin_role_edit', CAST(N'2020-03-07T09:01:23.810' AS DateTime), N'39f08cfd-8e0d-771b-a2f3-2639a62ca2fa', CAST(N'2020-03-07T09:01:23.810' AS DateTime), N'39f08cfd-8e0d-771b-a2f3-2639a62ca2fa')
INSERT [dbo].[Button] ([Id], [MenuCode], [Name], [Icon], [Code], [CreatedTime], [CreatedBy], [ModifiedTime], [ModifiedBy]) VALUES (N'aeca2280-3bee-dc60-114c-39f3c4afade9', N'admin_role', N'删除', N'delete', N'admin_role_del', CAST(N'2020-03-07T09:01:23.817' AS DateTime), N'39f08cfd-8e0d-771b-a2f3-2639a62ca2fa', CAST(N'2020-03-07T09:01:23.817' AS DateTime), N'39f08cfd-8e0d-771b-a2f3-2639a62ca2fa')
INSERT [dbo].[Button] ([Id], [MenuCode], [Name], [Icon], [Code], [CreatedTime], [CreatedBy], [ModifiedTime], [ModifiedBy]) VALUES (N'394f5a7e-e9a5-18b2-8ccf-39f3c4afadee', N'admin_role', N'绑定菜单', N'bind', N'admin_role_bind_menu', CAST(N'2020-03-07T09:01:23.823' AS DateTime), N'39f08cfd-8e0d-771b-a2f3-2639a62ca2fa', CAST(N'2020-03-07T09:01:23.823' AS DateTime), N'39f08cfd-8e0d-771b-a2f3-2639a62ca2fa')
INSERT [dbo].[Button] ([Id], [MenuCode], [Name], [Icon], [Code], [CreatedTime], [CreatedBy], [ModifiedTime], [ModifiedBy]) VALUES (N'3ba10bbf-c515-c33c-b9c6-39f3c4afadf7', N'admin_role', N'平台权限', N'android', N'admin_role_bind_permission', CAST(N'2020-03-07T09:01:23.830' AS DateTime), N'39f08cfd-8e0d-771b-a2f3-2639a62ca2fa', CAST(N'2020-03-07T09:01:23.830' AS DateTime), N'39f08cfd-8e0d-771b-a2f3-2639a62ca2fa')
INSERT [dbo].[Button] ([Id], [MenuCode], [Name], [Icon], [Code], [CreatedTime], [CreatedBy], [ModifiedTime], [ModifiedBy]) VALUES (N'77c4e20b-a63f-409e-41da-39f3c4afb92c', N'admin_account', N'添加', N'add', N'admin_account_add', CAST(N'2020-03-07T09:01:26.700' AS DateTime), N'39f08cfd-8e0d-771b-a2f3-2639a62ca2fa', CAST(N'2020-03-07T09:01:26.700' AS DateTime), N'39f08cfd-8e0d-771b-a2f3-2639a62ca2fa')
INSERT [dbo].[Button] ([Id], [MenuCode], [Name], [Icon], [Code], [CreatedTime], [CreatedBy], [ModifiedTime], [ModifiedBy]) VALUES (N'1c5ffae3-ff08-866c-1f37-39f3c4afb930', N'admin_account', N'编辑', N'edit', N'admin_account_edit', CAST(N'2020-03-07T09:01:26.703' AS DateTime), N'39f08cfd-8e0d-771b-a2f3-2639a62ca2fa', CAST(N'2020-03-07T09:01:26.703' AS DateTime), N'39f08cfd-8e0d-771b-a2f3-2639a62ca2fa')
INSERT [dbo].[Button] ([Id], [MenuCode], [Name], [Icon], [Code], [CreatedTime], [CreatedBy], [ModifiedTime], [ModifiedBy]) VALUES (N'214fb876-d02e-b024-3278-39f3c4afb939', N'admin_account', N'删除', N'delete', N'admin_account_del', CAST(N'2020-03-07T09:01:26.713' AS DateTime), N'39f08cfd-8e0d-771b-a2f3-2639a62ca2fa', CAST(N'2020-03-07T09:01:26.713' AS DateTime), N'39f08cfd-8e0d-771b-a2f3-2639a62ca2fa')
INSERT [dbo].[Button] ([Id], [MenuCode], [Name], [Icon], [Code], [CreatedTime], [CreatedBy], [ModifiedTime], [ModifiedBy]) VALUES (N'3f670be4-ce59-807f-b0cd-39f3c4afb93f', N'admin_account', N'重置密码', N'refresh', N'admin_account_reset_password', CAST(N'2020-03-07T09:01:26.720' AS DateTime), N'39f08cfd-8e0d-771b-a2f3-2639a62ca2fa', CAST(N'2020-03-07T09:01:26.720' AS DateTime), N'39f08cfd-8e0d-771b-a2f3-2639a62ca2fa')
INSERT [dbo].[Button] ([Id], [MenuCode], [Name], [Icon], [Code], [CreatedTime], [CreatedBy], [ModifiedTime], [ModifiedBy]) VALUES (N'8a787d34-d535-54b7-a7b4-39f3c4afc24e', N'admin_auditinfo', N'详情', N'detail', N'admin_auditinfo_details', CAST(N'2020-03-07T09:01:29.037' AS DateTime), N'39f08cfd-8e0d-771b-a2f3-2639a62ca2fa', CAST(N'2020-03-07T09:01:29.037' AS DateTime), N'39f08cfd-8e0d-771b-a2f3-2639a62ca2fa')
INSERT [dbo].[Button] ([Id], [MenuCode], [Name], [Icon], [Code], [CreatedTime], [CreatedBy], [ModifiedTime], [ModifiedBy]) VALUES (N'c7b61dca-6a4d-b40a-4267-39f3c4afc255', N'admin_auditinfo', N'导出', N'export', N'admin_auditinfo_export', CAST(N'2020-03-07T09:01:29.047' AS DateTime), N'39f08cfd-8e0d-771b-a2f3-2639a62ca2fa', CAST(N'2020-03-07T09:01:29.047' AS DateTime), N'39f08cfd-8e0d-771b-a2f3-2639a62ca2fa')
INSERT [dbo].[Button_Permission] ([ButtonCode], [PermissionCode]) VALUES (N'admin_cache_clear', N'admin_cache_clear_delete')
INSERT [dbo].[Button_Permission] ([ButtonCode], [PermissionCode]) VALUES (N'admin_menu_add', N'admin_menu_add_post')
INSERT [dbo].[Button_Permission] ([ButtonCode], [PermissionCode]) VALUES (N'admin_menu_edit', N'admin_menu_edit_get')
INSERT [dbo].[Button_Permission] ([ButtonCode], [PermissionCode]) VALUES (N'admin_menu_edit', N'admin_menu_update_post')
INSERT [dbo].[Button_Permission] ([ButtonCode], [PermissionCode]) VALUES (N'admin_menu_del', N'admin_menu_delete_delete')
INSERT [dbo].[Button_Permission] ([ButtonCode], [PermissionCode]) VALUES (N'admin_menu_sort', N'admin_menu_sort_get')
INSERT [dbo].[Button_Permission] ([ButtonCode], [PermissionCode]) VALUES (N'admin_menu_sort', N'admin_menu_sort_post')
INSERT [dbo].[Button_Permission] ([ButtonCode], [PermissionCode]) VALUES (N'admin_role_add', N'admin_role_add_post')
INSERT [dbo].[Button_Permission] ([ButtonCode], [PermissionCode]) VALUES (N'admin_role_edit', N'admin_role_edit_get')
INSERT [dbo].[Button_Permission] ([ButtonCode], [PermissionCode]) VALUES (N'admin_role_edit', N'admin_role_update_post')
INSERT [dbo].[Button_Permission] ([ButtonCode], [PermissionCode]) VALUES (N'admin_role_del', N'admin_role_delete_delete')
INSERT [dbo].[Button_Permission] ([ButtonCode], [PermissionCode]) VALUES (N'admin_role_bind_menu', N'admin_role_menulist_get')
INSERT [dbo].[Button_Permission] ([ButtonCode], [PermissionCode]) VALUES (N'admin_role_bind_menu', N'admin_role_bindmenu_post')
INSERT [dbo].[Button_Permission] ([ButtonCode], [PermissionCode]) VALUES (N'admin_role_bind_menu', N'admin_role_menubuttonlist_get')
INSERT [dbo].[Button_Permission] ([ButtonCode], [PermissionCode]) VALUES (N'admin_role_bind_menu', N'admin_role_bindmenubutton_post')
INSERT [dbo].[Button_Permission] ([ButtonCode], [PermissionCode]) VALUES (N'admin_role_bind_permission', N'admin_permission_tree_get')
INSERT [dbo].[Button_Permission] ([ButtonCode], [PermissionCode]) VALUES (N'admin_role_bind_permission', N'admin_role_platformpermissionlist_get')
INSERT [dbo].[Button_Permission] ([ButtonCode], [PermissionCode]) VALUES (N'admin_role_bind_permission', N'admin_role_platformpermissionbind_post')
INSERT [dbo].[Button_Permission] ([ButtonCode], [PermissionCode]) VALUES (N'admin_account_add', N'admin_account_add_post')
INSERT [dbo].[Button_Permission] ([ButtonCode], [PermissionCode]) VALUES (N'admin_account_edit', N'admin_account_edit_get')
INSERT [dbo].[Button_Permission] ([ButtonCode], [PermissionCode]) VALUES (N'admin_account_edit', N'admin_account_update_post')
INSERT [dbo].[Button_Permission] ([ButtonCode], [PermissionCode]) VALUES (N'admin_account_del', N'admin_account_delete_delete')
INSERT [dbo].[Button_Permission] ([ButtonCode], [PermissionCode]) VALUES (N'admin_account_reset_password', N'admin_account_resetpassword_post')
INSERT [dbo].[Button_Permission] ([ButtonCode], [PermissionCode]) VALUES (N'admin_auditinfo_details', N'admin_auditinfo_details_get')
INSERT [dbo].[Button_Permission] ([ButtonCode], [PermissionCode]) VALUES (N'admin_auditinfo_export', N'admin_auditinfo_export_post')
INSERT [dbo].[Config] ([Type], [Key], [Value], [Remarks], [CreatedTime], [CreatedBy], [ModifiedTime], [ModifiedBy]) VALUES (1, N'sys_title', N'NetModular 通用权限管理系统', N'系统标题', CAST(N'2020-01-14T15:16:42.000' AS DateTime), N'39f08cfd-8e0d-771b-a2f3-2639a62ca2fa', CAST(N'2020-01-14T15:16:42.000' AS DateTime), N'39f08cfd-8e0d-771b-a2f3-2639a62ca2fa')
INSERT [dbo].[Config] ([Type], [Key], [Value], [Remarks], [CreatedTime], [CreatedBy], [ModifiedTime], [ModifiedBy]) VALUES (1, N'sys_logo', N'', N'系统Logo', CAST(N'2020-01-14T15:16:42.000' AS DateTime), N'39f08cfd-8e0d-771b-a2f3-2639a62ca2fa', CAST(N'2020-01-14T15:16:42.000' AS DateTime), N'39f08cfd-8e0d-771b-a2f3-2639a62ca2fa')
INSERT [dbo].[Config] ([Type], [Key], [Value], [Remarks], [CreatedTime], [CreatedBy], [ModifiedTime], [ModifiedBy]) VALUES (1, N'sys_home', N'/admin/home', N'系统首页地址', CAST(N'2020-01-14T15:16:42.000' AS DateTime), N'39f08cfd-8e0d-771b-a2f3-2639a62ca2fa', CAST(N'2020-01-14T15:16:42.000' AS DateTime), N'39f08cfd-8e0d-771b-a2f3-2639a62ca2fa')
INSERT [dbo].[Config] ([Type], [Key], [Value], [Remarks], [CreatedTime], [CreatedBy], [ModifiedTime], [ModifiedBy]) VALUES (1, N'sys_userinfo_page', N'', N'个人信息页', CAST(N'2020-01-14T15:16:42.000' AS DateTime), N'39f08cfd-8e0d-771b-a2f3-2639a62ca2fa', CAST(N'2020-01-14T15:16:42.000' AS DateTime), N'39f08cfd-8e0d-771b-a2f3-2639a62ca2fa')
INSERT [dbo].[Config] ([Type], [Key], [Value], [Remarks], [CreatedTime], [CreatedBy], [ModifiedTime], [ModifiedBy]) VALUES (1, N'sys_copyright', N'版权所有：尼古拉斯·老李 | 用代码改变世界 Powered by .Net Core 3.1.0 on Linux', N'版权声明', CAST(N'2020-01-14T15:16:42.000' AS DateTime), N'39f08cfd-8e0d-771b-a2f3-2639a62ca2fa', CAST(N'2020-01-14T15:16:42.000' AS DateTime), N'39f08cfd-8e0d-771b-a2f3-2639a62ca2fa')
INSERT [dbo].[Config] ([Type], [Key], [Value], [Remarks], [CreatedTime], [CreatedBy], [ModifiedTime], [ModifiedBy]) VALUES (1, N'sys_login_type', N'neon', N'登录页类型', CAST(N'2020-01-14T15:16:49.000' AS DateTime), N'39f08cfd-8e0d-771b-a2f3-2639a62ca2fa', CAST(N'2020-01-14T15:16:49.000' AS DateTime), N'39f08cfd-8e0d-771b-a2f3-2639a62ca2fa')
INSERT [dbo].[Config] ([Type], [Key], [Value], [Remarks], [CreatedTime], [CreatedBy], [ModifiedTime], [ModifiedBy]) VALUES (1, N'sys_login_verify_code', N'False', N'启用验证码功能', CAST(N'2020-01-14T15:16:49.000' AS DateTime), N'39f08cfd-8e0d-771b-a2f3-2639a62ca2fa', CAST(N'2020-01-14T15:16:49.000' AS DateTime), N'39f08cfd-8e0d-771b-a2f3-2639a62ca2fa')
INSERT [dbo].[Config] ([Type], [Key], [Value], [Remarks], [CreatedTime], [CreatedBy], [ModifiedTime], [ModifiedBy]) VALUES (1, N'sys_toolbar_fullscreen', N'True', N'全屏按钮', CAST(N'2020-01-14T15:16:54.000' AS DateTime), N'39f08cfd-8e0d-771b-a2f3-2639a62ca2fa', CAST(N'2020-01-14T15:16:54.000' AS DateTime), N'39f08cfd-8e0d-771b-a2f3-2639a62ca2fa')
INSERT [dbo].[Config] ([Type], [Key], [Value], [Remarks], [CreatedTime], [CreatedBy], [ModifiedTime], [ModifiedBy]) VALUES (1, N'sys_toolbar_skin', N'True', N'皮肤设置按钮', CAST(N'2020-01-14T15:16:54.000' AS DateTime), N'39f08cfd-8e0d-771b-a2f3-2639a62ca2fa', CAST(N'2020-01-14T15:16:54.000' AS DateTime), N'39f08cfd-8e0d-771b-a2f3-2639a62ca2fa')
INSERT [dbo].[Config] ([Type], [Key], [Value], [Remarks], [CreatedTime], [CreatedBy], [ModifiedTime], [ModifiedBy]) VALUES (1, N'sys_toolbar_logout', N'True', N'退出按钮', CAST(N'2020-01-14T15:16:54.000' AS DateTime), N'39f08cfd-8e0d-771b-a2f3-2639a62ca2fa', CAST(N'2020-01-14T15:16:54.000' AS DateTime), N'39f08cfd-8e0d-771b-a2f3-2639a62ca2fa')
INSERT [dbo].[Config] ([Type], [Key], [Value], [Remarks], [CreatedTime], [CreatedBy], [ModifiedTime], [ModifiedBy]) VALUES (1, N'sys_toolbar_userinfo', N'True', N'用户信息按钮', CAST(N'2020-01-14T15:16:54.000' AS DateTime), N'39f08cfd-8e0d-771b-a2f3-2639a62ca2fa', CAST(N'2020-01-14T15:16:54.000' AS DateTime), N'39f08cfd-8e0d-771b-a2f3-2639a62ca2fa')
INSERT [dbo].[Config] ([Type], [Key], [Value], [Remarks], [CreatedTime], [CreatedBy], [ModifiedTime], [ModifiedBy]) VALUES (1, N'sys_component_menu_unique_opened', N'True', N'是否只保持一个子菜单的展开', CAST(N'2020-01-14T15:16:59.000' AS DateTime), N'39f08cfd-8e0d-771b-a2f3-2639a62ca2fa', CAST(N'2020-03-07T09:02:20.383' AS DateTime), N'39f08cfd-8e0d-771b-a2f3-2639a62ca2fa')
INSERT [dbo].[Config] ([Type], [Key], [Value], [Remarks], [CreatedTime], [CreatedBy], [ModifiedTime], [ModifiedBy]) VALUES (1, N'sys_component_dialog_close_on_click_modal', N'False', N'是否可以点击模态框关闭', CAST(N'2020-01-14T15:16:59.000' AS DateTime), N'39f08cfd-8e0d-771b-a2f3-2639a62ca2fa', CAST(N'2020-03-07T09:02:20.387' AS DateTime), N'39f08cfd-8e0d-771b-a2f3-2639a62ca2fa')
INSERT [dbo].[Config] ([Type], [Key], [Value], [Remarks], [CreatedTime], [CreatedBy], [ModifiedTime], [ModifiedBy]) VALUES (1, N'sys_component_list_serial_number_name', N'', N'列表页序号名称', CAST(N'2020-01-14T15:16:59.000' AS DateTime), N'39f08cfd-8e0d-771b-a2f3-2639a62ca2fa', CAST(N'2020-03-07T09:02:20.390' AS DateTime), N'39f08cfd-8e0d-771b-a2f3-2639a62ca2fa')
INSERT [dbo].[Config] ([Type], [Key], [Value], [Remarks], [CreatedTime], [CreatedBy], [ModifiedTime], [ModifiedBy]) VALUES (1, N'sys_component_tabnav_showicon', N'True', N'标签导航是否显示图标', CAST(N'2020-01-14T15:16:59.000' AS DateTime), N'39f08cfd-8e0d-771b-a2f3-2639a62ca2fa', CAST(N'2020-03-07T09:02:20.400' AS DateTime), N'39f08cfd-8e0d-771b-a2f3-2639a62ca2fa')
INSERT [dbo].[Config] ([Type], [Key], [Value], [Remarks], [CreatedTime], [CreatedBy], [ModifiedTime], [ModifiedBy]) VALUES (1, N'sys_component_custom_css', N'', N'自定义Css样式', CAST(N'2020-01-14T15:16:59.000' AS DateTime), N'39f08cfd-8e0d-771b-a2f3-2639a62ca2fa', CAST(N'2020-03-07T09:02:20.403' AS DateTime), N'39f08cfd-8e0d-771b-a2f3-2639a62ca2fa')
INSERT [dbo].[Config] ([Type], [Key], [Value], [Remarks], [CreatedTime], [CreatedBy], [ModifiedTime], [ModifiedBy]) VALUES (1, N'sys_permission_validate', N'True', N'开启权限验证', CAST(N'2020-01-14T15:20:25.000' AS DateTime), N'39f08cfd-8e0d-771b-a2f3-2639a62ca2fa', CAST(N'2020-03-07T09:02:05.360' AS DateTime), N'39f08cfd-8e0d-771b-a2f3-2639a62ca2fa')
INSERT [dbo].[Config] ([Type], [Key], [Value], [Remarks], [CreatedTime], [CreatedBy], [ModifiedTime], [ModifiedBy]) VALUES (1, N'sys_permission_button', N'True', N'启用按钮权限', CAST(N'2020-01-14T15:20:25.000' AS DateTime), N'39f08cfd-8e0d-771b-a2f3-2639a62ca2fa', CAST(N'2020-03-07T09:02:05.360' AS DateTime), N'39f08cfd-8e0d-771b-a2f3-2639a62ca2fa')
INSERT [dbo].[Config] ([Type], [Key], [Value], [Remarks], [CreatedTime], [CreatedBy], [ModifiedTime], [ModifiedBy]) VALUES (1, N'sys_permission_single_account_login', N'True', N'单账户登录', CAST(N'2020-01-21T16:53:25.000' AS DateTime), N'39f08cfd-8e0d-771b-a2f3-2639a62ca2fa', CAST(N'2020-01-21T16:53:25.000' AS DateTime), N'39f08cfd-8e0d-771b-a2f3-2639a62ca2fa')
INSERT [dbo].[Config] ([Type], [Key], [Value], [Remarks], [CreatedTime], [CreatedBy], [ModifiedTime], [ModifiedBy]) VALUES (1, N'sys_component_dialog_draggable', N'True', N'对话框默认可拖拽', CAST(N'2020-03-07T09:02:20.377' AS DateTime), N'39f08cfd-8e0d-771b-a2f3-2639a62ca2fa', CAST(N'2020-03-07T09:02:20.377' AS DateTime), N'39f08cfd-8e0d-771b-a2f3-2639a62ca2fa')
INSERT [dbo].[Config] ([Type], [Key], [Value], [Remarks], [CreatedTime], [CreatedBy], [ModifiedTime], [ModifiedBy]) VALUES (1, N'sys_component_tabnav_maxopencount', N'20', N'标签导航最大页面数量', CAST(N'2020-03-07T09:02:20.377' AS DateTime), N'39f08cfd-8e0d-771b-a2f3-2639a62ca2fa', CAST(N'2020-03-07T09:02:20.377' AS DateTime), N'39f08cfd-8e0d-771b-a2f3-2639a62ca2fa')
INSERT [dbo].[Config] ([Type], [Key], [Value], [Remarks], [CreatedTime], [CreatedBy], [ModifiedTime], [ModifiedBy]) VALUES (2, N'NetModular.Module.Admin.Infrastructure.AdminOptions.AuditingEnabled', N'True', N'启用审计日志', CAST(N'2020-02-07T13:19:39.000' AS DateTime), N'39f08cfd-8e0d-771b-a2f3-2639a62ca2fa', CAST(N'2020-03-07T09:02:27.820' AS DateTime), N'39f08cfd-8e0d-771b-a2f3-2639a62ca2fa')
INSERT [dbo].[Config] ([Type], [Key], [Value], [Remarks], [CreatedTime], [CreatedBy], [ModifiedTime], [ModifiedBy]) VALUES (2, N'NetModular.Module.Admin.Infrastructure.AdminOptions.RefreshTokenExpires', N'7', N'JWT刷新令牌有效期(天)', CAST(N'2020-02-07T13:19:39.000' AS DateTime), N'39f08cfd-8e0d-771b-a2f3-2639a62ca2fa', CAST(N'2020-03-07T09:02:27.833' AS DateTime), N'39f08cfd-8e0d-771b-a2f3-2639a62ca2fa')
INSERT [dbo].[Config] ([Type], [Key], [Value], [Remarks], [CreatedTime], [CreatedBy], [ModifiedTime], [ModifiedBy]) VALUES (2, N'NetModular.Module.Admin.Infrastructure.AdminOptions.DefaultPassword', N'123456', N'账户默认密码', CAST(N'2020-02-07T13:19:39.000' AS DateTime), N'39f08cfd-8e0d-771b-a2f3-2639a62ca2fa', CAST(N'2020-03-07T09:02:27.843' AS DateTime), N'39f08cfd-8e0d-771b-a2f3-2639a62ca2fa')
INSERT [dbo].[Config] ([Type], [Key], [Value], [Remarks], [CreatedTime], [CreatedBy], [ModifiedTime], [ModifiedBy]) VALUES (2, N'NetModular.Module.Admin.Infrastructure.AdminOptions.RefreshModuleOrPermission', N'True', N'启动时刷新模块和权限', CAST(N'2020-03-07T09:02:27.847' AS DateTime), N'39f08cfd-8e0d-771b-a2f3-2639a62ca2fa', CAST(N'2020-03-07T09:02:27.847' AS DateTime), N'39f08cfd-8e0d-771b-a2f3-2639a62ca2fa')
INSERT [dbo].[Menu] ([Id], [ModuleCode], [Type], [ParentId], [Name], [RouteName], [RouteParams], [RouteQuery], [Url], [Icon], [IconColor], [Level], [Show], [Sort], [Target], [DialogWidth], [DialogHeight], [DialogFullscreen], [Remarks], [CreatedTime], [CreatedBy], [ModifiedTime], [ModifiedBy]) VALUES (N'16aba15e-2f0a-4703-0518-39f3c4ae4ec1', N'', 2, N'00000000-0000-0000-0000-000000000000', N'官方文档', N'', N'', N'', N'http://docs.17mkh.com/', N'archives', N'', 0, 1, 2, 0, N'', N'', 1, N'', CAST(N'2020-03-07T08:59:53.920' AS DateTime), N'39f08cfd-8e0d-771b-a2f3-2639a62ca2fa', CAST(N'2020-03-07T09:00:45.210' AS DateTime), N'39f08cfd-8e0d-771b-a2f3-2639a62ca2fa')
INSERT [dbo].[Menu] ([Id], [ModuleCode], [Type], [ParentId], [Name], [RouteName], [RouteParams], [RouteQuery], [Url], [Icon], [IconColor], [Level], [Show], [Sort], [Target], [DialogWidth], [DialogHeight], [DialogFullscreen], [Remarks], [CreatedTime], [CreatedBy], [ModifiedTime], [ModifiedBy]) VALUES (N'8dab7c27-9c37-4cda-53bd-39f3c4ae93ea', N'', 2, N'00000000-0000-0000-0000-000000000000', N'GitHub', N'', N'', N'', N'https://github.com/iamoldli/NetModular', N'github', N'', 0, 1, 3, 0, N'', N'', 1, N'', CAST(N'2020-03-07T09:00:11.623' AS DateTime), N'39f08cfd-8e0d-771b-a2f3-2639a62ca2fa', CAST(N'2020-03-07T09:00:45.213' AS DateTime), N'39f08cfd-8e0d-771b-a2f3-2639a62ca2fa')
INSERT [dbo].[Menu] ([Id], [ModuleCode], [Type], [ParentId], [Name], [RouteName], [RouteParams], [RouteQuery], [Url], [Icon], [IconColor], [Level], [Show], [Sort], [Target], [DialogWidth], [DialogHeight], [DialogFullscreen], [Remarks], [CreatedTime], [CreatedBy], [ModifiedTime], [ModifiedBy]) VALUES (N'd17d0b53-0822-467a-c275-39f3c4aed4ae', N'', 0, N'00000000-0000-0000-0000-000000000000', N'系统设置', N'', N'', N'', N'', N'system', N'', 0, 1, 1, -1, N'', N'', 1, N'', CAST(N'2020-03-07T09:00:28.203' AS DateTime), N'39f08cfd-8e0d-771b-a2f3-2639a62ca2fa', CAST(N'2020-03-07T09:00:45.207' AS DateTime), N'39f08cfd-8e0d-771b-a2f3-2639a62ca2fa')
INSERT [dbo].[Menu] ([Id], [ModuleCode], [Type], [ParentId], [Name], [RouteName], [RouteParams], [RouteQuery], [Url], [Icon], [IconColor], [Level], [Show], [Sort], [Target], [DialogWidth], [DialogHeight], [DialogFullscreen], [Remarks], [CreatedTime], [CreatedBy], [ModifiedTime], [ModifiedBy]) VALUES (N'3081cd08-52ea-9a8c-fc3d-39f3c4aefa94', N'', 0, N'00000000-0000-0000-0000-000000000000', N'权限管理', N'', N'', N'', N'', N'permission', N'', 0, 1, 0, -1, N'', N'', 1, N'', CAST(N'2020-03-07T09:00:37.907' AS DateTime), N'39f08cfd-8e0d-771b-a2f3-2639a62ca2fa', CAST(N'2020-03-07T09:00:45.193' AS DateTime), N'39f08cfd-8e0d-771b-a2f3-2639a62ca2fa')
INSERT [dbo].[Menu] ([Id], [ModuleCode], [Type], [ParentId], [Name], [RouteName], [RouteParams], [RouteQuery], [Url], [Icon], [IconColor], [Level], [Show], [Sort], [Target], [DialogWidth], [DialogHeight], [DialogFullscreen], [Remarks], [CreatedTime], [CreatedBy], [ModifiedTime], [ModifiedBy]) VALUES (N'a5575382-8a25-d5fd-fcbb-39f3c4af40d8', N'Admin', 1, N'd17d0b53-0822-467a-c275-39f3c4aed4ae', N'配置管理', N'admin_config', N'', N'', N'', N'tag', N'', 1, 1, 0, 0, N'', N'', 1, N'', CAST(N'2020-03-07T09:00:55.890' AS DateTime), N'39f08cfd-8e0d-771b-a2f3-2639a62ca2fa', CAST(N'2020-03-07T09:00:55.890' AS DateTime), N'39f08cfd-8e0d-771b-a2f3-2639a62ca2fa')
INSERT [dbo].[Menu] ([Id], [ModuleCode], [Type], [ParentId], [Name], [RouteName], [RouteParams], [RouteQuery], [Url], [Icon], [IconColor], [Level], [Show], [Sort], [Target], [DialogWidth], [DialogHeight], [DialogFullscreen], [Remarks], [CreatedTime], [CreatedBy], [ModifiedTime], [ModifiedBy]) VALUES (N'b8584d63-9353-ffba-4e68-39f3c4af4f3e', N'Admin', 1, N'd17d0b53-0822-467a-c275-39f3c4aed4ae', N'缓存管理', N'admin_cache', N'', N'', N'', N'redis', N'', 1, 1, 0, 0, N'', N'', 1, N'', CAST(N'2020-03-07T09:00:59.580' AS DateTime), N'39f08cfd-8e0d-771b-a2f3-2639a62ca2fa', CAST(N'2020-03-07T09:00:59.580' AS DateTime), N'39f08cfd-8e0d-771b-a2f3-2639a62ca2fa')
INSERT [dbo].[Menu] ([Id], [ModuleCode], [Type], [ParentId], [Name], [RouteName], [RouteParams], [RouteQuery], [Url], [Icon], [IconColor], [Level], [Show], [Sort], [Target], [DialogWidth], [DialogHeight], [DialogFullscreen], [Remarks], [CreatedTime], [CreatedBy], [ModifiedTime], [ModifiedBy]) VALUES (N'6f591e96-a144-c567-8d01-39f3c4af6191', N'Admin', 1, N'd17d0b53-0822-467a-c275-39f3c4aed4ae', N'图标管理', N'admin_icon', N'', N'', N'', N'icon', N'', 1, 1, 0, 0, N'', N'', 1, N'', CAST(N'2020-03-07T09:01:04.270' AS DateTime), N'39f08cfd-8e0d-771b-a2f3-2639a62ca2fa', CAST(N'2020-03-07T09:01:04.270' AS DateTime), N'39f08cfd-8e0d-771b-a2f3-2639a62ca2fa')
INSERT [dbo].[Menu] ([Id], [ModuleCode], [Type], [ParentId], [Name], [RouteName], [RouteParams], [RouteQuery], [Url], [Icon], [IconColor], [Level], [Show], [Sort], [Target], [DialogWidth], [DialogHeight], [DialogFullscreen], [Remarks], [CreatedTime], [CreatedBy], [ModifiedTime], [ModifiedBy]) VALUES (N'90436987-7995-6b46-2087-39f3c4af8bf3', N'Admin', 1, N'3081cd08-52ea-9a8c-fc3d-39f3c4aefa94', N'模块中心', N'admin_module', N'', N'', N'', N'product', N'', 1, 1, 0, 0, N'', N'', 1, N'', CAST(N'2020-03-07T09:01:15.120' AS DateTime), N'39f08cfd-8e0d-771b-a2f3-2639a62ca2fa', CAST(N'2020-03-07T09:01:15.120' AS DateTime), N'39f08cfd-8e0d-771b-a2f3-2639a62ca2fa')
INSERT [dbo].[Menu] ([Id], [ModuleCode], [Type], [ParentId], [Name], [RouteName], [RouteParams], [RouteQuery], [Url], [Icon], [IconColor], [Level], [Show], [Sort], [Target], [DialogWidth], [DialogHeight], [DialogFullscreen], [Remarks], [CreatedTime], [CreatedBy], [ModifiedTime], [ModifiedBy]) VALUES (N'543262c8-365c-df54-b1b7-39f3c4af9f90', N'Admin', 1, N'3081cd08-52ea-9a8c-fc3d-39f3c4aefa94', N'菜单管理', N'admin_menu', N'', N'', N'', N'menu', N'', 1, 1, 0, 0, N'', N'', 1, N'', CAST(N'2020-03-07T09:01:20.140' AS DateTime), N'39f08cfd-8e0d-771b-a2f3-2639a62ca2fa', CAST(N'2020-03-07T09:01:20.140' AS DateTime), N'39f08cfd-8e0d-771b-a2f3-2639a62ca2fa')
INSERT [dbo].[Menu] ([Id], [ModuleCode], [Type], [ParentId], [Name], [RouteName], [RouteParams], [RouteQuery], [Url], [Icon], [IconColor], [Level], [Show], [Sort], [Target], [DialogWidth], [DialogHeight], [DialogFullscreen], [Remarks], [CreatedTime], [CreatedBy], [ModifiedTime], [ModifiedBy]) VALUES (N'bc808b35-43d7-d86d-783d-39f3c4afadd0', N'Admin', 1, N'3081cd08-52ea-9a8c-fc3d-39f3c4aefa94', N'角色管理', N'admin_role', N'', N'', N'', N'role', N'', 1, 1, 0, 0, N'', N'', 1, N'', CAST(N'2020-03-07T09:01:23.790' AS DateTime), N'39f08cfd-8e0d-771b-a2f3-2639a62ca2fa', CAST(N'2020-03-07T09:01:23.790' AS DateTime), N'39f08cfd-8e0d-771b-a2f3-2639a62ca2fa')
INSERT [dbo].[Menu] ([Id], [ModuleCode], [Type], [ParentId], [Name], [RouteName], [RouteParams], [RouteQuery], [Url], [Icon], [IconColor], [Level], [Show], [Sort], [Target], [DialogWidth], [DialogHeight], [DialogFullscreen], [Remarks], [CreatedTime], [CreatedBy], [ModifiedTime], [ModifiedBy]) VALUES (N'5cc9e86d-6d9d-8e8f-a5fe-39f3c4afb923', N'Admin', 1, N'3081cd08-52ea-9a8c-fc3d-39f3c4aefa94', N'账户管理', N'admin_account', N'', N'', N'', N'user', N'', 1, 1, 0, 0, N'', N'', 1, N'', CAST(N'2020-03-07T09:01:26.687' AS DateTime), N'39f08cfd-8e0d-771b-a2f3-2639a62ca2fa', CAST(N'2020-03-07T09:01:26.687' AS DateTime), N'39f08cfd-8e0d-771b-a2f3-2639a62ca2fa')
INSERT [dbo].[Menu] ([Id], [ModuleCode], [Type], [ParentId], [Name], [RouteName], [RouteParams], [RouteQuery], [Url], [Icon], [IconColor], [Level], [Show], [Sort], [Target], [DialogWidth], [DialogHeight], [DialogFullscreen], [Remarks], [CreatedTime], [CreatedBy], [ModifiedTime], [ModifiedBy]) VALUES (N'5fe1a17a-0dce-c985-e899-39f3c4afc245', N'Admin', 1, N'3081cd08-52ea-9a8c-fc3d-39f3c4aefa94', N'审计日志', N'admin_auditinfo', N'', N'', N'', N'log', N'', 1, 1, 0, 0, N'', N'', 1, N'', CAST(N'2020-03-07T09:01:29.023' AS DateTime), N'39f08cfd-8e0d-771b-a2f3-2639a62ca2fa', CAST(N'2020-03-07T09:01:29.023' AS DateTime), N'39f08cfd-8e0d-771b-a2f3-2639a62ca2fa')
INSERT [dbo].[Menu_Permission] ([MenuCode], [PermissionCode]) VALUES (N'admin_config', N'admin_config_query_get')
INSERT [dbo].[Menu_Permission] ([MenuCode], [PermissionCode]) VALUES (N'admin_config', N'admin_config_add_post')
INSERT [dbo].[Menu_Permission] ([MenuCode], [PermissionCode]) VALUES (N'admin_config', N'admin_config_edit_get')
INSERT [dbo].[Menu_Permission] ([MenuCode], [PermissionCode]) VALUES (N'admin_config', N'admin_config_update_post')
INSERT [dbo].[Menu_Permission] ([MenuCode], [PermissionCode]) VALUES (N'admin_config', N'admin_config_delete_delete')
INSERT [dbo].[Menu_Permission] ([MenuCode], [PermissionCode]) VALUES (N'admin_config', N'admin_module_optionsedit_get')
INSERT [dbo].[Menu_Permission] ([MenuCode], [PermissionCode]) VALUES (N'admin_config', N'admin_module_optionsupdate_post')
INSERT [dbo].[Menu_Permission] ([MenuCode], [PermissionCode]) VALUES (N'admin_config', N'admin_system_updatebaseconfig_post')
INSERT [dbo].[Menu_Permission] ([MenuCode], [PermissionCode]) VALUES (N'admin_config', N'admin_system_updatecomponentconfig_post')
INSERT [dbo].[Menu_Permission] ([MenuCode], [PermissionCode]) VALUES (N'admin_config', N'admin_system_updateloginconfig_post')
INSERT [dbo].[Menu_Permission] ([MenuCode], [PermissionCode]) VALUES (N'admin_config', N'admin_system_updatepermissionconfig_post')
INSERT [dbo].[Menu_Permission] ([MenuCode], [PermissionCode]) VALUES (N'admin_config', N'admin_system_updatetoolbarconfig_post')
INSERT [dbo].[Menu_Permission] ([MenuCode], [PermissionCode]) VALUES (N'admin_config', N'admin_system_updatepathconfig_post')
INSERT [dbo].[Menu_Permission] ([MenuCode], [PermissionCode]) VALUES (N'admin_config', N'admin_system_uploadlogo_post')
INSERT [dbo].[Menu_Permission] ([MenuCode], [PermissionCode]) VALUES (N'admin_cache', N'admin_cache_query_get')
INSERT [dbo].[Menu_Permission] ([MenuCode], [PermissionCode]) VALUES (N'admin_module', N'admin_module_query_get')
INSERT [dbo].[Menu_Permission] ([MenuCode], [PermissionCode]) VALUES (N'admin_module', N'admin_permission_query_get')
INSERT [dbo].[Menu_Permission] ([MenuCode], [PermissionCode]) VALUES (N'admin_module', N'admin_permission_querybycodes_get')
INSERT [dbo].[Menu_Permission] ([MenuCode], [PermissionCode]) VALUES (N'admin_menu', N'admin_menu_query_get')
INSERT [dbo].[Menu_Permission] ([MenuCode], [PermissionCode]) VALUES (N'admin_menu', N'admin_menu_tree_get')
INSERT [dbo].[Menu_Permission] ([MenuCode], [PermissionCode]) VALUES (N'admin_role', N'admin_role_query_get')
INSERT [dbo].[Menu_Permission] ([MenuCode], [PermissionCode]) VALUES (N'admin_account', N'admin_account_query_get')
INSERT [dbo].[Menu_Permission] ([MenuCode], [PermissionCode]) VALUES (N'admin_auditinfo', N'admin_auditinfo_query_get')
INSERT [dbo].[Role] ([Id], [Name], [Remarks], [IsSpecified], [CreatedTime], [CreatedBy], [ModifiedTime], [ModifiedBy], [Deleted], [DeletedTime], [DeletedBy]) VALUES (N'39f08cfd-8dd0-bb54-4544-c2dc43c6ca38', N'超级管理员', N'超级管理员', 0, CAST(N'2019-09-29T10:19:21.000' AS DateTime), N'00000000-0000-0000-0000-000000000000', CAST(N'2020-01-13T19:26:55.000' AS DateTime), N'39f08cfd-8e0d-771b-a2f3-2639a62ca2fa', 0, CAST(N'2019-09-29T10:19:21.000' AS DateTime), N'00000000-0000-0000-0000-000000000000')
INSERT [dbo].[Role_Menu] ([RoleId], [MenuId]) VALUES (N'39f08cfd-8dd0-bb54-4544-c2dc43c6ca38', N'00000000-0000-0000-0000-000000000000')
INSERT [dbo].[Role_Menu] ([RoleId], [MenuId]) VALUES (N'39f08cfd-8dd0-bb54-4544-c2dc43c6ca38', N'3081cd08-52ea-9a8c-fc3d-39f3c4aefa94')
INSERT [dbo].[Role_Menu] ([RoleId], [MenuId]) VALUES (N'39f08cfd-8dd0-bb54-4544-c2dc43c6ca38', N'90436987-7995-6b46-2087-39f3c4af8bf3')
INSERT [dbo].[Role_Menu] ([RoleId], [MenuId]) VALUES (N'39f08cfd-8dd0-bb54-4544-c2dc43c6ca38', N'543262c8-365c-df54-b1b7-39f3c4af9f90')
INSERT [dbo].[Role_Menu] ([RoleId], [MenuId]) VALUES (N'39f08cfd-8dd0-bb54-4544-c2dc43c6ca38', N'bc808b35-43d7-d86d-783d-39f3c4afadd0')
INSERT [dbo].[Role_Menu] ([RoleId], [MenuId]) VALUES (N'39f08cfd-8dd0-bb54-4544-c2dc43c6ca38', N'5cc9e86d-6d9d-8e8f-a5fe-39f3c4afb923')
INSERT [dbo].[Role_Menu] ([RoleId], [MenuId]) VALUES (N'39f08cfd-8dd0-bb54-4544-c2dc43c6ca38', N'5fe1a17a-0dce-c985-e899-39f3c4afc245')
INSERT [dbo].[Role_Menu] ([RoleId], [MenuId]) VALUES (N'39f08cfd-8dd0-bb54-4544-c2dc43c6ca38', N'd17d0b53-0822-467a-c275-39f3c4aed4ae')
INSERT [dbo].[Role_Menu] ([RoleId], [MenuId]) VALUES (N'39f08cfd-8dd0-bb54-4544-c2dc43c6ca38', N'a5575382-8a25-d5fd-fcbb-39f3c4af40d8')
INSERT [dbo].[Role_Menu] ([RoleId], [MenuId]) VALUES (N'39f08cfd-8dd0-bb54-4544-c2dc43c6ca38', N'b8584d63-9353-ffba-4e68-39f3c4af4f3e')
INSERT [dbo].[Role_Menu] ([RoleId], [MenuId]) VALUES (N'39f08cfd-8dd0-bb54-4544-c2dc43c6ca38', N'6f591e96-a144-c567-8d01-39f3c4af6191')
INSERT [dbo].[Role_Menu] ([RoleId], [MenuId]) VALUES (N'39f08cfd-8dd0-bb54-4544-c2dc43c6ca38', N'16aba15e-2f0a-4703-0518-39f3c4ae4ec1')
INSERT [dbo].[Role_Menu] ([RoleId], [MenuId]) VALUES (N'39f08cfd-8dd0-bb54-4544-c2dc43c6ca38', N'8dab7c27-9c37-4cda-53bd-39f3c4ae93ea')
INSERT [dbo].[Role_Menu_Button] ([RoleId], [MenuId], [ButtonId]) VALUES (N'39f08cfd-8dd0-bb54-4544-c2dc43c6ca38', N'543262c8-365c-df54-b1b7-39f3c4af9f90', N'b01c38e8-9372-cf25-951e-39f3c4af9f9d')
INSERT [dbo].[Role_Menu_Button] ([RoleId], [MenuId], [ButtonId]) VALUES (N'39f08cfd-8dd0-bb54-4544-c2dc43c6ca38', N'543262c8-365c-df54-b1b7-39f3c4af9f90', N'0098592a-fd9e-efda-1951-39f3c4af9fa3')
INSERT [dbo].[Role_Menu_Button] ([RoleId], [MenuId], [ButtonId]) VALUES (N'39f08cfd-8dd0-bb54-4544-c2dc43c6ca38', N'543262c8-365c-df54-b1b7-39f3c4af9f90', N'1c3df7a8-701b-1aef-af1e-39f3c4af9fae')
INSERT [dbo].[Role_Menu_Button] ([RoleId], [MenuId], [ButtonId]) VALUES (N'39f08cfd-8dd0-bb54-4544-c2dc43c6ca38', N'543262c8-365c-df54-b1b7-39f3c4af9f90', N'fc68e609-6dd7-a8e7-b5b3-39f3c4af9fb3')
INSERT [dbo].[Role_Menu_Button] ([RoleId], [MenuId], [ButtonId]) VALUES (N'39f08cfd-8dd0-bb54-4544-c2dc43c6ca38', N'bc808b35-43d7-d86d-783d-39f3c4afadd0', N'5afb4fe5-059b-a1c5-be62-39f3c4afadda')
INSERT [dbo].[Role_Menu_Button] ([RoleId], [MenuId], [ButtonId]) VALUES (N'39f08cfd-8dd0-bb54-4544-c2dc43c6ca38', N'bc808b35-43d7-d86d-783d-39f3c4afadd0', N'd2dcdb3e-0f77-9da5-4f3c-39f3c4afade2')
INSERT [dbo].[Role_Menu_Button] ([RoleId], [MenuId], [ButtonId]) VALUES (N'39f08cfd-8dd0-bb54-4544-c2dc43c6ca38', N'bc808b35-43d7-d86d-783d-39f3c4afadd0', N'aeca2280-3bee-dc60-114c-39f3c4afade9')
INSERT [dbo].[Role_Menu_Button] ([RoleId], [MenuId], [ButtonId]) VALUES (N'39f08cfd-8dd0-bb54-4544-c2dc43c6ca38', N'bc808b35-43d7-d86d-783d-39f3c4afadd0', N'394f5a7e-e9a5-18b2-8ccf-39f3c4afadee')
INSERT [dbo].[Role_Menu_Button] ([RoleId], [MenuId], [ButtonId]) VALUES (N'39f08cfd-8dd0-bb54-4544-c2dc43c6ca38', N'bc808b35-43d7-d86d-783d-39f3c4afadd0', N'3ba10bbf-c515-c33c-b9c6-39f3c4afadf7')
INSERT [dbo].[Role_Menu_Button] ([RoleId], [MenuId], [ButtonId]) VALUES (N'39f08cfd-8dd0-bb54-4544-c2dc43c6ca38', N'5cc9e86d-6d9d-8e8f-a5fe-39f3c4afb923', N'77c4e20b-a63f-409e-41da-39f3c4afb92c')
INSERT [dbo].[Role_Menu_Button] ([RoleId], [MenuId], [ButtonId]) VALUES (N'39f08cfd-8dd0-bb54-4544-c2dc43c6ca38', N'5cc9e86d-6d9d-8e8f-a5fe-39f3c4afb923', N'1c5ffae3-ff08-866c-1f37-39f3c4afb930')
INSERT [dbo].[Role_Menu_Button] ([RoleId], [MenuId], [ButtonId]) VALUES (N'39f08cfd-8dd0-bb54-4544-c2dc43c6ca38', N'5cc9e86d-6d9d-8e8f-a5fe-39f3c4afb923', N'214fb876-d02e-b024-3278-39f3c4afb939')
INSERT [dbo].[Role_Menu_Button] ([RoleId], [MenuId], [ButtonId]) VALUES (N'39f08cfd-8dd0-bb54-4544-c2dc43c6ca38', N'5cc9e86d-6d9d-8e8f-a5fe-39f3c4afb923', N'3f670be4-ce59-807f-b0cd-39f3c4afb93f')
INSERT [dbo].[Role_Menu_Button] ([RoleId], [MenuId], [ButtonId]) VALUES (N'39f08cfd-8dd0-bb54-4544-c2dc43c6ca38', N'5fe1a17a-0dce-c985-e899-39f3c4afc245', N'8a787d34-d535-54b7-a7b4-39f3c4afc24e')
INSERT [dbo].[Role_Menu_Button] ([RoleId], [MenuId], [ButtonId]) VALUES (N'39f08cfd-8dd0-bb54-4544-c2dc43c6ca38', N'5fe1a17a-0dce-c985-e899-39f3c4afc245', N'c7b61dca-6a4d-b40a-4267-39f3c4afc255')
INSERT [dbo].[Role_Menu_Button] ([RoleId], [MenuId], [ButtonId]) VALUES (N'39f08cfd-8dd0-bb54-4544-c2dc43c6ca38', N'b8584d63-9353-ffba-4e68-39f3c4af4f3e', N'1bb4e58f-aa2a-59cb-dad2-39f3c4af4f4f')