INSERT INTO `account` VALUES ('39F08CFD-8E0D-771B-A2F3-2639A62CA2FA', 0, 'admin', 'E739279CB28CDAFD7373618313803524', '管理员', '', '', 1, b'0', '2019-09-29 10:19:21', '00000000-0000-0000-0000-000000000000', '2019-09-29 10:19:21', '00000000-0000-0000-0000-000000000000', '2020-01-14 15:20:04', '39F08CFD-8E0D-771B-A2F3-2639A62CA2FA', b'0', '2019-09-29 10:19:21', '00000000-0000-0000-0000-000000000000');
INSERT INTO `account_role` VALUES (1, '39F08CFD-8E0D-771B-A2F3-2639A62CA2FA', '39F08CFD-8DD0-BB54-4544-C2DC43C6CA38');
INSERT INTO `button` VALUES ('39f3c07f-f7f9-0c7b-7b15-819975d7de10', 'admin_cache', '清除', 'delete', 'admin_cache_clear', '2020-03-06 13:30:48', '39f08cfd-8e0d-771b-a2f3-2639a62ca2fa', '2020-03-06 13:30:48', '39f08cfd-8e0d-771b-a2f3-2639a62ca2fa');
INSERT INTO `button` VALUES ('39f3c080-52cf-ef81-a69f-62c12c7efcbc', 'admin_menu', '添加', 'add', 'admin_menu_add', '2020-03-06 13:31:11', '39f08cfd-8e0d-771b-a2f3-2639a62ca2fa', '2020-03-06 13:31:11', '39f08cfd-8e0d-771b-a2f3-2639a62ca2fa');
INSERT INTO `button` VALUES ('39f3c080-52da-a0b7-d62e-04ca3d63c084', 'admin_menu', '编辑', 'edit', 'admin_menu_edit', '2020-03-06 13:31:11', '39f08cfd-8e0d-771b-a2f3-2639a62ca2fa', '2020-03-06 13:31:11', '39f08cfd-8e0d-771b-a2f3-2639a62ca2fa');
INSERT INTO `button` VALUES ('39f3c080-52e3-63ae-4169-115e459b85c1', 'admin_menu', '删除', 'delete', 'admin_menu_del', '2020-03-06 13:31:11', '39f08cfd-8e0d-771b-a2f3-2639a62ca2fa', '2020-03-06 13:31:11', '39f08cfd-8e0d-771b-a2f3-2639a62ca2fa');
INSERT INTO `button` VALUES ('39f3c080-52ed-6e3a-dbee-4840776855a3', 'admin_menu', '排序', 'sort', 'admin_menu_sort', '2020-03-06 13:31:11', '39f08cfd-8e0d-771b-a2f3-2639a62ca2fa', '2020-03-06 13:31:11', '39f08cfd-8e0d-771b-a2f3-2639a62ca2fa');
INSERT INTO `button` VALUES ('39f3c080-6323-540a-50e6-cacd0011d073', 'admin_role', '添加', 'add', 'admin_role_add', '2020-03-06 13:31:16', '39f08cfd-8e0d-771b-a2f3-2639a62ca2fa', '2020-03-06 13:31:16', '39f08cfd-8e0d-771b-a2f3-2639a62ca2fa');
INSERT INTO `button` VALUES ('39f3c080-632c-e947-8989-5d8a92db6532', 'admin_role', '编辑', 'edit', 'admin_role_edit', '2020-03-06 13:31:16', '39f08cfd-8e0d-771b-a2f3-2639a62ca2fa', '2020-03-06 13:31:16', '39f08cfd-8e0d-771b-a2f3-2639a62ca2fa');
INSERT INTO `button` VALUES ('39f3c080-6333-0aa3-a47b-36e781f8e26e', 'admin_role', '删除', 'delete', 'admin_role_del', '2020-03-06 13:31:16', '39f08cfd-8e0d-771b-a2f3-2639a62ca2fa', '2020-03-06 13:31:16', '39f08cfd-8e0d-771b-a2f3-2639a62ca2fa');
INSERT INTO `button` VALUES ('39f3c080-633f-e381-19e3-b58c1441bdb0', 'admin_role', '绑定菜单', 'bind', 'admin_role_bind_menu', '2020-03-06 13:31:16', '39f08cfd-8e0d-771b-a2f3-2639a62ca2fa', '2020-03-06 13:31:16', '39f08cfd-8e0d-771b-a2f3-2639a62ca2fa');
INSERT INTO `button` VALUES ('39f3c080-6358-1794-d5f2-be1c9c7ba726', 'admin_role', '平台权限', 'android', 'admin_role_bind_permission', '2020-03-06 13:31:16', '39f08cfd-8e0d-771b-a2f3-2639a62ca2fa', '2020-03-06 13:31:16', '39f08cfd-8e0d-771b-a2f3-2639a62ca2fa');
INSERT INTO `button` VALUES ('39f3c080-70d7-0758-e8b4-cb06fc5a283a', 'admin_account', '添加', 'add', 'admin_account_add', '2020-03-06 13:31:19', '39f08cfd-8e0d-771b-a2f3-2639a62ca2fa', '2020-03-06 13:31:19', '39f08cfd-8e0d-771b-a2f3-2639a62ca2fa');
INSERT INTO `button` VALUES ('39f3c080-70dd-2729-46eb-4c51500dd28f', 'admin_account', '编辑', 'edit', 'admin_account_edit', '2020-03-06 13:31:19', '39f08cfd-8e0d-771b-a2f3-2639a62ca2fa', '2020-03-06 13:31:19', '39f08cfd-8e0d-771b-a2f3-2639a62ca2fa');
INSERT INTO `button` VALUES ('39f3c080-70e6-ffe2-83ef-3a8224fcafd2', 'admin_account', '删除', 'delete', 'admin_account_del', '2020-03-06 13:31:19', '39f08cfd-8e0d-771b-a2f3-2639a62ca2fa', '2020-03-06 13:31:19', '39f08cfd-8e0d-771b-a2f3-2639a62ca2fa');
INSERT INTO `button` VALUES ('39f3c080-70ec-c8dd-ac1e-0f5d0070f706', 'admin_account', '重置密码', 'refresh', 'admin_account_reset_password', '2020-03-06 13:31:19', '39f08cfd-8e0d-771b-a2f3-2639a62ca2fa', '2020-03-06 13:31:19', '39f08cfd-8e0d-771b-a2f3-2639a62ca2fa');
INSERT INTO `button` VALUES ('39f3c080-837d-6244-f0a9-4876babb3223', 'admin_auditinfo', '详情', 'detail', 'admin_auditinfo_details', '2020-03-06 13:31:24', '39f08cfd-8e0d-771b-a2f3-2639a62ca2fa', '2020-03-06 13:31:24', '39f08cfd-8e0d-771b-a2f3-2639a62ca2fa');
INSERT INTO `button` VALUES ('39f3c080-8385-47b4-d7d1-4cdeba0516b0', 'admin_auditinfo', '导出', 'export', 'admin_auditinfo_export', '2020-03-06 13:31:24', '39f08cfd-8e0d-771b-a2f3-2639a62ca2fa', '2020-03-06 13:31:24', '39f08cfd-8e0d-771b-a2f3-2639a62ca2fa');
INSERT INTO `button_permission` VALUES (1, 'admin_cache_clear', 'admin_cache_clear_delete');
INSERT INTO `button_permission` VALUES (2, 'admin_menu_add', 'admin_menu_add_post');
INSERT INTO `button_permission` VALUES (3, 'admin_menu_edit', 'admin_menu_edit_get');
INSERT INTO `button_permission` VALUES (4, 'admin_menu_edit', 'admin_menu_update_post');
INSERT INTO `button_permission` VALUES (5, 'admin_menu_del', 'admin_menu_delete_delete');
INSERT INTO `button_permission` VALUES (6, 'admin_menu_sort', 'admin_menu_sort_get');
INSERT INTO `button_permission` VALUES (7, 'admin_menu_sort', 'admin_menu_sort_post');
INSERT INTO `button_permission` VALUES (8, 'admin_role_add', 'admin_role_add_post');
INSERT INTO `button_permission` VALUES (9, 'admin_role_edit', 'admin_role_edit_get');
INSERT INTO `button_permission` VALUES (10, 'admin_role_edit', 'admin_role_update_post');
INSERT INTO `button_permission` VALUES (11, 'admin_role_del', 'admin_role_delete_delete');
INSERT INTO `button_permission` VALUES (12, 'admin_role_bind_menu', 'admin_role_menulist_get');
INSERT INTO `button_permission` VALUES (13, 'admin_role_bind_menu', 'admin_role_bindmenu_post');
INSERT INTO `button_permission` VALUES (14, 'admin_role_bind_menu', 'admin_role_menubuttonlist_get');
INSERT INTO `button_permission` VALUES (15, 'admin_role_bind_menu', 'admin_role_bindmenubutton_post');
INSERT INTO `button_permission` VALUES (16, 'admin_role_bind_permission', 'admin_permission_tree_get');
INSERT INTO `button_permission` VALUES (17, 'admin_role_bind_permission', 'admin_role_platformpermissionlist_get');
INSERT INTO `button_permission` VALUES (18, 'admin_role_bind_permission', 'admin_role_platformpermissionbind_post');
INSERT INTO `button_permission` VALUES (19, 'admin_account_add', 'admin_account_add_post');
INSERT INTO `button_permission` VALUES (20, 'admin_account_edit', 'admin_account_edit_get');
INSERT INTO `button_permission` VALUES (21, 'admin_account_edit', 'admin_account_update_post');
INSERT INTO `button_permission` VALUES (22, 'admin_account_del', 'admin_account_delete_delete');
INSERT INTO `button_permission` VALUES (23, 'admin_account_reset_password', 'admin_account_resetpassword_post');
INSERT INTO `button_permission` VALUES (24, 'admin_auditinfo_details', 'admin_auditinfo_details_get');
INSERT INTO `button_permission` VALUES (25, 'admin_auditinfo_export', 'admin_auditinfo_export_post');
INSERT INTO `config` VALUES (1, 1, 'sys_title', 'NetModular 通用权限管理系统', '系统标题', '2020-01-14 15:16:42', '39F08CFD-8E0D-771B-A2F3-2639A62CA2FA', '2020-01-14 15:16:42', '39F08CFD-8E0D-771B-A2F3-2639A62CA2FA');
INSERT INTO `config` VALUES (2, 1, 'sys_logo', '', '系统Logo', '2020-01-14 15:16:42', '39F08CFD-8E0D-771B-A2F3-2639A62CA2FA', '2020-01-14 15:16:42', '39F08CFD-8E0D-771B-A2F3-2639A62CA2FA');
INSERT INTO `config` VALUES (3, 1, 'sys_home', '/admin/home', '系统首页地址', '2020-01-14 15:16:42', '39F08CFD-8E0D-771B-A2F3-2639A62CA2FA', '2020-01-14 15:16:42', '39F08CFD-8E0D-771B-A2F3-2639A62CA2FA');
INSERT INTO `config` VALUES (4, 1, 'sys_userinfo_page', '', '个人信息页', '2020-01-14 15:16:42', '39F08CFD-8E0D-771B-A2F3-2639A62CA2FA', '2020-01-14 15:16:42', '39F08CFD-8E0D-771B-A2F3-2639A62CA2FA');
INSERT INTO `config` VALUES (5, 1, 'sys_copyright', '版权所有：尼古拉斯·老李 | 用代码改变世界 Powered by .Net Core 3.1.0 on Linux', '版权声明', '2020-01-14 15:16:42', '39F08CFD-8E0D-771B-A2F3-2639A62CA2FA', '2020-01-14 15:16:42', '39F08CFD-8E0D-771B-A2F3-2639A62CA2FA');
INSERT INTO `config` VALUES (6, 1, 'sys_login_type', 'neon', '登录页类型', '2020-01-14 15:16:49', '39F08CFD-8E0D-771B-A2F3-2639A62CA2FA', '2020-01-14 15:16:49', '39F08CFD-8E0D-771B-A2F3-2639A62CA2FA');
INSERT INTO `config` VALUES (7, 1, 'sys_login_verify_code', 'False', '启用验证码功能', '2020-01-14 15:16:49', '39F08CFD-8E0D-771B-A2F3-2639A62CA2FA', '2020-01-14 15:16:49', '39F08CFD-8E0D-771B-A2F3-2639A62CA2FA');
INSERT INTO `config` VALUES (8, 1, 'sys_toolbar_fullscreen', 'True', '全屏按钮', '2020-01-14 15:16:55', '39F08CFD-8E0D-771B-A2F3-2639A62CA2FA', '2020-01-14 15:16:55', '39F08CFD-8E0D-771B-A2F3-2639A62CA2FA');
INSERT INTO `config` VALUES (9, 1, 'sys_toolbar_skin', 'True', '皮肤设置按钮', '2020-01-14 15:16:55', '39F08CFD-8E0D-771B-A2F3-2639A62CA2FA', '2020-01-14 15:16:55', '39F08CFD-8E0D-771B-A2F3-2639A62CA2FA');
INSERT INTO `config` VALUES (10, 1, 'sys_toolbar_logout', 'True', '退出按钮', '2020-01-14 15:16:55', '39F08CFD-8E0D-771B-A2F3-2639A62CA2FA', '2020-01-14 15:16:55', '39F08CFD-8E0D-771B-A2F3-2639A62CA2FA');
INSERT INTO `config` VALUES (11, 1, 'sys_toolbar_userinfo', 'True', '用户信息按钮', '2020-01-14 15:16:55', '39F08CFD-8E0D-771B-A2F3-2639A62CA2FA', '2020-01-14 15:16:55', '39F08CFD-8E0D-771B-A2F3-2639A62CA2FA');
INSERT INTO `config` VALUES (12, 1, 'sys_component_menu_unique_opened', 'True', '是否只保持一个子菜单的展开', '2020-01-14 15:16:59', '39F08CFD-8E0D-771B-A2F3-2639A62CA2FA', '2020-03-06 14:18:27', '39f08cfd-8e0d-771b-a2f3-2639a62ca2fa');
INSERT INTO `config` VALUES (13, 1, 'sys_component_dialog_close_on_click_modal', 'False', '是否可以点击模态框关闭', '2020-01-14 15:16:59', '39F08CFD-8E0D-771B-A2F3-2639A62CA2FA', '2020-03-06 14:18:27', '39f08cfd-8e0d-771b-a2f3-2639a62ca2fa');
INSERT INTO `config` VALUES (14, 1, 'sys_component_list_serial_number_name', '', '列表页序号名称', '2020-01-14 15:16:59', '39F08CFD-8E0D-771B-A2F3-2639A62CA2FA', '2020-03-06 14:18:27', '39f08cfd-8e0d-771b-a2f3-2639a62ca2fa');
INSERT INTO `config` VALUES (15, 1, 'sys_component_tabnav_showicon', 'True', '标签导航是否显示图标', '2020-01-14 15:16:59', '39F08CFD-8E0D-771B-A2F3-2639A62CA2FA', '2020-03-06 14:18:27', '39f08cfd-8e0d-771b-a2f3-2639a62ca2fa');
INSERT INTO `config` VALUES (16, 1, 'sys_component_custom_css', '', '自定义Css样式', '2020-01-14 15:16:59', '39F08CFD-8E0D-771B-A2F3-2639A62CA2FA', '2020-03-06 14:18:27', '39f08cfd-8e0d-771b-a2f3-2639a62ca2fa');
INSERT INTO `config` VALUES (17, 1, 'sys_permission_validate', 'True', '开启权限验证', '2020-01-14 15:20:25', '39F08CFD-8E0D-771B-A2F3-2639A62CA2FA', '2020-01-21 16:53:25', '39F08CFD-8E0D-771B-A2F3-2639A62CA2FA');
INSERT INTO `config` VALUES (18, 1, 'sys_permission_button', 'True', '启用按钮权限', '2020-01-14 15:20:25', '39F08CFD-8E0D-771B-A2F3-2639A62CA2FA', '2020-01-21 16:53:25', '39F08CFD-8E0D-771B-A2F3-2639A62CA2FA');
INSERT INTO `config` VALUES (19, 1, 'sys_permission_single_account_login', 'True', '单账户登录', '2020-01-21 16:53:25', '39F08CFD-8E0D-771B-A2F3-2639A62CA2FA', '2020-01-21 16:53:25', '39F08CFD-8E0D-771B-A2F3-2639A62CA2FA');
INSERT INTO `config` VALUES (20, 1, 'sys_component_dialog_draggable', 'True', '对话框默认可拖拽', '2020-03-06 14:05:22', '39f08cfd-8e0d-771b-a2f3-2639a62ca2fa', '2020-03-06 14:18:27', '39f08cfd-8e0d-771b-a2f3-2639a62ca2fa');
INSERT INTO `config` VALUES (21, 1, 'sys_component_tabnav_maxopencount', '20', '标签导航最大页面数量', '2020-03-06 14:05:22', '39f08cfd-8e0d-771b-a2f3-2639a62ca2fa', '2020-03-06 14:18:27', '39f08cfd-8e0d-771b-a2f3-2639a62ca2fa');
INSERT INTO `config` VALUES (22, 2, 'NetModular.Module.Admin.Infrastructure.AdminOptions.AuditingEnabled', 'True', '启用审计日志', '2020-02-07 13:19:39', '39F08CFD-8E0D-771B-A2F3-2639A62CA2FA', '2020-03-06 14:35:25', '39f08cfd-8e0d-771b-a2f3-2639a62ca2fa');
INSERT INTO `config` VALUES (23, 2, 'NetModular.Module.Admin.Infrastructure.AdminOptions.RefreshTokenExpires', '7', 'JWT刷新令牌有效期(天)', '2020-02-07 13:19:39', '39F08CFD-8E0D-771B-A2F3-2639A62CA2FA', '2020-03-06 14:35:25', '39f08cfd-8e0d-771b-a2f3-2639a62ca2fa');
INSERT INTO `config` VALUES (24, 2, 'NetModular.Module.Admin.Infrastructure.AdminOptions.DefaultPassword', '123456', '账户默认密码', '2020-02-07 13:19:40', '39F08CFD-8E0D-771B-A2F3-2639A62CA2FA', '2020-03-06 14:35:25', '39f08cfd-8e0d-771b-a2f3-2639a62ca2fa');
INSERT INTO `config` VALUES (25, 2, 'NetModular.Module.Admin.Infrastructure.AdminOptions.RefreshModuleOrPermission', 'True', '启动时刷新模块和权限', '2020-03-06 14:35:25', '39f08cfd-8e0d-771b-a2f3-2639a62ca2fa', '2020-03-06 14:35:25', '39f08cfd-8e0d-771b-a2f3-2639a62ca2fa');
INSERT INTO `menu` VALUES ('39f3c07d-0ddc-5bfc-f09e-208a33065684', '', 0, '00000000-0000-0000-0000-000000000000', '系统配置', '', '', '', '', 'system', '', 0, b'1', 1, -1, '', '', b'1', '', '2020-03-06 13:27:37', '39f08cfd-8e0d-771b-a2f3-2639a62ca2fa', '2020-03-06 13:33:50', '39f08cfd-8e0d-771b-a2f3-2639a62ca2fa');
INSERT INTO `menu` VALUES ('39f3c07d-6c6a-526d-2141-8b59afb1a68f', '', 0, '00000000-0000-0000-0000-000000000000', '权限管理', '', '', '', '', 'permission', '', 0, b'1', 0, -1, '', '', b'1', '', '2020-03-06 13:28:01', '39f08cfd-8e0d-771b-a2f3-2639a62ca2fa', '2020-03-06 13:33:50', '39f08cfd-8e0d-771b-a2f3-2639a62ca2fa');
INSERT INTO `menu` VALUES ('39f3c07d-e4c8-3e5b-a38a-b23d07e31fac', '', 2, '00000000-0000-0000-0000-000000000000', '官方文档', '', '', '', 'https://docs.17mkh.com', 'archives', '', 0, b'1', 2, 0, '', '', b'1', '', '2020-03-06 13:28:32', '39f08cfd-8e0d-771b-a2f3-2639a62ca2fa', '2020-03-06 13:33:50', '39f08cfd-8e0d-771b-a2f3-2639a62ca2fa');
INSERT INTO `menu` VALUES ('39f3c07e-4307-e67b-eb2d-055485b30dba', '', 2, '00000000-0000-0000-0000-000000000000', 'GitHub', '', '', '', 'https://github.com/iamoldli/NetModular', 'github', '', 0, b'1', 3, 0, '', '', b'1', '', '2020-03-06 13:28:56', '39f08cfd-8e0d-771b-a2f3-2639a62ca2fa', '2020-03-06 14:36:07', '39f08cfd-8e0d-771b-a2f3-2639a62ca2fa');
INSERT INTO `menu` VALUES ('39f3c07f-e6f1-4dc6-4c59-a8d3880e9cd6', 'Admin', 1, '39f3c07d-0ddc-5bfc-f09e-208a33065684', '配置管理', 'admin_config', '', '', '', 'tag', '', 1, b'1', 0, 0, '', '', b'1', '', '2020-03-06 13:30:44', '39f08cfd-8e0d-771b-a2f3-2639a62ca2fa', '2020-03-06 13:30:44', '39f08cfd-8e0d-771b-a2f3-2639a62ca2fa');
INSERT INTO `menu` VALUES ('39f3c07f-f7de-8751-b142-bbe846fb80b1', 'Admin', 1, '39f3c07d-0ddc-5bfc-f09e-208a33065684', '缓存管理', 'admin_cache', '', '', '', 'redis', '', 1, b'1', 0, 0, '', '', b'1', '', '2020-03-06 13:30:48', '39f08cfd-8e0d-771b-a2f3-2639a62ca2fa', '2020-03-06 13:30:48', '39f08cfd-8e0d-771b-a2f3-2639a62ca2fa');
INSERT INTO `menu` VALUES ('39f3c080-0184-43ad-6bff-0bd8db042dde', 'Admin', 1, '39f3c07d-0ddc-5bfc-f09e-208a33065684', '图标管理', 'admin_icon', '', '', '', 'icon', '', 1, b'1', 0, 0, '', '', b'1', '', '2020-03-06 13:30:51', '39f08cfd-8e0d-771b-a2f3-2639a62ca2fa', '2020-03-06 13:30:51', '39f08cfd-8e0d-771b-a2f3-2639a62ca2fa');
INSERT INTO `menu` VALUES ('39f3c080-296a-2511-6f7d-dace45a22f7a', 'Admin', 1, '39f3c07d-6c6a-526d-2141-8b59afb1a68f', '模块中心', 'admin_module', '', '', '', 'product', '', 1, b'1', 0, 0, '', '', b'1', '', '2020-03-06 13:31:01', '39f08cfd-8e0d-771b-a2f3-2639a62ca2fa', '2020-03-06 13:31:01', '39f08cfd-8e0d-771b-a2f3-2639a62ca2fa');
INSERT INTO `menu` VALUES ('39f3c080-52b8-edc7-66bf-598cd6e0af29', 'Admin', 1, '39f3c07d-6c6a-526d-2141-8b59afb1a68f', '菜单管理', 'admin_menu', '', '', '', 'menu', '', 1, b'1', 0, 0, '', '', b'1', '', '2020-03-06 13:31:11', '39f08cfd-8e0d-771b-a2f3-2639a62ca2fa', '2020-03-06 13:31:11', '39f08cfd-8e0d-771b-a2f3-2639a62ca2fa');
INSERT INTO `menu` VALUES ('39f3c080-6316-6ea3-17aa-025926a5ed46', 'Admin', 1, '39f3c07d-6c6a-526d-2141-8b59afb1a68f', '角色管理', 'admin_role', '', '', '', 'role', '', 1, b'1', 0, 0, '', '', b'1', '', '2020-03-06 13:31:16', '39f08cfd-8e0d-771b-a2f3-2639a62ca2fa', '2020-03-06 13:31:16', '39f08cfd-8e0d-771b-a2f3-2639a62ca2fa');
INSERT INTO `menu` VALUES ('39f3c080-70cc-12eb-a145-a11d88d3749b', 'Admin', 1, '39f3c07d-6c6a-526d-2141-8b59afb1a68f', '账户管理', 'admin_account', '', '', '', 'user', '', 1, b'1', 0, 0, '', '', b'1', '', '2020-03-06 13:31:19', '39f08cfd-8e0d-771b-a2f3-2639a62ca2fa', '2020-03-06 13:31:19', '39f08cfd-8e0d-771b-a2f3-2639a62ca2fa');
INSERT INTO `menu` VALUES ('39f3c080-8367-67d2-6439-06ef2b2038c4', 'Admin', 1, '39f3c07d-6c6a-526d-2141-8b59afb1a68f', '审计日志', 'admin_auditinfo', '', '', '', 'log', '', 1, b'1', 0, 0, '', '', b'1', '', '2020-03-06 13:31:24', '39f08cfd-8e0d-771b-a2f3-2639a62ca2fa', '2020-03-06 13:31:24', '39f08cfd-8e0d-771b-a2f3-2639a62ca2fa');
INSERT INTO `menu_permission` VALUES (1, 'admin_config', 'admin_config_query_get');
INSERT INTO `menu_permission` VALUES (2, 'admin_config', 'admin_config_add_post');
INSERT INTO `menu_permission` VALUES (3, 'admin_config', 'admin_config_edit_get');
INSERT INTO `menu_permission` VALUES (4, 'admin_config', 'admin_config_update_post');
INSERT INTO `menu_permission` VALUES (5, 'admin_config', 'admin_config_delete_delete');
INSERT INTO `menu_permission` VALUES (6, 'admin_config', 'admin_module_optionsedit_get');
INSERT INTO `menu_permission` VALUES (7, 'admin_config', 'admin_module_optionsupdate_post');
INSERT INTO `menu_permission` VALUES (8, 'admin_config', 'admin_system_updatebaseconfig_post');
INSERT INTO `menu_permission` VALUES (9, 'admin_config', 'admin_system_updatecomponentconfig_post');
INSERT INTO `menu_permission` VALUES (10, 'admin_config', 'admin_system_updateloginconfig_post');
INSERT INTO `menu_permission` VALUES (11, 'admin_config', 'admin_system_updatepermissionconfig_post');
INSERT INTO `menu_permission` VALUES (12, 'admin_config', 'admin_system_updatetoolbarconfig_post');
INSERT INTO `menu_permission` VALUES (13, 'admin_config', 'admin_system_updatepathconfig_post');
INSERT INTO `menu_permission` VALUES (14, 'admin_config', 'admin_system_uploadlogo_post');
INSERT INTO `menu_permission` VALUES (15, 'admin_cache', 'admin_cache_query_get');
INSERT INTO `menu_permission` VALUES (16, 'admin_module', 'admin_module_query_get');
INSERT INTO `menu_permission` VALUES (17, 'admin_module', 'admin_permission_query_get');
INSERT INTO `menu_permission` VALUES (18, 'admin_module', 'admin_permission_querybycodes_get');
INSERT INTO `menu_permission` VALUES (19, 'admin_menu', 'admin_menu_query_get');
INSERT INTO `menu_permission` VALUES (20, 'admin_menu', 'admin_menu_tree_get');
INSERT INTO `menu_permission` VALUES (21, 'admin_role', 'admin_role_query_get');
INSERT INTO `menu_permission` VALUES (22, 'admin_account', 'admin_account_query_get');
INSERT INTO `menu_permission` VALUES (23, 'admin_auditinfo', 'admin_auditinfo_query_get');
INSERT INTO `role` VALUES ('39F08CFD-8DD0-BB54-4544-C2DC43C6CA38', '超级管理员', '超级管理员', b'0', '2019-09-29 10:19:21', '00000000-0000-0000-0000-000000000000', '2020-01-13 19:26:56', '39F08CFD-8E0D-771B-A2F3-2639A62CA2FA', b'0', '2019-09-29 10:19:21', '00000000-0000-0000-0000-000000000000');
INSERT INTO `role_menu` VALUES (1, '39f08cfd-8dd0-bb54-4544-c2dc43c6ca38', '00000000-0000-0000-0000-000000000000');
INSERT INTO `role_menu` VALUES (2, '39f08cfd-8dd0-bb54-4544-c2dc43c6ca38', '39f3c07d-0ddc-5bfc-f09e-208a33065684');
INSERT INTO `role_menu` VALUES (3, '39f08cfd-8dd0-bb54-4544-c2dc43c6ca38', '39f3c07f-e6f1-4dc6-4c59-a8d3880e9cd6');
INSERT INTO `role_menu` VALUES (4, '39f08cfd-8dd0-bb54-4544-c2dc43c6ca38', '39f3c07f-f7de-8751-b142-bbe846fb80b1');
INSERT INTO `role_menu` VALUES (5, '39f08cfd-8dd0-bb54-4544-c2dc43c6ca38', '39f3c080-0184-43ad-6bff-0bd8db042dde');
INSERT INTO `role_menu` VALUES (6, '39f08cfd-8dd0-bb54-4544-c2dc43c6ca38', '39f3c07d-6c6a-526d-2141-8b59afb1a68f');
INSERT INTO `role_menu` VALUES (7, '39f08cfd-8dd0-bb54-4544-c2dc43c6ca38', '39f3c080-296a-2511-6f7d-dace45a22f7a');
INSERT INTO `role_menu` VALUES (8, '39f08cfd-8dd0-bb54-4544-c2dc43c6ca38', '39f3c080-52b8-edc7-66bf-598cd6e0af29');
INSERT INTO `role_menu` VALUES (9, '39f08cfd-8dd0-bb54-4544-c2dc43c6ca38', '39f3c080-6316-6ea3-17aa-025926a5ed46');
INSERT INTO `role_menu` VALUES (10, '39f08cfd-8dd0-bb54-4544-c2dc43c6ca38', '39f3c080-70cc-12eb-a145-a11d88d3749b');
INSERT INTO `role_menu` VALUES (11, '39f08cfd-8dd0-bb54-4544-c2dc43c6ca38', '39f3c080-8367-67d2-6439-06ef2b2038c4');
INSERT INTO `role_menu` VALUES (12, '39f08cfd-8dd0-bb54-4544-c2dc43c6ca38', '39f3c07d-e4c8-3e5b-a38a-b23d07e31fac');
INSERT INTO `role_menu` VALUES (13, '39f08cfd-8dd0-bb54-4544-c2dc43c6ca38', '39f3c07e-4307-e67b-eb2d-055485b30dba');
INSERT INTO `role_menu_button` VALUES (1, '39f08cfd-8dd0-bb54-4544-c2dc43c6ca38', '39f3c07f-f7de-8751-b142-bbe846fb80b1', '39f3c07f-f7f9-0c7b-7b15-819975d7de10');
INSERT INTO `role_menu_button` VALUES (2, '39f08cfd-8dd0-bb54-4544-c2dc43c6ca38', '39f3c080-52b8-edc7-66bf-598cd6e0af29', '39f3c080-52cf-ef81-a69f-62c12c7efcbc');
INSERT INTO `role_menu_button` VALUES (3, '39f08cfd-8dd0-bb54-4544-c2dc43c6ca38', '39f3c080-52b8-edc7-66bf-598cd6e0af29', '39f3c080-52da-a0b7-d62e-04ca3d63c084');
INSERT INTO `role_menu_button` VALUES (4, '39f08cfd-8dd0-bb54-4544-c2dc43c6ca38', '39f3c080-52b8-edc7-66bf-598cd6e0af29', '39f3c080-52e3-63ae-4169-115e459b85c1');
INSERT INTO `role_menu_button` VALUES (5, '39f08cfd-8dd0-bb54-4544-c2dc43c6ca38', '39f3c080-52b8-edc7-66bf-598cd6e0af29', '39f3c080-52ed-6e3a-dbee-4840776855a3');
INSERT INTO `role_menu_button` VALUES (6, '39f08cfd-8dd0-bb54-4544-c2dc43c6ca38', '39f3c080-6316-6ea3-17aa-025926a5ed46', '39f3c080-6323-540a-50e6-cacd0011d073');
INSERT INTO `role_menu_button` VALUES (7, '39f08cfd-8dd0-bb54-4544-c2dc43c6ca38', '39f3c080-6316-6ea3-17aa-025926a5ed46', '39f3c080-632c-e947-8989-5d8a92db6532');
INSERT INTO `role_menu_button` VALUES (8, '39f08cfd-8dd0-bb54-4544-c2dc43c6ca38', '39f3c080-6316-6ea3-17aa-025926a5ed46', '39f3c080-6333-0aa3-a47b-36e781f8e26e');
INSERT INTO `role_menu_button` VALUES (9, '39f08cfd-8dd0-bb54-4544-c2dc43c6ca38', '39f3c080-6316-6ea3-17aa-025926a5ed46', '39f3c080-633f-e381-19e3-b58c1441bdb0');
INSERT INTO `role_menu_button` VALUES (10, '39f08cfd-8dd0-bb54-4544-c2dc43c6ca38', '39f3c080-6316-6ea3-17aa-025926a5ed46', '39f3c080-6358-1794-d5f2-be1c9c7ba726');
INSERT INTO `role_menu_button` VALUES (11, '39f08cfd-8dd0-bb54-4544-c2dc43c6ca38', '39f3c080-70cc-12eb-a145-a11d88d3749b', '39f3c080-70d7-0758-e8b4-cb06fc5a283a');
INSERT INTO `role_menu_button` VALUES (12, '39f08cfd-8dd0-bb54-4544-c2dc43c6ca38', '39f3c080-70cc-12eb-a145-a11d88d3749b', '39f3c080-70dd-2729-46eb-4c51500dd28f');
INSERT INTO `role_menu_button` VALUES (13, '39f08cfd-8dd0-bb54-4544-c2dc43c6ca38', '39f3c080-70cc-12eb-a145-a11d88d3749b', '39f3c080-70e6-ffe2-83ef-3a8224fcafd2');
INSERT INTO `role_menu_button` VALUES (14, '39f08cfd-8dd0-bb54-4544-c2dc43c6ca38', '39f3c080-70cc-12eb-a145-a11d88d3749b', '39f3c080-70ec-c8dd-ac1e-0f5d0070f706');
INSERT INTO `role_menu_button` VALUES (15, '39f08cfd-8dd0-bb54-4544-c2dc43c6ca38', '39f3c080-8367-67d2-6439-06ef2b2038c4', '39f3c080-837d-6244-f0a9-4876babb3223');
INSERT INTO `role_menu_button` VALUES (16, '39f08cfd-8dd0-bb54-4544-c2dc43c6ca38', '39f3c080-8367-67d2-6439-06ef2b2038c4', '39f3c080-8385-47b4-d7d1-4cdeba0516b0');
