/*
 Navicat Premium Data Transfer

 Source Server         : localhost
 Source Server Type    : MySQL
 Source Server Version : 80015
 Source Host           : localhost:3306
 Source Schema         : nm_admin

 Target Server Type    : MySQL
 Target Server Version : 80015
 File Encoding         : 65001

 Date: 27/06/2019 18:08:26
*/

SET NAMES utf8mb4;
SET FOREIGN_KEY_CHECKS = 0;

-- ----------------------------
-- Table structure for account
-- ----------------------------
DROP TABLE IF EXISTS `account`;
CREATE TABLE `account`  (
  `Id` char(36) CHARACTER SET utf8mb4 COLLATE utf8mb4_general_ci NOT NULL,
  `Type` int(11) NOT NULL DEFAULT 0 COMMENT '类型',
  `UserName` varchar(50) CHARACTER SET utf8mb4 COLLATE utf8mb4_general_ci NOT NULL COMMENT '用户名',
  `Password` varchar(50) CHARACTER SET utf8mb4 COLLATE utf8mb4_general_ci NOT NULL COMMENT '密码',
  `Name` varchar(255) CHARACTER SET utf8mb4 COLLATE utf8mb4_general_ci NOT NULL COMMENT '名称',
  `Phone` varchar(20) CHARACTER SET utf8mb4 COLLATE utf8mb4_general_ci NOT NULL COMMENT '手机号',
  `Email` varchar(255) CHARACTER SET utf8mb4 COLLATE utf8mb4_general_ci NOT NULL COMMENT '邮箱',
  `LoginTime` datetime(0) NOT NULL DEFAULT CURRENT_TIMESTAMP(0) COMMENT '最后登录时间',
  `LoginIP` varchar(50) CHARACTER SET utf8mb4 COLLATE utf8mb4_general_ci NOT NULL COMMENT '最后登录IP',
  `Status` smallint(6) NOT NULL COMMENT '状态：0、未激活 1、正常 2、禁用 3、注销',
  `CreatedTime` datetime(0) NOT NULL DEFAULT CURRENT_TIMESTAMP(0) COMMENT '创建时间',
  `CreatedBy` char(36) CHARACTER SET utf8mb4 COLLATE utf8mb4_general_ci NOT NULL COMMENT '创建人',
  `ModifiedTime` datetime(0) NOT NULL DEFAULT CURRENT_TIMESTAMP(0) COMMENT '最后修改时间',
  `ModifiedBy` char(36) CHARACTER SET utf8mb4 COLLATE utf8mb4_general_ci NOT NULL COMMENT '最后修改人',
  `ClosedTime` datetime(0) NOT NULL DEFAULT CURRENT_TIMESTAMP(0) COMMENT '注销时间',
  `ClosedBy` char(36) CHARACTER SET utf8mb4 COLLATE utf8mb4_general_ci NOT NULL COMMENT '注销人',
  `Deleted` bit(4) NOT NULL DEFAULT b'0' COMMENT '已删除',
  `DeletedTime` datetime(0) NOT NULL DEFAULT CURRENT_TIMESTAMP(0) COMMENT '删除时间',
  `DeletedBy` char(36) CHARACTER SET utf8mb4 COLLATE utf8mb4_general_ci NULL DEFAULT NULL COMMENT '删除人',
  PRIMARY KEY (`Id`) USING BTREE
) ENGINE = InnoDB CHARACTER SET = utf8mb4 COLLATE = utf8mb4_general_ci ROW_FORMAT = Dynamic;

-- ----------------------------
-- Records of account
-- ----------------------------
INSERT INTO `account` VALUES ('2E23D1D9-4A72-ACC2-F6FF-39ED21CB6A4A', 0, 'admin', 'E739279CB28CDAFD7373618313803524', '管理员', '', '', '2019-06-27 17:17:19', '0.0.0.1', 1, '2019-04-12 11:36:52', '00000000-0000-0000-0000-000000000000', '2019-04-18 17:30:57', '2E23D1D9-4A72-ACC2-F6FF-39ED21CB6A4A', '2019-04-12 11:36:52', '00000000-0000-0000-0000-000000000000', b'0000', '2019-04-12 11:36:52', '00000000-0000-0000-0000-000000000000');

-- ----------------------------
-- Table structure for account_role
-- ----------------------------
DROP TABLE IF EXISTS `account_role`;
CREATE TABLE `account_role`  (
  `Id` int(11) NOT NULL AUTO_INCREMENT,
  `AccountId` char(36) CHARACTER SET utf8mb4 COLLATE utf8mb4_general_ci NOT NULL COMMENT '账户编号',
  `RoleId` char(36) CHARACTER SET utf8mb4 COLLATE utf8mb4_general_ci NOT NULL COMMENT '角色编号',
  PRIMARY KEY (`Id`) USING BTREE
) ENGINE = InnoDB CHARACTER SET = utf8mb4 COLLATE = utf8mb4_general_ci ROW_FORMAT = Dynamic;

-- ----------------------------
-- Records of account_role
-- ----------------------------
INSERT INTO `account_role` VALUES (2, '2E23D1D9-4A72-ACC2-F6FF-39ED21CB6A4A', '1CB0D69C-6373-3B46-51B8-39ED21CB6A2D');
INSERT INTO `account_role` VALUES (3, 'C7CCFE14-5D2C-A2B3-2047-39EE99DFFC8E', '4AC74FCC-664A-D9BB-524E-39EE99DF890F');
INSERT INTO `account_role` VALUES (4, 'E73A0D88-BFB2-6B6E-93CB-39EEA4075745', '1CB0D69C-6373-3B46-51B8-39ED21CB6A2D');
INSERT INTO `account_role` VALUES (5, '67E399B6-C15C-F57D-AC0D-39EEA41ADF23', '1CB0D69C-6373-3B46-51B8-39ED21CB6A2D');
INSERT INTO `account_role` VALUES (6, '33610D5B-F641-85C6-264A-39EEA46A89E1', '1CB0D69C-6373-3B46-51B8-39ED21CB6A2D');

-- ----------------------------
-- Table structure for auditinfo
-- ----------------------------
DROP TABLE IF EXISTS `auditinfo`;
CREATE TABLE `auditinfo`  (
  `Id` bigint(20) NOT NULL AUTO_INCREMENT,
  `AccountId` char(36) CHARACTER SET utf8mb4 COLLATE utf8mb4_general_ci NULL DEFAULT NULL COMMENT '账户编号',
  `Area` varchar(50) CHARACTER SET utf8mb4 COLLATE utf8mb4_general_ci NOT NULL COMMENT '区域',
  `Controller` varchar(50) CHARACTER SET utf8mb4 COLLATE utf8mb4_general_ci NOT NULL COMMENT '控制器',
  `Action` varchar(50) CHARACTER SET utf8mb4 COLLATE utf8mb4_general_ci NOT NULL COMMENT '操作',
  `Parameters` text CHARACTER SET utf8mb4 COLLATE utf8mb4_general_ci NULL COMMENT '参数',
  `Result` text CHARACTER SET utf8mb4 COLLATE utf8mb4_general_ci NULL COMMENT '返回数据',
  `ExecutionTime` datetime(0) NOT NULL DEFAULT CURRENT_TIMESTAMP(0) COMMENT '方法开始执行时间',
  `ExecutionDuration` bigint(20) NOT NULL COMMENT '方法执行总用时(ms)',
  `BrowserInfo` text CHARACTER SET utf8mb4 COLLATE utf8mb4_general_ci NULL COMMENT '浏览器信息',
  `Platform` smallint(6) NOT NULL COMMENT '平台',
  `IP` varchar(50) CHARACTER SET utf8mb4 COLLATE utf8mb4_general_ci NULL DEFAULT NULL,
  PRIMARY KEY (`Id`) USING BTREE
) ENGINE = InnoDB CHARACTER SET = utf8mb4 COLLATE = utf8mb4_general_ci ROW_FORMAT = Dynamic;

-- ----------------------------
-- Table structure for button
-- ----------------------------
DROP TABLE IF EXISTS `button`;
CREATE TABLE `button`  (
  `Id` char(36) CHARACTER SET utf8mb4 COLLATE utf8mb4_general_ci NOT NULL,
  `MenuId` char(36) CHARACTER SET utf8mb4 COLLATE utf8mb4_general_ci NOT NULL COMMENT '菜单编号',
  `Name` varchar(50) CHARACTER SET utf8mb4 COLLATE utf8mb4_general_ci NOT NULL COMMENT '名称',
  `Icon` varchar(50) CHARACTER SET utf8mb4 COLLATE utf8mb4_general_ci NULL DEFAULT NULL COMMENT '图标',
  `Code` varchar(100) CHARACTER SET utf8mb4 COLLATE utf8mb4_general_ci NOT NULL COMMENT '按钮编码',
  `CreatedTime` datetime(0) NOT NULL DEFAULT CURRENT_TIMESTAMP(0) COMMENT '创建日期',
  `CreatedBy` char(36) CHARACTER SET utf8mb4 COLLATE utf8mb4_general_ci NOT NULL COMMENT '创建人',
  `ModifiedTime` datetime(0) NOT NULL DEFAULT CURRENT_TIMESTAMP(0) ON UPDATE CURRENT_TIMESTAMP(0) COMMENT '修改时间',
  `ModifiedBy` char(36) CHARACTER SET utf8mb4 COLLATE utf8mb4_general_ci NOT NULL COMMENT '修改人',
  PRIMARY KEY (`Id`) USING BTREE
) ENGINE = InnoDB CHARACTER SET = utf8mb4 COLLATE = utf8mb4_general_ci ROW_FORMAT = Dynamic;

-- ----------------------------
-- Records of button
-- ----------------------------
INSERT INTO `button` VALUES ('009D8CA1-4F8F-3497-2B9B-39EE9AEEA37F', '817EC04D-D9BC-BA30-AD63-39EE9AE9092F', '绑定权限', '', 'admin_menu_bind_permission', '2019-06-24 17:12:10', '2E23D1D9-4A72-ACC2-F6FF-39ED21CB6A4A', '2019-06-24 17:16:55', '2E23D1D9-4A72-ACC2-F6FF-39ED21CB6A4A');
INSERT INTO `button` VALUES ('0220B6FC-6966-E62F-E7FE-39EE9AED0C54', '7C354368-9616-D664-F4F0-39EE9AE8CAB2', '重置密码', NULL, 'admin_account_reset_password', '2019-06-24 17:10:26', '2E23D1D9-4A72-ACC2-F6FF-39ED21CB6A4A', '2019-06-24 17:10:26', '2E23D1D9-4A72-ACC2-F6FF-39ED21CB6A4A');
INSERT INTO `button` VALUES ('055879E0-C7EB-9DE0-DF07-39EE9AEBB5E9', 'E61AF72D-AB86-386A-A4BB-39EE9AE89A2F', '编辑', NULL, 'admin_role_edit', '2019-06-24 17:08:58', '2E23D1D9-4A72-ACC2-F6FF-39ED21CB6A4A', '2019-06-24 17:08:58', '2E23D1D9-4A72-ACC2-F6FF-39ED21CB6A4A');
INSERT INTO `button` VALUES ('05F161F5-D356-95A5-7508-39EE9E5DA89C', '36AD6B42-B22D-7C3C-8CA7-39EE9E5CD8C5', '删除', 'delete', 'common_area_del', '2019-06-25 09:12:18', '2E23D1D9-4A72-ACC2-F6FF-39ED21CB6A4A', '2019-06-25 09:12:18', '2E23D1D9-4A72-ACC2-F6FF-39ED21CB6A4A');
INSERT INTO `button` VALUES ('06604DEA-4FBB-05BF-E004-39EE9EEBB358', 'F98FFC20-C2AC-D2BE-8035-39EE9EEB706D', '删除', NULL, 'common_mediatype_del', '2019-06-25 11:47:27', '2E23D1D9-4A72-ACC2-F6FF-39ED21CB6A4A', '2019-06-25 11:47:27', '2E23D1D9-4A72-ACC2-F6FF-39ED21CB6A4A');
INSERT INTO `button` VALUES ('0A00C1EF-057D-40CB-085F-39EE9AEEA38A', '817EC04D-D9BC-BA30-AD63-39EE9AE9092F', '排序', '', 'admin_menu_sort', '2019-06-24 17:12:10', '2E23D1D9-4A72-ACC2-F6FF-39ED21CB6A4A', '2019-06-24 17:16:55', '2E23D1D9-4A72-ACC2-F6FF-39ED21CB6A4A');
INSERT INTO `button` VALUES ('0FD94B39-E1D6-413E-50FD-39EE9C6D9354', 'EF5DA896-41AF-BFBF-77F5-39EE9C6541BF', '删除', 'delete', 'personnelfiles_company_del', '2019-06-25 00:10:26', '2E23D1D9-4A72-ACC2-F6FF-39ED21CB6A4A', '2019-06-25 00:10:26', '2E23D1D9-4A72-ACC2-F6FF-39ED21CB6A4A');
INSERT INTO `button` VALUES ('11A35D13-C691-0121-6106-39EE9AEA35F3', '4AC9EF98-AFF8-7E8E-E149-39EE9AE809EB', '删除', NULL, 'admin_moduleinfo_del', '2019-06-24 17:07:20', '2E23D1D9-4A72-ACC2-F6FF-39ED21CB6A4A', '2019-06-24 17:07:20', '2E23D1D9-4A72-ACC2-F6FF-39ED21CB6A4A');
INSERT INTO `button` VALUES ('1220D4C1-8CBC-201A-4D2B-39EEAA716B20', '1D774799-6C7D-5E79-442D-39EEAA6EDC95', '添加', 'add', 'codegenerator_enum_add', '2019-06-27 17:29:19', '2E23D1D9-4A72-ACC2-F6FF-39ED21CB6A4A', '2019-06-27 17:29:19', '2E23D1D9-4A72-ACC2-F6FF-39ED21CB6A4A');
INSERT INTO `button` VALUES ('129756B0-7190-36DF-022A-39EEAA716B2F', '1D774799-6C7D-5E79-442D-39EEAA6EDC95', '删除', NULL, 'codegenerator_enum_del', '2019-06-27 17:29:19', '2E23D1D9-4A72-ACC2-F6FF-39ED21CB6A4A', '2019-06-27 17:29:19', '2E23D1D9-4A72-ACC2-F6FF-39ED21CB6A4A');
INSERT INTO `button` VALUES ('18382E60-26BC-5C36-6ABF-39EE9C6E8F87', '0DB3AA56-DACA-56C2-0ED3-39EE9C677B88', '岗位', 'edit', 'personnelfiles_department_position', '2019-06-25 00:11:31', '2E23D1D9-4A72-ACC2-F6FF-39ED21CB6A4A', '2019-06-25 00:11:31', '2E23D1D9-4A72-ACC2-F6FF-39ED21CB6A4A');
INSERT INTO `button` VALUES ('22F28B90-B021-CB72-85B4-39EEAA716B2C', '1D774799-6C7D-5E79-442D-39EEAA6EDC95', '编辑', NULL, 'codegenerator_enum_edit', '2019-06-27 17:29:19', '2E23D1D9-4A72-ACC2-F6FF-39ED21CB6A4A', '2019-06-27 17:29:19', '2E23D1D9-4A72-ACC2-F6FF-39ED21CB6A4A');
INSERT INTO `button` VALUES ('23DBA189-6E67-3F2D-E703-39EE9F4F0F6F', '6FB818B9-C021-62A1-CD39-39EE9E5D1A7C', '导出', NULL, 'common_attachment_export', '2019-06-25 13:35:58', '2E23D1D9-4A72-ACC2-F6FF-39ED21CB6A4A', '2019-06-25 13:35:58', '2E23D1D9-4A72-ACC2-F6FF-39ED21CB6A4A');
INSERT INTO `button` VALUES ('24E36A83-2873-AF62-00B7-39EE9B1C3053', 'F6265A81-4DF2-CA40-AA62-39EE9B057C37', '删除', NULL, 'admin_config_del', '2019-06-24 18:01:55', '2E23D1D9-4A72-ACC2-F6FF-39ED21CB6A4A', '2019-06-24 18:01:55', '2E23D1D9-4A72-ACC2-F6FF-39ED21CB6A4A');
INSERT INTO `button` VALUES ('2E762D71-E2D5-ECC5-615E-39EE9EEBB34D', 'F98FFC20-C2AC-D2BE-8035-39EE9EEB706D', '添加', 'add', 'common_mediatype_add', '2019-06-25 11:47:27', '2E23D1D9-4A72-ACC2-F6FF-39ED21CB6A4A', '2019-06-25 11:47:27', '2E23D1D9-4A72-ACC2-F6FF-39ED21CB6A4A');
INSERT INTO `button` VALUES ('2E8821A8-5CB6-F52E-5B6C-39EE9C6E8F8D', '0DB3AA56-DACA-56C2-0ED3-39EE9C677B88', '岗位删除', 'delete', 'personnelfiles_department_position_del', '2019-06-25 00:11:31', '2E23D1D9-4A72-ACC2-F6FF-39ED21CB6A4A', '2019-06-25 00:11:31', '2E23D1D9-4A72-ACC2-F6FF-39ED21CB6A4A');
INSERT INTO `button` VALUES ('320E8558-48D8-D781-43FC-39EE9AEA35E9', '4AC9EF98-AFF8-7E8E-E149-39EE9AE809EB', '同步', 'refresh', 'admin_moduleinfo_sync', '2019-06-24 17:07:20', '2E23D1D9-4A72-ACC2-F6FF-39ED21CB6A4A', '2019-06-24 17:07:20', '2E23D1D9-4A72-ACC2-F6FF-39ED21CB6A4A');
INSERT INTO `button` VALUES ('327B49A6-F7B2-C1A4-9DEA-39EE9C71AA51', 'ED573A8C-1409-D600-DD03-39EE9C6B3B51', '编辑', 'edit', 'personnelfiles_user_edit', '2019-06-25 00:14:55', '2E23D1D9-4A72-ACC2-F6FF-39ED21CB6A4A', '2019-06-27 13:54:25', '2E23D1D9-4A72-ACC2-F6FF-39ED21CB6A4A');
INSERT INTO `button` VALUES ('39823F70-7223-FF0E-A4DC-39EE9C6D9351', 'EF5DA896-41AF-BFBF-77F5-39EE9C6541BF', '编辑', 'edit', 'personnelfiles_company_edit', '2019-06-25 00:10:26', '2E23D1D9-4A72-ACC2-F6FF-39ED21CB6A4A', '2019-06-25 00:10:26', '2E23D1D9-4A72-ACC2-F6FF-39ED21CB6A4A');
INSERT INTO `button` VALUES ('45BF6F61-EEC8-21D0-AF6C-39EE9C71AA53', 'ED573A8C-1409-D600-DD03-39EE9C6B3B51', '删除', 'delete', 'personnelfiles_user_del', '2019-06-25 00:14:55', '2E23D1D9-4A72-ACC2-F6FF-39ED21CB6A4A', '2019-06-27 13:54:25', '2E23D1D9-4A72-ACC2-F6FF-39ED21CB6A4A');
INSERT INTO `button` VALUES ('6AB1FE93-6E68-02C0-EB26-39EE9AED0C4F', '7C354368-9616-D664-F4F0-39EE9AE8CAB2', '编辑', NULL, 'admin_account_edit', '2019-06-24 17:10:26', '2E23D1D9-4A72-ACC2-F6FF-39ED21CB6A4A', '2019-06-24 17:10:26', '2E23D1D9-4A72-ACC2-F6FF-39ED21CB6A4A');
INSERT INTO `button` VALUES ('6F5E14F7-4EA7-073A-F0D0-39EEAA709A9B', '6F3FEC3B-3DFE-1834-5C31-39EEAA6EA6C1', '生成', NULL, 'codegenerator_project_build_code', '2019-06-27 17:28:26', '2E23D1D9-4A72-ACC2-F6FF-39ED21CB6A4A', '2019-06-27 17:28:26', '2E23D1D9-4A72-ACC2-F6FF-39ED21CB6A4A');
INSERT INTO `button` VALUES ('75D73AF4-55A8-A2B9-8DED-39EE9C6E8F88', '0DB3AA56-DACA-56C2-0ED3-39EE9C677B88', '岗位添加', 'add', 'personnelfiles_department_position_add', '2019-06-25 00:11:31', '2E23D1D9-4A72-ACC2-F6FF-39ED21CB6A4A', '2019-06-25 00:11:31', '2E23D1D9-4A72-ACC2-F6FF-39ED21CB6A4A');
INSERT INTO `button` VALUES ('79B31DC0-4E49-7EC4-2E7D-39EE9B1C3051', 'F6265A81-4DF2-CA40-AA62-39EE9B057C37', '编辑', NULL, 'admin_config_edit', '2019-06-24 18:01:55', '2E23D1D9-4A72-ACC2-F6FF-39ED21CB6A4A', '2019-06-24 18:01:55', '2E23D1D9-4A72-ACC2-F6FF-39ED21CB6A4A');
INSERT INTO `button` VALUES ('7BC98F3A-AC7C-28FF-77C7-39EE9AED0C45', '7C354368-9616-D664-F4F0-39EE9AE8CAB2', '添加', 'add', 'admin_account_add', '2019-06-24 17:10:26', '2E23D1D9-4A72-ACC2-F6FF-39ED21CB6A4A', '2019-06-24 17:10:26', '2E23D1D9-4A72-ACC2-F6FF-39ED21CB6A4A');
INSERT INTO `button` VALUES ('7C1FEB31-8DB9-35C1-50CC-39EE9AEEA370', '817EC04D-D9BC-BA30-AD63-39EE9AE9092F', '添加', '', 'admin_menu_add', '2019-06-24 17:12:10', '2E23D1D9-4A72-ACC2-F6FF-39ED21CB6A4A', '2019-06-24 17:16:55', '2E23D1D9-4A72-ACC2-F6FF-39ED21CB6A4A');
INSERT INTO `button` VALUES ('8D954D6B-A443-ABC5-0317-39EEAA709A98', '6F3FEC3B-3DFE-1834-5C31-39EEAA6EA6C1', '删除', NULL, 'codegenerator_project_del', '2019-06-27 17:28:26', '2E23D1D9-4A72-ACC2-F6FF-39ED21CB6A4A', '2019-06-27 17:28:26', '2E23D1D9-4A72-ACC2-F6FF-39ED21CB6A4A');
INSERT INTO `button` VALUES ('8EC88F70-FF73-020C-54F2-39EE9C6E8F81', '0DB3AA56-DACA-56C2-0ED3-39EE9C677B88', '添加', 'add', 'personnelfiles_department_add', '2019-06-25 00:11:31', '2E23D1D9-4A72-ACC2-F6FF-39ED21CB6A4A', '2019-06-25 00:11:31', '2E23D1D9-4A72-ACC2-F6FF-39ED21CB6A4A');
INSERT INTO `button` VALUES ('94A638BA-D6A9-4E81-A18B-39EE9AED0C52', '7C354368-9616-D664-F4F0-39EE9AE8CAB2', '删除', NULL, 'admin_account_del', '2019-06-24 17:10:26', '2E23D1D9-4A72-ACC2-F6FF-39ED21CB6A4A', '2019-06-24 17:10:26', '2E23D1D9-4A72-ACC2-F6FF-39ED21CB6A4A');
INSERT INTO `button` VALUES ('9ADE8617-B64D-373B-3893-39EE9AEEA37D', '817EC04D-D9BC-BA30-AD63-39EE9AE9092F', '删除', '', 'admin_menu_del', '2019-06-24 17:12:10', '2E23D1D9-4A72-ACC2-F6FF-39ED21CB6A4A', '2019-06-24 17:16:55', '2E23D1D9-4A72-ACC2-F6FF-39ED21CB6A4A');
INSERT INTO `button` VALUES ('9AF35D6E-7A7A-950F-14E3-39EE9AEBB5E6', 'E61AF72D-AB86-386A-A4BB-39EE9AE89A2F', '添加', NULL, 'admin_role_add', '2019-06-24 17:08:58', '2E23D1D9-4A72-ACC2-F6FF-39ED21CB6A4A', '2019-06-24 17:08:58', '2E23D1D9-4A72-ACC2-F6FF-39ED21CB6A4A');
INSERT INTO `button` VALUES ('A70D98DC-BB2A-722F-EFAE-39EE9C711C77', '1E778FFC-D278-BDE0-DB5F-39EE9C68165A', '删除', 'delete', 'personnelfiles_position_del', '2019-06-25 00:14:18', '2E23D1D9-4A72-ACC2-F6FF-39ED21CB6A4A', '2019-06-25 00:14:18', '2E23D1D9-4A72-ACC2-F6FF-39ED21CB6A4A');
INSERT INTO `button` VALUES ('A826055E-8C0D-44BB-88DD-39EEA9ACAB6B', 'ED573A8C-1409-D600-DD03-39EE9C6B3B51', '教育经历', 'education', 'personnelfiles_user_education_history', '2019-06-27 13:54:25', '2E23D1D9-4A72-ACC2-F6FF-39ED21CB6A4A', '2019-06-27 13:54:25', '2E23D1D9-4A72-ACC2-F6FF-39ED21CB6A4A');
INSERT INTO `button` VALUES ('AFAB0122-1391-8894-B4AD-39EE9AEBB5F4', 'E61AF72D-AB86-386A-A4BB-39EE9AE89A2F', '绑定菜单', NULL, 'admin_role_bind_menu', '2019-06-24 17:08:58', '2E23D1D9-4A72-ACC2-F6FF-39ED21CB6A4A', '2019-06-24 17:08:58', '2E23D1D9-4A72-ACC2-F6FF-39ED21CB6A4A');
INSERT INTO `button` VALUES ('B379029B-295D-8792-C9D0-39EE9B1C3045', 'F6265A81-4DF2-CA40-AA62-39EE9B057C37', '添加', NULL, 'admin_config_add', '2019-06-24 18:01:55', '2E23D1D9-4A72-ACC2-F6FF-39ED21CB6A4A', '2019-06-24 18:01:55', '2E23D1D9-4A72-ACC2-F6FF-39ED21CB6A4A');
INSERT INTO `button` VALUES ('B5056C65-25BA-47BA-D7F8-39EE9E5DA88E', '36AD6B42-B22D-7C3C-8CA7-39EE9E5CD8C5', '添加', 'add', 'common_area_add', '2019-06-25 09:12:18', '2E23D1D9-4A72-ACC2-F6FF-39ED21CB6A4A', '2019-06-25 09:12:18', '2E23D1D9-4A72-ACC2-F6FF-39ED21CB6A4A');
INSERT INTO `button` VALUES ('B526C0A0-A6ED-F0FA-CC5E-39EE9C6E8F83', '0DB3AA56-DACA-56C2-0ED3-39EE9C677B88', '编辑', 'edit', 'personnelfiles_department_edit', '2019-06-25 00:11:31', '2E23D1D9-4A72-ACC2-F6FF-39ED21CB6A4A', '2019-06-25 00:11:31', '2E23D1D9-4A72-ACC2-F6FF-39ED21CB6A4A');
INSERT INTO `button` VALUES ('C9AAF236-46CE-371C-8FCA-39EEAA709A8B', '6F3FEC3B-3DFE-1834-5C31-39EEAA6EA6C1', '添加', 'add', 'codegenerator_project_add', '2019-06-27 17:28:26', '2E23D1D9-4A72-ACC2-F6FF-39ED21CB6A4A', '2019-06-27 17:28:26', '2E23D1D9-4A72-ACC2-F6FF-39ED21CB6A4A');
INSERT INTO `button` VALUES ('CEDE4E24-8DF7-5AF8-2DE6-39EE9C71AA4D', 'ED573A8C-1409-D600-DD03-39EE9C6B3B51', '添加', 'add', 'personnelfiles_user_add', '2019-06-25 00:14:55', '2E23D1D9-4A72-ACC2-F6FF-39ED21CB6A4A', '2019-06-27 13:54:25', '2E23D1D9-4A72-ACC2-F6FF-39ED21CB6A4A');
INSERT INTO `button` VALUES ('CF5C1197-FD1B-54EA-B02F-39EE9EEBB354', 'F98FFC20-C2AC-D2BE-8035-39EE9EEB706D', '编辑', NULL, 'common_mediatype_edit', '2019-06-25 11:47:27', '2E23D1D9-4A72-ACC2-F6FF-39ED21CB6A4A', '2019-06-25 11:47:27', '2E23D1D9-4A72-ACC2-F6FF-39ED21CB6A4A');
INSERT INTO `button` VALUES ('D11C8173-BBC4-0124-8951-39EE9F4F0F65', '6FB818B9-C021-62A1-CD39-39EE9E5D1A7C', '删除', NULL, 'common_attachment_del', '2019-06-25 13:35:58', '2E23D1D9-4A72-ACC2-F6FF-39ED21CB6A4A', '2019-06-25 13:35:58', '2E23D1D9-4A72-ACC2-F6FF-39ED21CB6A4A');
INSERT INTO `button` VALUES ('D149C3B6-3533-3F69-924C-39EEAA709A94', '6F3FEC3B-3DFE-1834-5C31-39EEAA6EA6C1', '编辑', NULL, 'codegenerator_project_edit', '2019-06-27 17:28:26', '2E23D1D9-4A72-ACC2-F6FF-39ED21CB6A4A', '2019-06-27 17:28:26', '2E23D1D9-4A72-ACC2-F6FF-39ED21CB6A4A');
INSERT INTO `button` VALUES ('D38DF13E-558C-2C61-1923-39EE9AEB44FE', '1609BAB0-F3E8-6E66-CC3C-39EE9AE860C6', '删除', NULL, 'admin_permission_del', '2019-06-24 17:08:30', '2E23D1D9-4A72-ACC2-F6FF-39ED21CB6A4A', '2019-06-24 17:08:30', '2E23D1D9-4A72-ACC2-F6FF-39ED21CB6A4A');
INSERT INTO `button` VALUES ('DDFE7E0A-0322-1C93-4475-39EE9AEEA381', '817EC04D-D9BC-BA30-AD63-39EE9AE9092F', '绑定按钮', '', 'admin_menu_bind_button', '2019-06-24 17:12:10', '2E23D1D9-4A72-ACC2-F6FF-39ED21CB6A4A', '2019-06-24 17:16:55', '2E23D1D9-4A72-ACC2-F6FF-39ED21CB6A4A');
INSERT INTO `button` VALUES ('DF3C5197-66BB-EB7A-4BBE-39EE9AEEA374', '817EC04D-D9BC-BA30-AD63-39EE9AE9092F', '编辑', '', 'admin_menu_edit', '2019-06-24 17:12:10', '2E23D1D9-4A72-ACC2-F6FF-39ED21CB6A4A', '2019-06-24 17:16:55', '2E23D1D9-4A72-ACC2-F6FF-39ED21CB6A4A');
INSERT INTO `button` VALUES ('E2A7C844-F8AE-B831-20CB-39EE9C6E8F8A', '0DB3AA56-DACA-56C2-0ED3-39EE9C677B88', '岗位编辑', 'edit', 'personnelfiles_department_position_edit', '2019-06-25 00:11:31', '2E23D1D9-4A72-ACC2-F6FF-39ED21CB6A4A', '2019-06-25 00:11:31', '2E23D1D9-4A72-ACC2-F6FF-39ED21CB6A4A');
INSERT INTO `button` VALUES ('EC285693-E0AC-6137-5DE5-39EE9C6E8F85', '0DB3AA56-DACA-56C2-0ED3-39EE9C677B88', '删除', 'delete', 'personnelfiles_department_del', '2019-06-25 00:11:31', '2E23D1D9-4A72-ACC2-F6FF-39ED21CB6A4A', '2019-06-25 00:11:31', '2E23D1D9-4A72-ACC2-F6FF-39ED21CB6A4A');
INSERT INTO `button` VALUES ('EFB75748-F298-B185-7C15-39EE9AEBB5EE', 'E61AF72D-AB86-386A-A4BB-39EE9AE89A2F', '删除', NULL, 'admin_role_del', '2019-06-24 17:08:58', '2E23D1D9-4A72-ACC2-F6FF-39ED21CB6A4A', '2019-06-24 17:08:58', '2E23D1D9-4A72-ACC2-F6FF-39ED21CB6A4A');
INSERT INTO `button` VALUES ('F2C647EB-DFC1-7EC9-2E7D-39EE9E5DA89A', '36AD6B42-B22D-7C3C-8CA7-39EE9E5CD8C5', '编辑', 'edit', 'common_area_edit', '2019-06-25 09:12:18', '2E23D1D9-4A72-ACC2-F6FF-39ED21CB6A4A', '2019-06-25 09:12:18', '2E23D1D9-4A72-ACC2-F6FF-39ED21CB6A4A');
INSERT INTO `button` VALUES ('F611AB49-BC29-6D99-A7C1-39EEA908E900', 'ED573A8C-1409-D600-DD03-39EE9C6B3B51', '工作经历', 'work', 'personnelfiles_user_work_history', '2019-06-27 10:55:33', '2E23D1D9-4A72-ACC2-F6FF-39ED21CB6A4A', '2019-06-27 13:54:25', '2E23D1D9-4A72-ACC2-F6FF-39ED21CB6A4A');
INSERT INTO `button` VALUES ('F8AB056D-5052-95DC-EAFE-39EE9C6D934A', 'EF5DA896-41AF-BFBF-77F5-39EE9C6541BF', '添加', 'add', 'personnelfiles_company_add', '2019-06-25 00:10:26', '2E23D1D9-4A72-ACC2-F6FF-39ED21CB6A4A', '2019-06-25 00:10:26', '2E23D1D9-4A72-ACC2-F6FF-39ED21CB6A4A');
INSERT INTO `button` VALUES ('FB81046D-DFB9-E8E9-0836-39EE9AEB44FB', '1609BAB0-F3E8-6E66-CC3C-39EE9AE860C6', '同步', 'refresh', 'admin_permission_sync', '2019-06-24 17:08:30', '2E23D1D9-4A72-ACC2-F6FF-39ED21CB6A4A', '2019-06-24 17:08:30', '2E23D1D9-4A72-ACC2-F6FF-39ED21CB6A4A');

-- ----------------------------
-- Table structure for button_permission
-- ----------------------------
DROP TABLE IF EXISTS `button_permission`;
CREATE TABLE `button_permission`  (
  `Id` int(11) NOT NULL AUTO_INCREMENT,
  `ButtonId` char(36) CHARACTER SET utf8mb4 COLLATE utf8mb4_general_ci NOT NULL COMMENT '按钮编号',
  `PermissionId` char(36) CHARACTER SET utf8mb4 COLLATE utf8mb4_general_ci NOT NULL COMMENT '权限编号',
  PRIMARY KEY (`Id`) USING BTREE
) ENGINE = InnoDB CHARACTER SET = utf8mb4 COLLATE = utf8mb4_general_ci ROW_FORMAT = Dynamic;

-- ----------------------------
-- Records of button_permission
-- ----------------------------
INSERT INTO `button_permission` VALUES (1, '320E8558-48D8-D781-43FC-39EE9AEA35E9', '7D546C8A-92D8-9434-08B7-39EE9AE61FF0');
INSERT INTO `button_permission` VALUES (2, '11A35D13-C691-0121-6106-39EE9AEA35F3', 'F6452132-8CF8-F62F-22B3-39EE9AE61FF3');
INSERT INTO `button_permission` VALUES (3, 'FB81046D-DFB9-E8E9-0836-39EE9AEB44FB', 'F88CC4E9-A603-4992-4483-39EE9AE61FFF');
INSERT INTO `button_permission` VALUES (4, 'D38DF13E-558C-2C61-1923-39EE9AEB44FE', '6A98FD5F-EE43-7442-47EC-39EE9AE62005');
INSERT INTO `button_permission` VALUES (5, '9AF35D6E-7A7A-950F-14E3-39EE9AEBB5E6', '93E3A2C0-A06B-62A7-4DC1-39EE9AE6200A');
INSERT INTO `button_permission` VALUES (6, '055879E0-C7EB-9DE0-DF07-39EE9AEBB5E9', 'C2FE140D-267C-64D5-014B-39EE9AE62012');
INSERT INTO `button_permission` VALUES (7, '055879E0-C7EB-9DE0-DF07-39EE9AEBB5E9', '1C373F6B-426E-BD8C-AD5D-39EE9AE62016');
INSERT INTO `button_permission` VALUES (8, 'EFB75748-F298-B185-7C15-39EE9AEBB5EE', '03F4D737-5B05-20DE-B31E-39EE9AE6200F');
INSERT INTO `button_permission` VALUES (9, 'AFAB0122-1391-8894-B4AD-39EE9AEBB5F4', 'B609B3BB-7210-7475-48DF-39EE9AE6201B');
INSERT INTO `button_permission` VALUES (10, 'AFAB0122-1391-8894-B4AD-39EE9AEBB5F4', 'E77E24F6-F740-38DD-4F4D-39EE9AE6201D');
INSERT INTO `button_permission` VALUES (11, 'AFAB0122-1391-8894-B4AD-39EE9AEBB5F4', '791FF974-EDE2-5F0A-FDEE-39EE9AE62020');
INSERT INTO `button_permission` VALUES (12, 'AFAB0122-1391-8894-B4AD-39EE9AEBB5F4', '2FAE6567-318F-F997-D5A4-39EE9AE62023');
INSERT INTO `button_permission` VALUES (14, '7BC98F3A-AC7C-28FF-77C7-39EE9AED0C45', '61AA4621-BE22-1EBA-4862-39EE9AE61F26');
INSERT INTO `button_permission` VALUES (15, '7BC98F3A-AC7C-28FF-77C7-39EE9AED0C45', '7B84B5D2-4CDA-072D-421F-39EE9AE62029');
INSERT INTO `button_permission` VALUES (16, '6AB1FE93-6E68-02C0-EB26-39EE9AED0C4F', '7B84B5D2-4CDA-072D-421F-39EE9AE62029');
INSERT INTO `button_permission` VALUES (17, '6AB1FE93-6E68-02C0-EB26-39EE9AED0C4F', '18E00604-05B3-5528-7814-39EE9AE61F35');
INSERT INTO `button_permission` VALUES (18, '6AB1FE93-6E68-02C0-EB26-39EE9AED0C4F', 'C526D04E-888D-CA3A-7CD7-39EE9AE61F4A');
INSERT INTO `button_permission` VALUES (19, '94A638BA-D6A9-4E81-A18B-39EE9AED0C52', '5CB6FE4D-8EE8-082E-3509-39EE9AE61F59');
INSERT INTO `button_permission` VALUES (20, '0220B6FC-6966-E62F-E7FE-39EE9AED0C54', '6CDADA85-5273-535C-5C95-39EE9AE61F66');
INSERT INTO `button_permission` VALUES (22, '7C1FEB31-8DB9-35C1-50CC-39EE9AEEA370', '5F9589DE-284A-70E7-B849-39EE9AE61FC6');
INSERT INTO `button_permission` VALUES (23, '7C1FEB31-8DB9-35C1-50CC-39EE9AEEA370', '9AF134ED-166F-C5E9-13F0-39EE9AE61FFA');
INSERT INTO `button_permission` VALUES (24, 'DDFE7E0A-0322-1C93-4475-39EE9AEEA381', '241FFE79-6E03-FFF4-36B9-39EE9AE61FB7');
INSERT INTO `button_permission` VALUES (25, 'DDFE7E0A-0322-1C93-4475-39EE9AEEA381', '56AADC17-4CEC-F31C-FCB5-39EE9AE61FAF');
INSERT INTO `button_permission` VALUES (26, 'DDFE7E0A-0322-1C93-4475-39EE9AEEA381', 'A0F68FDA-66D7-EC76-EAD6-39EE9AE61FA7');
INSERT INTO `button_permission` VALUES (27, 'DDFE7E0A-0322-1C93-4475-39EE9AEEA381', '37920BD8-1DA5-72B6-0606-39EE9AE61FA1');
INSERT INTO `button_permission` VALUES (28, 'DDFE7E0A-0322-1C93-4475-39EE9AEEA381', '71DBD010-4C00-0E7F-0BDD-39EE9AE61F8F');
INSERT INTO `button_permission` VALUES (29, 'DF3C5197-66BB-EB7A-4BBE-39EE9AEEA374', '9AF134ED-166F-C5E9-13F0-39EE9AE61FFA');
INSERT INTO `button_permission` VALUES (30, 'DF3C5197-66BB-EB7A-4BBE-39EE9AEEA374', 'FFFD4CFC-90C6-3F8D-8FFF-39EE9AE61FCC');
INSERT INTO `button_permission` VALUES (31, 'DF3C5197-66BB-EB7A-4BBE-39EE9AEEA374', '2C0D4A51-3682-9F33-24BC-39EE9AE61FD0');
INSERT INTO `button_permission` VALUES (32, '9ADE8617-B64D-373B-3893-39EE9AEEA37D', '0DEB82B8-1BE9-F094-3F38-39EE9AE61FC9');
INSERT INTO `button_permission` VALUES (33, '009D8CA1-4F8F-3497-2B9B-39EE9AEEA37F', '82177E22-46A3-7B56-F227-39EE9AE61FDB');
INSERT INTO `button_permission` VALUES (34, '009D8CA1-4F8F-3497-2B9B-39EE9AEEA37F', '01E1E5AA-FE24-080D-7414-39EE9AE61FD9');
INSERT INTO `button_permission` VALUES (35, '0A00C1EF-057D-40CB-085F-39EE9AEEA38A', '71440DDC-318B-8B2D-E56F-39EE9AE61FE6');
INSERT INTO `button_permission` VALUES (36, '0A00C1EF-057D-40CB-085F-39EE9AEEA38A', '0FA8DC9C-602F-2586-3A64-39EE9AE61FE8');
INSERT INTO `button_permission` VALUES (37, 'B379029B-295D-8792-C9D0-39EE9B1C3045', 'DDCFA7E6-847C-A64C-E8CB-39EE9B1B9E04');
INSERT INTO `button_permission` VALUES (38, '79B31DC0-4E49-7EC4-2E7D-39EE9B1C3051', '4B277FA6-234E-1712-81AB-39EE9B1B9E0D');
INSERT INTO `button_permission` VALUES (39, '79B31DC0-4E49-7EC4-2E7D-39EE9B1C3051', 'D627AFB0-4DEB-36D9-D3CB-39EE9B1B9E11');
INSERT INTO `button_permission` VALUES (40, '24E36A83-2873-AF62-00B7-39EE9B1C3053', '7FE92105-0B44-87AB-1933-39EE9B1B9E07');
INSERT INTO `button_permission` VALUES (41, 'F8AB056D-5052-95DC-EAFE-39EE9C6D934A', 'CF4FF635-B8BF-2A17-B3C4-39EE9C64689A');
INSERT INTO `button_permission` VALUES (42, '39823F70-7223-FF0E-A4DC-39EE9C6D9351', '7E351053-AAEF-151C-509C-39EE9C6468A0');
INSERT INTO `button_permission` VALUES (43, '39823F70-7223-FF0E-A4DC-39EE9C6D9351', '72F1A443-039F-84B9-DCDA-39EE9C6468A4');
INSERT INTO `button_permission` VALUES (44, '0FD94B39-E1D6-413E-50FD-39EE9C6D9354', '426ABE5A-993C-37B9-B84B-39EE9C64689D');
INSERT INTO `button_permission` VALUES (45, '8EC88F70-FF73-020C-54F2-39EE9C6E8F81', '1CBCFCE6-18E4-A567-2E20-39EE9C6468B1');
INSERT INTO `button_permission` VALUES (46, 'B526C0A0-A6ED-F0FA-CC5E-39EE9C6E8F83', '253FC18B-F1CA-07C3-62E9-39EE9C6468B7');
INSERT INTO `button_permission` VALUES (47, 'B526C0A0-A6ED-F0FA-CC5E-39EE9C6E8F83', 'F10266BA-3C20-2BEA-9CE4-39EE9C6468BA');
INSERT INTO `button_permission` VALUES (48, 'EC285693-E0AC-6137-5DE5-39EE9C6E8F85', '364A24DE-7E01-E45E-1BF7-39EE9C6468B4');
INSERT INTO `button_permission` VALUES (49, '18382E60-26BC-5C36-6ABF-39EE9C6E8F87', '69FC6036-7F0A-FB17-C82F-39EE9C6468BD');
INSERT INTO `button_permission` VALUES (50, '75D73AF4-55A8-A2B9-8DED-39EE9C6E8F88', '4E08E38F-560D-A3E7-16FF-39EE9C6468BF');
INSERT INTO `button_permission` VALUES (51, 'E2A7C844-F8AE-B831-20CB-39EE9C6E8F8A', '5E40862A-2A7D-10D8-19EA-39EE9C6468C5');
INSERT INTO `button_permission` VALUES (52, 'E2A7C844-F8AE-B831-20CB-39EE9C6E8F8A', '38D02851-43E5-49EE-66A3-39EE9C6468C8');
INSERT INTO `button_permission` VALUES (53, '2E8821A8-5CB6-F52E-5B6C-39EE9C6E8F8D', 'A877DAEF-8A68-DE86-76A9-39EE9C6468C2');
INSERT INTO `button_permission` VALUES (54, 'A70D98DC-BB2A-722F-EFAE-39EE9C711C77', 'A877DAEF-8A68-DE86-76A9-39EE9C6468C2');
INSERT INTO `button_permission` VALUES (56, 'B5056C65-25BA-47BA-D7F8-39EE9E5DA88E', '035535FB-1AB1-0F28-203D-39EE9C646875');
INSERT INTO `button_permission` VALUES (57, 'F2C647EB-DFC1-7EC9-2E7D-39EE9E5DA89A', 'C20A1001-4677-4996-9B7D-39EE9C64687C');
INSERT INTO `button_permission` VALUES (58, 'F2C647EB-DFC1-7EC9-2E7D-39EE9E5DA89A', '51AD8F78-EF0C-7D39-4C9C-39EE9C64687F');
INSERT INTO `button_permission` VALUES (59, '05F161F5-D356-95A5-7508-39EE9E5DA89C', '75194623-EA56-9A70-F315-39EE9C646879');
INSERT INTO `button_permission` VALUES (60, '2E762D71-E2D5-ECC5-615E-39EE9EEBB34D', '4E77F7E2-C0D3-24FA-C8C3-39EE9EE7F5C8');
INSERT INTO `button_permission` VALUES (61, 'CF5C1197-FD1B-54EA-B02F-39EE9EEBB354', '66F283E4-6F96-940D-AAA8-39EE9EE7F5CE');
INSERT INTO `button_permission` VALUES (62, 'CF5C1197-FD1B-54EA-B02F-39EE9EEBB354', '6BB748E1-1249-C11F-0F5E-39EE9EE7F5D6');
INSERT INTO `button_permission` VALUES (63, '06604DEA-4FBB-05BF-E004-39EE9EEBB358', 'E67DF63A-C2A5-3E7A-ACAD-39EE9EE7F5CC');
INSERT INTO `button_permission` VALUES (65, '23DBA189-6E67-3F2D-E703-39EE9F4F0F6F', '53125A49-2E4C-F1C6-9F46-39EE9F4C358B');
INSERT INTO `button_permission` VALUES (79, 'CEDE4E24-8DF7-5AF8-2DE6-39EE9C71AA4D', '763264AE-A1E3-D88F-06C2-39EE9C6468DC');
INSERT INTO `button_permission` VALUES (80, 'CEDE4E24-8DF7-5AF8-2DE6-39EE9C71AA4D', '12A90A6F-303B-62C5-C06C-39EEA019C7D6');
INSERT INTO `button_permission` VALUES (81, 'CEDE4E24-8DF7-5AF8-2DE6-39EE9C71AA4D', '3C52373E-6CE0-C72F-88E6-39EE9C6468A7');
INSERT INTO `button_permission` VALUES (82, 'CEDE4E24-8DF7-5AF8-2DE6-39EE9C71AA4D', '3409973D-B44F-973C-8C13-39EE9C6468AA');
INSERT INTO `button_permission` VALUES (88, '327B49A6-F7B2-C1A4-9DEA-39EE9C71AA51', '12A90A6F-303B-62C5-C06C-39EEA019C7D6');
INSERT INTO `button_permission` VALUES (89, '327B49A6-F7B2-C1A4-9DEA-39EE9C71AA51', 'E547D1DC-9D08-15E5-2C43-39EE9C6468E1');
INSERT INTO `button_permission` VALUES (90, '327B49A6-F7B2-C1A4-9DEA-39EE9C71AA51', '598E7365-C065-5B18-73B5-39EE9C6468E4');
INSERT INTO `button_permission` VALUES (91, '327B49A6-F7B2-C1A4-9DEA-39EE9C71AA51', '3409973D-B44F-973C-8C13-39EE9C6468AA');
INSERT INTO `button_permission` VALUES (92, '327B49A6-F7B2-C1A4-9DEA-39EE9C71AA51', '3C52373E-6CE0-C72F-88E6-39EE9C6468A7');
INSERT INTO `button_permission` VALUES (93, '327B49A6-F7B2-C1A4-9DEA-39EE9C71AA51', '6B51F55C-4976-F67F-79C3-39EEA4C10780');
INSERT INTO `button_permission` VALUES (94, '327B49A6-F7B2-C1A4-9DEA-39EE9C71AA51', '4358F6F8-5A70-5BE3-2F57-39EEA4C10786');
INSERT INTO `button_permission` VALUES (95, 'F611AB49-BC29-6D99-A7C1-39EEA908E900', 'B576AA79-0891-3390-6A0A-39EE9C6468F8');
INSERT INTO `button_permission` VALUES (96, 'F611AB49-BC29-6D99-A7C1-39EEA908E900', '20A85D1B-658B-85D4-928B-39EE9C6468FB');
INSERT INTO `button_permission` VALUES (97, 'F611AB49-BC29-6D99-A7C1-39EEA908E900', '4087C180-CC5A-28C0-B2EA-39EE9C6468FE');
INSERT INTO `button_permission` VALUES (98, 'F611AB49-BC29-6D99-A7C1-39EEA908E900', '8A2D55FB-9A34-8B6D-FAB1-39EE9C646901');
INSERT INTO `button_permission` VALUES (99, 'F611AB49-BC29-6D99-A7C1-39EEA908E900', '6E3128B9-A907-9A46-05D2-39EE9C646904');
INSERT INTO `button_permission` VALUES (100, 'A826055E-8C0D-44BB-88DD-39EEA9ACAB6B', '3774DF6C-E3E3-FBD7-4419-39EE9C6468EA');
INSERT INTO `button_permission` VALUES (101, 'A826055E-8C0D-44BB-88DD-39EEA9ACAB6B', 'EEEA1B88-0139-08AA-31C9-39EE9C6468ED');
INSERT INTO `button_permission` VALUES (102, 'A826055E-8C0D-44BB-88DD-39EEA9ACAB6B', '35B996FF-E11B-3B29-0879-39EE9C6468F0');
INSERT INTO `button_permission` VALUES (103, 'A826055E-8C0D-44BB-88DD-39EEA9ACAB6B', '643E24FC-C85D-813C-834C-39EE9C6468F3');
INSERT INTO `button_permission` VALUES (104, 'A826055E-8C0D-44BB-88DD-39EEA9ACAB6B', '124C2840-CA01-501D-74CF-39EE9C6468F5');
INSERT INTO `button_permission` VALUES (105, 'C9AAF236-46CE-371C-8FCA-39EEAA709A8B', '9695684F-DB58-562F-BDE4-39EE9C646835');
INSERT INTO `button_permission` VALUES (106, 'D149C3B6-3533-3F69-924C-39EEAA709A94', 'F771D046-D15C-253B-D4D4-39EE9C646841');
INSERT INTO `button_permission` VALUES (107, 'D149C3B6-3533-3F69-924C-39EEAA709A94', '69C5FE7E-02CD-49F8-84D7-39EE9C64683D');
INSERT INTO `button_permission` VALUES (108, '8D954D6B-A443-ABC5-0317-39EEAA709A98', '32F12761-FE00-3A26-96E0-39EE9C64683A');
INSERT INTO `button_permission` VALUES (109, '6F5E14F7-4EA7-073A-F0D0-39EEAA709A9B', '662750D7-3547-32ED-BFA5-39EE9C646846');
INSERT INTO `button_permission` VALUES (110, '1220D4C1-8CBC-201A-4D2B-39EEAA716B20', '9C9B6210-DBC1-9393-4FA2-39EE9C6467DF');
INSERT INTO `button_permission` VALUES (111, '22F28B90-B021-CB72-85B4-39EEAA716B2C', 'F1879F93-9C61-E7B3-9CE2-39EE9C6467EB');
INSERT INTO `button_permission` VALUES (112, '22F28B90-B021-CB72-85B4-39EEAA716B2C', '388E4E69-EFEB-9ED6-A07E-39EE9C6467EE');
INSERT INTO `button_permission` VALUES (113, '129756B0-7190-36DF-022A-39EEAA716B2F', '647EEDF6-E35F-801C-9EEA-39EE9C6467E7');

-- ----------------------------
-- Table structure for config
-- ----------------------------
DROP TABLE IF EXISTS `config`;
CREATE TABLE `config`  (
  `Id` int(11) NOT NULL AUTO_INCREMENT,
  `Key` varchar(255) CHARACTER SET utf8mb4 COLLATE utf8mb4_general_ci NOT NULL COMMENT '键',
  `Value` text CHARACTER SET utf8mb4 COLLATE utf8mb4_general_ci NULL COMMENT '值',
  `Remarks` varchar(255) CHARACTER SET utf8mb4 COLLATE utf8mb4_general_ci NOT NULL COMMENT '备注',
  `CreatedTime` datetime(0) NOT NULL DEFAULT CURRENT_TIMESTAMP(0) COMMENT '添加时间',
  `CreatedBy` char(36) CHARACTER SET utf8mb4 COLLATE utf8mb4_general_ci NOT NULL COMMENT '添加人',
  `ModifiedTime` datetime(0) NOT NULL DEFAULT CURRENT_TIMESTAMP(0) COMMENT '修改时间',
  `ModifiedBy` char(36) CHARACTER SET utf8mb4 COLLATE utf8mb4_general_ci NOT NULL COMMENT '修改人',
  PRIMARY KEY (`Id`) USING BTREE
) ENGINE = InnoDB CHARACTER SET = utf8mb4 COLLATE = utf8mb4_general_ci ROW_FORMAT = Dynamic;

-- ----------------------------
-- Records of config
-- ----------------------------
INSERT INTO `config` VALUES (1, 'sys_button_permission', 'True', '启用按钮权限', '2019-04-12 11:36:52', '00000000-0000-0000-0000-000000000000', '2019-06-27 17:32:34', '2E23D1D9-4A72-ACC2-F6FF-39ED21CB6A4A');
INSERT INTO `config` VALUES (3, 'sys_auditing', 'True', '启用审计日志', '2019-04-12 11:36:52', '00000000-0000-0000-0000-000000000000', '2019-06-27 17:32:34', '2E23D1D9-4A72-ACC2-F6FF-39ED21CB6A4A');
INSERT INTO `config` VALUES (4, 'sys_toolbar_skin', 'False', '显示工具栏皮肤按钮', '2019-04-12 11:36:52', '00000000-0000-0000-0000-000000000000', '2019-06-27 17:32:34', '2E23D1D9-4A72-ACC2-F6FF-39ED21CB6A4A');
INSERT INTO `config` VALUES (5, 'sys_title', '通用权限管理系统', '系统标题', '2019-04-12 11:36:52', '00000000-0000-0000-0000-000000000000', '2019-06-27 17:32:34', '2E23D1D9-4A72-ACC2-F6FF-39ED21CB6A4A');
INSERT INTO `config` VALUES (6, 'sys_toolbar_fullscreen', 'True', '显示工具栏全屏按钮', '2019-04-12 11:36:52', '00000000-0000-0000-0000-000000000000', '2019-06-27 17:32:34', '2E23D1D9-4A72-ACC2-F6FF-39ED21CB6A4A');
INSERT INTO `config` VALUES (7, 'sys_home', '/admin/home', '系统首页', '2019-04-12 11:36:52', '00000000-0000-0000-0000-000000000000', '2019-06-27 17:32:34', '2E23D1D9-4A72-ACC2-F6FF-39ED21CB6A4A');
INSERT INTO `config` VALUES (8, 'sys_verify_code', 'False', '启用登录验证码功能', '2019-05-06 09:11:35', '39ED5AB3-0C91-A26C-2F8A-A3B723EF422A', '2019-06-27 17:32:34', '2E23D1D9-4A72-ACC2-F6FF-39ED21CB6A4A');
INSERT INTO `config` VALUES (9, 'sys_toolbar_userinfo', 'True', '显示工具栏用户信息按钮', '2019-05-06 09:35:48', '2E23D1D9-4A72-ACC2-F6FF-39ED21CB6A4A', '2019-06-27 17:32:34', '2E23D1D9-4A72-ACC2-F6FF-39ED21CB6A4A');
INSERT INTO `config` VALUES (10, 'sys_toolbar_logout', 'True', '显示工具栏退出按钮', '2019-05-06 09:35:48', '2E23D1D9-4A72-ACC2-F6FF-39ED21CB6A4A', '2019-06-27 17:32:34', '2E23D1D9-4A72-ACC2-F6FF-39ED21CB6A4A');
INSERT INTO `config` VALUES (11, 'sys_userinfo_page', '', '个人信息页', '2019-06-14 13:47:55', '2E23D1D9-4A72-ACC2-F6FF-39ED21CB6A4A', '2019-06-27 17:32:34', '2E23D1D9-4A72-ACC2-F6FF-39ED21CB6A4A');
INSERT INTO `config` VALUES (12, 'sys_toolbar_customcss', '', '自定义CSS样式', '2019-06-20 19:20:09', '2E23D1D9-4A72-ACC2-F6FF-39ED21CB6A4A', '2019-06-27 17:32:34', '2E23D1D9-4A72-ACC2-F6FF-39ED21CB6A4A');
INSERT INTO `config` VALUES (13, 'sys_logo', '', '系统Logo', '2019-06-27 17:32:34', '2E23D1D9-4A72-ACC2-F6FF-39ED21CB6A4A', '2019-06-27 17:32:34', '2E23D1D9-4A72-ACC2-F6FF-39ED21CB6A4A');

-- ----------------------------
-- Table structure for menu
-- ----------------------------
DROP TABLE IF EXISTS `menu`;
CREATE TABLE `menu`  (
  `Id` char(36) CHARACTER SET utf8mb4 COLLATE utf8mb4_general_ci NOT NULL,
  `ModuleCode` varchar(50) CHARACTER SET utf8mb4 COLLATE utf8mb4_general_ci NOT NULL COMMENT '所属模块',
  `Type` smallint(6) NOT NULL COMMENT '类型，0、节点 1、链接',
  `ParentId` char(36) CHARACTER SET utf8mb4 COLLATE utf8mb4_general_ci NULL DEFAULT NULL COMMENT '父菜单',
  `Name` varchar(50) CHARACTER SET utf8mb4 COLLATE utf8mb4_general_ci NOT NULL COMMENT '名称',
  `RouteName` varchar(100) CHARACTER SET utf8mb4 COLLATE utf8mb4_general_ci NOT NULL COMMENT '路由名称',
  `RouteParams` text CHARACTER SET utf8mb4 COLLATE utf8mb4_general_ci NULL COMMENT '路由参数',
  `RouteQuery` text CHARACTER SET utf8mb4 COLLATE utf8mb4_general_ci NULL COMMENT '路由参数',
  `Icon` varchar(20) CHARACTER SET utf8mb4 COLLATE utf8mb4_general_ci NOT NULL COMMENT '图标',
  `IconColor` varchar(10) CHARACTER SET utf8mb4 COLLATE utf8mb4_general_ci NULL DEFAULT NULL COMMENT '图标颜色',
  `Url` varchar(255) CHARACTER SET utf8mb4 COLLATE utf8mb4_general_ci NOT NULL COMMENT '链接',
  `Level` int(11) NOT NULL COMMENT '等级',
  `Show` bit(4) NOT NULL COMMENT '是否显示',
  `Sort` int(11) NOT NULL COMMENT '排序',
  `Target` smallint(6) NOT NULL DEFAULT 0 COMMENT '打开方式',
  `DialogWidth` varchar(20) CHARACTER SET utf8mb4 COLLATE utf8mb4_general_ci NULL DEFAULT NULL COMMENT '对话框宽度',
  `DialogHeight` varchar(20) CHARACTER SET utf8mb4 COLLATE utf8mb4_general_ci NULL DEFAULT NULL COMMENT '对话框高度',
  `DialogFullscreen` tinyint(4) NOT NULL COMMENT '对话框可全屏',
  `Remarks` varchar(255) CHARACTER SET utf8mb4 COLLATE utf8mb4_general_ci NULL DEFAULT NULL COMMENT '备注',
  `CreatedTime` datetime(0) NOT NULL DEFAULT CURRENT_TIMESTAMP(0) COMMENT '创建时间',
  `CreatedBy` char(36) CHARACTER SET utf8mb4 COLLATE utf8mb4_general_ci NOT NULL COMMENT '创建人',
  `ModifiedTime` datetime(0) NOT NULL DEFAULT CURRENT_TIMESTAMP(0) COMMENT '修改时间',
  `ModifiedBy` char(36) CHARACTER SET utf8mb4 COLLATE utf8mb4_general_ci NOT NULL COMMENT '修改人',
  PRIMARY KEY (`Id`) USING BTREE
) ENGINE = InnoDB CHARACTER SET = utf8mb4 COLLATE = utf8mb4_general_ci ROW_FORMAT = Dynamic;

-- ----------------------------
-- Records of menu
-- ----------------------------
INSERT INTO `menu` VALUES ('053A5A8B-AC94-9D44-AAD2-39EE9C64C92C', '', 0, '00000000-0000-0000-0000-000000000000', '人事档案', '', '', '', 'role', '', '', 0, b'0001', 0, -1, '', '', 1, '', '2019-06-25 00:00:50', '2E23D1D9-4A72-ACC2-F6FF-39ED21CB6A4A', '2019-06-27 17:25:36', '2E23D1D9-4A72-ACC2-F6FF-39ED21CB6A4A');
INSERT INTO `menu` VALUES ('083DCD58-25EE-7411-552D-39EE9E5B64FB', '', 0, '00000000-0000-0000-0000-000000000000', '基础数据', '', '', '', 'database', '', '', 0, b'0001', 1, -1, '', '', 1, '', '2019-06-25 09:09:49', '2E23D1D9-4A72-ACC2-F6FF-39ED21CB6A4A', '2019-06-27 17:25:36', '2E23D1D9-4A72-ACC2-F6FF-39ED21CB6A4A');
INSERT INTO `menu` VALUES ('0DB3AA56-DACA-56C2-0ED3-39EE9C677B88', 'PersonnelFiles', 1, '053A5A8B-AC94-9D44-AAD2-39EE9C64C92C', '部门管理', 'PersonnelFiles_Department', '', '', 'department', '', '', 1, b'0001', 0, 0, '', '', 1, '', '2019-06-25 00:03:47', '2E23D1D9-4A72-ACC2-F6FF-39ED21CB6A4A', '2019-06-25 00:08:06', '2E23D1D9-4A72-ACC2-F6FF-39ED21CB6A4A');
INSERT INTO `menu` VALUES ('15422EA5-2413-43C5-2A47-39EE9AE9B633', 'Admin', 1, 'EE04C57E-31D0-F28D-28B8-39EE9AE7265C', '审计日志', 'admin_auditinfo', '', '', 'log', '', '', 1, b'0001', 2, 0, '', '', 1, '', '2019-06-24 17:06:47', '2E23D1D9-4A72-ACC2-F6FF-39ED21CB6A4A', '2019-06-24 18:01:32', '2E23D1D9-4A72-ACC2-F6FF-39ED21CB6A4A');
INSERT INTO `menu` VALUES ('1609BAB0-F3E8-6E66-CC3C-39EE9AE860C6', 'Admin', 1, '2C18C915-225F-EE90-869A-39EE9AE6F7C7', '权限管理', 'admin_permission', '', '', 'lock', '', '', 1, b'0001', 0, 0, '', '', 1, '', '2019-06-24 17:05:20', '2E23D1D9-4A72-ACC2-F6FF-39ED21CB6A4A', '2019-06-24 17:05:20', '2E23D1D9-4A72-ACC2-F6FF-39ED21CB6A4A');
INSERT INTO `menu` VALUES ('1D774799-6C7D-5E79-442D-39EEAA6EDC95', 'CodeGenerator', 1, 'DA7E7265-6A97-D686-4361-39EEAA6E5629', '枚举管理', 'codegenerator_enum', '', '', 'tag', '', '', 2, b'0001', 0, 0, '', '', 1, '', '2019-06-27 17:26:32', '2E23D1D9-4A72-ACC2-F6FF-39ED21CB6A4A', '2019-06-27 17:26:32', '2E23D1D9-4A72-ACC2-F6FF-39ED21CB6A4A');
INSERT INTO `menu` VALUES ('1E778FFC-D278-BDE0-DB5F-39EE9C68165A', 'PersonnelFiles', 1, '053A5A8B-AC94-9D44-AAD2-39EE9C64C92C', '岗位管理', 'PersonnelFiles_Position', '', '', 'post', '', '', 1, b'0001', 2, 0, '', '', 1, '', '2019-06-25 00:04:27', '2E23D1D9-4A72-ACC2-F6FF-39ED21CB6A4A', '2019-06-25 00:08:13', '2E23D1D9-4A72-ACC2-F6FF-39ED21CB6A4A');
INSERT INTO `menu` VALUES ('2C18C915-225F-EE90-869A-39EE9AE6F7C7', '', 0, '00000000-0000-0000-0000-000000000000', '权限管理', '', '', '', 'verifycode', '', '', 0, b'0001', 2, -1, '', '', 1, '', '2019-06-24 17:03:48', '2E23D1D9-4A72-ACC2-F6FF-39ED21CB6A4A', '2019-06-27 17:25:36', '2E23D1D9-4A72-ACC2-F6FF-39ED21CB6A4A');
INSERT INTO `menu` VALUES ('36AD6B42-B22D-7C3C-8CA7-39EE9E5CD8C5', 'Common', 1, '083DCD58-25EE-7411-552D-39EE9E5B64FB', '区划代码列表', 'Common_Area', '', '', 'entity', '', '', 1, b'0001', 0, 0, '', '', 1, '', '2019-06-25 09:11:25', '2E23D1D9-4A72-ACC2-F6FF-39ED21CB6A4A', '2019-06-25 09:11:25', '2E23D1D9-4A72-ACC2-F6FF-39ED21CB6A4A');
INSERT INTO `menu` VALUES ('3F08B280-7A45-7FB1-BA39-39EE9AE99473', 'Admin', 1, 'EE04C57E-31D0-F28D-28B8-39EE9AE7265C', '系统配置', 'admin_system_config', '', '', 'system', '', '', 1, b'0001', 0, 0, '', '', 1, '', '2019-06-24 17:06:39', '2E23D1D9-4A72-ACC2-F6FF-39ED21CB6A4A', '2019-06-24 18:01:32', '2E23D1D9-4A72-ACC2-F6FF-39ED21CB6A4A');
INSERT INTO `menu` VALUES ('4AC9EF98-AFF8-7E8E-E149-39EE9AE809EB', 'Admin', 1, '2C18C915-225F-EE90-869A-39EE9AE6F7C7', '模块管理', 'admin_moduleinfo', '', '', 'app', '', '', 1, b'0001', 0, 0, '', '', 1, '', '2019-06-24 17:04:58', '2E23D1D9-4A72-ACC2-F6FF-39ED21CB6A4A', '2019-06-24 17:04:58', '2E23D1D9-4A72-ACC2-F6FF-39ED21CB6A4A');
INSERT INTO `menu` VALUES ('60448ED5-FA3B-EB88-A61A-39EEAA6DEB31', '', 0, '00000000-0000-0000-0000-000000000000', '开发工具', '', '', '', 'develop', '', '', 0, b'0001', 4, -1, '', '', 1, '', '2019-06-27 17:25:30', '2E23D1D9-4A72-ACC2-F6FF-39ED21CB6A4A', '2019-06-27 17:25:36', '2E23D1D9-4A72-ACC2-F6FF-39ED21CB6A4A');
INSERT INTO `menu` VALUES ('6F3FEC3B-3DFE-1834-5C31-39EEAA6EA6C1', 'CodeGenerator', 1, 'DA7E7265-6A97-D686-4361-39EEAA6E5629', '项目管理', 'codegenerator_project', '', '', 'project', '', '', 2, b'0001', 0, 0, '', '', 1, '', '2019-06-27 17:26:18', '2E23D1D9-4A72-ACC2-F6FF-39ED21CB6A4A', '2019-06-27 17:26:40', '2E23D1D9-4A72-ACC2-F6FF-39ED21CB6A4A');
INSERT INTO `menu` VALUES ('6FB818B9-C021-62A1-CD39-39EE9E5D1A7C', 'Common', 1, '083DCD58-25EE-7411-552D-39EE9E5B64FB', '附件管理', 'Common_Attachment', '', '', 'attachment', '', '', 1, b'0001', 0, 0, '', '', 1, '', '2019-06-25 09:11:41', '2E23D1D9-4A72-ACC2-F6FF-39ED21CB6A4A', '2019-06-25 09:11:41', '2E23D1D9-4A72-ACC2-F6FF-39ED21CB6A4A');
INSERT INTO `menu` VALUES ('7C354368-9616-D664-F4F0-39EE9AE8CAB2', 'Admin', 1, '2C18C915-225F-EE90-869A-39EE9AE6F7C7', '账户管理', 'admin_account', '', '', 'user', '', '', 1, b'0001', 0, 0, '', '', 1, '', '2019-06-24 17:05:47', '2E23D1D9-4A72-ACC2-F6FF-39ED21CB6A4A', '2019-06-24 17:05:47', '2E23D1D9-4A72-ACC2-F6FF-39ED21CB6A4A');
INSERT INTO `menu` VALUES ('817EC04D-D9BC-BA30-AD63-39EE9AE9092F', 'Admin', 1, '2C18C915-225F-EE90-869A-39EE9AE6F7C7', '菜单管理', 'admin_menu', '', '', 'menu', '', '', 1, b'0001', 0, 0, '', '', 1, '', '2019-06-24 17:06:03', '2E23D1D9-4A72-ACC2-F6FF-39ED21CB6A4A', '2019-06-24 17:06:03', '2E23D1D9-4A72-ACC2-F6FF-39ED21CB6A4A');
INSERT INTO `menu` VALUES ('DA7E7265-6A97-D686-4361-39EEAA6E5629', '', 0, '60448ED5-FA3B-EB88-A61A-39EEAA6DEB31', '代码生成器', '', '', '', 'develop', '', '', 1, b'0001', 0, -1, '', '', 1, '', '2019-06-27 17:25:57', '2E23D1D9-4A72-ACC2-F6FF-39ED21CB6A4A', '2019-06-27 17:25:57', '2E23D1D9-4A72-ACC2-F6FF-39ED21CB6A4A');
INSERT INTO `menu` VALUES ('E61AF72D-AB86-386A-A4BB-39EE9AE89A2F', 'Admin', 1, '2C18C915-225F-EE90-869A-39EE9AE6F7C7', '角色管理', 'admin_role', '', '', 'role', '', '', 1, b'0001', 0, 0, '', '', 1, '', '2019-06-24 17:05:35', '2E23D1D9-4A72-ACC2-F6FF-39ED21CB6A4A', '2019-06-24 17:05:35', '2E23D1D9-4A72-ACC2-F6FF-39ED21CB6A4A');
INSERT INTO `menu` VALUES ('ED573A8C-1409-D600-DD03-39EE9C6B3B51', 'PersonnelFiles', 1, '053A5A8B-AC94-9D44-AAD2-39EE9C64C92C', '用户管理', 'PersonnelFiles_User', '', '', 'user', '', '', 1, b'0001', 3, 0, '', '', 1, '', '2019-06-25 00:07:53', '2E23D1D9-4A72-ACC2-F6FF-39ED21CB6A4A', '2019-06-25 00:08:23', '2E23D1D9-4A72-ACC2-F6FF-39ED21CB6A4A');
INSERT INTO `menu` VALUES ('EE04C57E-31D0-F28D-28B8-39EE9AE7265C', '', 0, '00000000-0000-0000-0000-000000000000', '系统管理', '', '', '', 'system', '', '', 0, b'0001', 3, -1, '', '', 1, '', '2019-06-24 17:04:00', '2E23D1D9-4A72-ACC2-F6FF-39ED21CB6A4A', '2019-06-27 17:25:36', '2E23D1D9-4A72-ACC2-F6FF-39ED21CB6A4A');
INSERT INTO `menu` VALUES ('EF5DA896-41AF-BFBF-77F5-39EE9C6541BF', 'PersonnelFiles', 1, '053A5A8B-AC94-9D44-AAD2-39EE9C64C92C', '公司单位', 'PersonnelFiles_Company', '', '', 'enterprise', '', '', 1, b'0001', 0, 0, '', '', 1, '', '2019-06-25 00:01:21', '2E23D1D9-4A72-ACC2-F6FF-39ED21CB6A4A', '2019-06-25 00:04:02', '2E23D1D9-4A72-ACC2-F6FF-39ED21CB6A4A');
INSERT INTO `menu` VALUES ('F6265A81-4DF2-CA40-AA62-39EE9B057C37', 'Admin', 1, 'EE04C57E-31D0-F28D-28B8-39EE9AE7265C', '配置项管理', 'admin_config', '', '', 'max', '', '', 1, b'0001', 1, 0, '', '', 1, '', '2019-06-24 17:37:08', '2E23D1D9-4A72-ACC2-F6FF-39ED21CB6A4A', '2019-06-24 18:01:32', '2E23D1D9-4A72-ACC2-F6FF-39ED21CB6A4A');
INSERT INTO `menu` VALUES ('F98FFC20-C2AC-D2BE-8035-39EE9EEB706D', 'Common', 1, '083DCD58-25EE-7411-552D-39EE9E5B64FB', '多媒体管理', 'Common_MediaType', '', '', 'media', '', '', 1, b'0001', 2, 0, '', '', 1, '', '2019-06-25 11:47:10', '2E23D1D9-4A72-ACC2-F6FF-39ED21CB6A4A', '2019-06-25 11:47:10', '2E23D1D9-4A72-ACC2-F6FF-39ED21CB6A4A');

-- ----------------------------
-- Table structure for menu_permission
-- ----------------------------
DROP TABLE IF EXISTS `menu_permission`;
CREATE TABLE `menu_permission`  (
  `Id` int(11) NOT NULL AUTO_INCREMENT,
  `MenuId` char(36) CHARACTER SET utf8mb4 COLLATE utf8mb4_general_ci NOT NULL COMMENT '菜单编号',
  `PermissionId` char(36) CHARACTER SET utf8mb4 COLLATE utf8mb4_general_ci NOT NULL COMMENT '权限编号',
  PRIMARY KEY (`Id`) USING BTREE
) ENGINE = InnoDB CHARACTER SET = utf8mb4 COLLATE = utf8mb4_general_ci ROW_FORMAT = Dynamic;

-- ----------------------------
-- Records of menu_permission
-- ----------------------------
INSERT INTO `menu_permission` VALUES (1, '4AC9EF98-AFF8-7E8E-E149-39EE9AE809EB', '7A90A996-FD90-2A94-D7F1-39EE9AE61FEB');
INSERT INTO `menu_permission` VALUES (3, 'E61AF72D-AB86-386A-A4BB-39EE9AE89A2F', 'BC87CEA4-757F-ABC2-2972-39EE9AE62008');
INSERT INTO `menu_permission` VALUES (4, '7C354368-9616-D664-F4F0-39EE9AE8CAB2', '7ED7539C-7CE2-7F41-7321-39EE9AE61F10');
INSERT INTO `menu_permission` VALUES (5, '817EC04D-D9BC-BA30-AD63-39EE9AE9092F', 'CC4A0139-D106-015A-FC4A-39EE9AE61FBC');
INSERT INTO `menu_permission` VALUES (6, '817EC04D-D9BC-BA30-AD63-39EE9AE9092F', '9B913123-6538-E81F-C981-39EE9AE61FB9');
INSERT INTO `menu_permission` VALUES (7, '1609BAB0-F3E8-6E66-CC3C-39EE9AE860C6', '1BA69694-2DE6-B313-5819-39EE9AE61FFD');
INSERT INTO `menu_permission` VALUES (8, '1609BAB0-F3E8-6E66-CC3C-39EE9AE860C6', 'E2493747-FEFA-EECE-85AC-39EE9AE62033');
INSERT INTO `menu_permission` VALUES (9, '1609BAB0-F3E8-6E66-CC3C-39EE9AE860C6', '097055A0-1D96-9771-3561-39EE9AE62037');
INSERT INTO `menu_permission` VALUES (10, '15422EA5-2413-43C5-2A47-39EE9AE9B633', '72FFCD5E-6F05-CAF7-0AAC-39EE9AE61F72');
INSERT INTO `menu_permission` VALUES (11, '15422EA5-2413-43C5-2A47-39EE9AE9B633', '86589CC5-BB54-E755-B59D-39EE9AE61F87');
INSERT INTO `menu_permission` VALUES (14, 'F6265A81-4DF2-CA40-AA62-39EE9B057C37', '85191B13-6E2F-398B-0F66-39EE9B1B9DFE');
INSERT INTO `menu_permission` VALUES (15, 'EF5DA896-41AF-BFBF-77F5-39EE9C6541BF', '041F5602-2A92-B7C5-9533-39EE9C646898');
INSERT INTO `menu_permission` VALUES (19, '1E778FFC-D278-BDE0-DB5F-39EE9C68165A', '69FC6036-7F0A-FB17-C82F-39EE9C6468BD');
INSERT INTO `menu_permission` VALUES (20, 'ED573A8C-1409-D600-DD03-39EE9C6B3B51', 'A2E3C4B9-CCED-7B64-C5E5-39EE9C6468D9');
INSERT INTO `menu_permission` VALUES (21, '3F08B280-7A45-7FB1-BA39-39EE9AE99473', '3DD08E9B-DD39-7D78-7164-39EE9AE6202C');
INSERT INTO `menu_permission` VALUES (22, '3F08B280-7A45-7FB1-BA39-39EE9AE99473', 'D6CB6E7E-3400-9648-9EE9-39EE9AE6202E');
INSERT INTO `menu_permission` VALUES (23, '36AD6B42-B22D-7C3C-8CA7-39EE9E5CD8C5', '4E4F54CD-1E49-A369-0BD1-39EE9C646872');
INSERT INTO `menu_permission` VALUES (24, '36AD6B42-B22D-7C3C-8CA7-39EE9E5CD8C5', '10AFB897-AA62-E0D4-96B3-39EE9C646882');
INSERT INTO `menu_permission` VALUES (28, 'F98FFC20-C2AC-D2BE-8035-39EE9EEB706D', '2A3A7A14-B67C-07BA-275F-39EE9EE7F5B0');
INSERT INTO `menu_permission` VALUES (29, '6FB818B9-C021-62A1-CD39-39EE9E5D1A7C', '54F0AC5B-7B67-FCEE-F26F-39EE9C646884');
INSERT INTO `menu_permission` VALUES (30, '6FB818B9-C021-62A1-CD39-39EE9E5D1A7C', '51A9968E-69C3-E18E-A77E-39EE9C646887');
INSERT INTO `menu_permission` VALUES (31, '6FB818B9-C021-62A1-CD39-39EE9E5D1A7C', '66D3B1AA-6E4C-9C48-DA5E-39EE9EE5B4C2');
INSERT INTO `menu_permission` VALUES (32, '0DB3AA56-DACA-56C2-0ED3-39EE9C677B88', '01BBCA32-2A14-FB0B-8CC5-39EE9C6468AD');
INSERT INTO `menu_permission` VALUES (33, '0DB3AA56-DACA-56C2-0ED3-39EE9C677B88', '3409973D-B44F-973C-8C13-39EE9C6468AA');
INSERT INTO `menu_permission` VALUES (34, '0DB3AA56-DACA-56C2-0ED3-39EE9C677B88', '3C52373E-6CE0-C72F-88E6-39EE9C6468A7');
INSERT INTO `menu_permission` VALUES (35, '0DB3AA56-DACA-56C2-0ED3-39EE9C677B88', '1663A58E-B91B-189E-6FB4-39EEAA05F917');
INSERT INTO `menu_permission` VALUES (63, '1D774799-6C7D-5E79-442D-39EEAA6EDC95', '0FEE94E2-3592-43E8-731E-39EE9C6467DB');
INSERT INTO `menu_permission` VALUES (64, '1D774799-6C7D-5E79-442D-39EEAA6EDC95', '17412B93-E7EE-A5AB-0D47-39EE9C64680D');
INSERT INTO `menu_permission` VALUES (65, '1D774799-6C7D-5E79-442D-39EEAA6EDC95', '012ACD01-CD93-7298-7B2B-39EE9C64680A');
INSERT INTO `menu_permission` VALUES (66, '1D774799-6C7D-5E79-442D-39EEAA6EDC95', 'ECADA3F8-CF88-F8FC-4599-39EE9C646806');
INSERT INTO `menu_permission` VALUES (67, '1D774799-6C7D-5E79-442D-39EEAA6EDC95', '4A87783A-5F45-AAFF-9AAD-39EE9C646801');
INSERT INTO `menu_permission` VALUES (68, '1D774799-6C7D-5E79-442D-39EEAA6EDC95', '6A333B7F-76BC-D096-88E7-39EE9C6467FD');
INSERT INTO `menu_permission` VALUES (69, '1D774799-6C7D-5E79-442D-39EEAA6EDC95', 'C87A7F2A-68EB-A247-4E75-39EE9C6467FA');
INSERT INTO `menu_permission` VALUES (70, '1D774799-6C7D-5E79-442D-39EEAA6EDC95', 'C9B2436D-85DA-7ADA-3AF0-39EE9C6467F6');
INSERT INTO `menu_permission` VALUES (71, '6F3FEC3B-3DFE-1834-5C31-39EEAA6EA6C1', 'AB5EEA35-05B3-FAE3-5FB0-39EE9C64686D');
INSERT INTO `menu_permission` VALUES (72, '6F3FEC3B-3DFE-1834-5C31-39EEAA6EA6C1', 'F5D9E215-204A-E122-C1F5-39EE9C646868');
INSERT INTO `menu_permission` VALUES (73, '6F3FEC3B-3DFE-1834-5C31-39EEAA6EA6C1', 'D89C232D-9D91-2D54-0EFF-39EE9C646864');
INSERT INTO `menu_permission` VALUES (74, '6F3FEC3B-3DFE-1834-5C31-39EEAA6EA6C1', '13E21CBB-9ED6-1539-D0CF-39EE9C646860');
INSERT INTO `menu_permission` VALUES (75, '6F3FEC3B-3DFE-1834-5C31-39EEAA6EA6C1', 'F1F9D695-257B-92BD-41FC-39EE9C64685E');
INSERT INTO `menu_permission` VALUES (76, '6F3FEC3B-3DFE-1834-5C31-39EEAA6EA6C1', 'A34AE290-6EAD-A2C4-52A7-39EE9C64685A');
INSERT INTO `menu_permission` VALUES (77, '6F3FEC3B-3DFE-1834-5C31-39EEAA6EA6C1', 'D8F35ECC-AAB9-A871-410C-39EE9C646855');
INSERT INTO `menu_permission` VALUES (78, '6F3FEC3B-3DFE-1834-5C31-39EEAA6EA6C1', '7580714D-8F0C-A0CB-FE4C-39EE9C646851');
INSERT INTO `menu_permission` VALUES (79, '6F3FEC3B-3DFE-1834-5C31-39EEAA6EA6C1', '2990FC33-C4A4-1E48-B8B1-39EE9C64684F');
INSERT INTO `menu_permission` VALUES (80, '6F3FEC3B-3DFE-1834-5C31-39EEAA6EA6C1', 'DF7B9D19-0CD1-A53E-A3C4-39EE9C64684B');
INSERT INTO `menu_permission` VALUES (81, '6F3FEC3B-3DFE-1834-5C31-39EEAA6EA6C1', '1EDF18C5-401D-5336-99B6-39EE9C646831');
INSERT INTO `menu_permission` VALUES (82, '6F3FEC3B-3DFE-1834-5C31-39EEAA6EA6C1', '0AF255EA-A1FD-8C62-E605-39EE9C64682D');
INSERT INTO `menu_permission` VALUES (83, '6F3FEC3B-3DFE-1834-5C31-39EEAA6EA6C1', 'DD5F373A-C7D5-CEC9-0168-39EE9C64682A');
INSERT INTO `menu_permission` VALUES (84, '6F3FEC3B-3DFE-1834-5C31-39EEAA6EA6C1', 'E28936F7-41EA-6DC2-204B-39EE9C646826');
INSERT INTO `menu_permission` VALUES (85, '6F3FEC3B-3DFE-1834-5C31-39EEAA6EA6C1', '00F79302-24EF-7506-359F-39EE9C646823');
INSERT INTO `menu_permission` VALUES (86, '6F3FEC3B-3DFE-1834-5C31-39EEAA6EA6C1', 'C5CABA86-026E-B672-5323-39EE9C64681F');
INSERT INTO `menu_permission` VALUES (87, '6F3FEC3B-3DFE-1834-5C31-39EEAA6EA6C1', 'CBEA055B-D0D9-F13B-1E4F-39EE9C64681D');
INSERT INTO `menu_permission` VALUES (88, '6F3FEC3B-3DFE-1834-5C31-39EEAA6EA6C1', '46767E27-C85E-F92A-D813-39EE9C64681A');
INSERT INTO `menu_permission` VALUES (89, '6F3FEC3B-3DFE-1834-5C31-39EEAA6EA6C1', '5EBB88E3-75D0-D660-AB87-39EE9C646817');
INSERT INTO `menu_permission` VALUES (90, '6F3FEC3B-3DFE-1834-5C31-39EEAA6EA6C1', '953D637F-2A80-438E-DFA9-39EE9C646813');
INSERT INTO `menu_permission` VALUES (91, '6F3FEC3B-3DFE-1834-5C31-39EEAA6EA6C1', '1402747A-3F99-8025-175C-39EE9C646810');
INSERT INTO `menu_permission` VALUES (92, '6F3FEC3B-3DFE-1834-5C31-39EEAA6EA6C1', 'AC918D69-3F2E-587C-1417-39EE9C6467C2');
INSERT INTO `menu_permission` VALUES (93, '6F3FEC3B-3DFE-1834-5C31-39EEAA6EA6C1', '10E0264A-12A0-B491-700F-39EE9C6467CA');
INSERT INTO `menu_permission` VALUES (94, '6F3FEC3B-3DFE-1834-5C31-39EEAA6EA6C1', '736B775C-5522-3272-A023-39EE9C6467CE');
INSERT INTO `menu_permission` VALUES (95, '6F3FEC3B-3DFE-1834-5C31-39EEAA6EA6C1', '1EEEAD90-122F-3ED5-F79F-39EE9C6467D3');
INSERT INTO `menu_permission` VALUES (96, '6F3FEC3B-3DFE-1834-5C31-39EEAA6EA6C1', '047FDE4C-E7B6-60C2-410B-39EE9C6467D7');
INSERT INTO `menu_permission` VALUES (97, '6F3FEC3B-3DFE-1834-5C31-39EEAA6EA6C1', '2A9C1729-FCF8-2FF9-275B-39EE9C6467F3');

-- ----------------------------
-- Table structure for moduleinfo
-- ----------------------------
DROP TABLE IF EXISTS `moduleinfo`;
CREATE TABLE `moduleinfo`  (
  `Id` char(36) CHARACTER SET utf8mb4 COLLATE utf8mb4_general_ci NOT NULL,
  `Name` varchar(50) CHARACTER SET utf8mb4 COLLATE utf8mb4_general_ci NOT NULL COMMENT '名称',
  `Code` varchar(50) CHARACTER SET utf8mb4 COLLATE utf8mb4_general_ci NOT NULL COMMENT '编码',
  `Version` varchar(50) CHARACTER SET utf8mb4 COLLATE utf8mb4_general_ci NOT NULL COMMENT '版本号',
  `Remarks` varchar(200) CHARACTER SET utf8mb4 COLLATE utf8mb4_general_ci NULL DEFAULT NULL COMMENT '备注',
  `CreatedTime` datetime(0) NOT NULL DEFAULT CURRENT_TIMESTAMP(0) COMMENT '创建时间',
  `CreatedBy` char(36) CHARACTER SET utf8mb4 COLLATE utf8mb4_general_ci NOT NULL COMMENT '创建人',
  `ModifiedTime` datetime(0) NOT NULL DEFAULT CURRENT_TIMESTAMP(0) COMMENT '修改时间',
  `ModifiedBy` char(36) CHARACTER SET utf8mb4 COLLATE utf8mb4_general_ci NOT NULL COMMENT '修改人',
  PRIMARY KEY (`Id`) USING BTREE
) ENGINE = InnoDB CHARACTER SET = utf8mb4 COLLATE = utf8mb4_general_ci ROW_FORMAT = Dynamic;

-- ----------------------------
-- Records of moduleinfo
-- ----------------------------
INSERT INTO `moduleinfo` VALUES ('3B9B53E7-0CC5-0783-EABE-39EE9AE60DF4', '权限管理', 'Admin', '1.0.5', '', '2019-06-24 17:02:48', '2E23D1D9-4A72-ACC2-F6FF-39ED21CB6A4A', '2019-06-27 17:24:45', '2E23D1D9-4A72-ACC2-F6FF-39ED21CB6A4A');
INSERT INTO `moduleinfo` VALUES ('5038A392-1A28-3194-E808-39EE9C63DB60', '人事档案', 'PersonnelFiles', '1.0.1', '', '2019-06-24 23:59:50', '2E23D1D9-4A72-ACC2-F6FF-39ED21CB6A4A', '2019-06-27 17:24:45', '2E23D1D9-4A72-ACC2-F6FF-39ED21CB6A4A');
INSERT INTO `moduleinfo` VALUES ('5D2E02FB-F8AF-6013-58B5-39EE9C63DB58', '代码生成', 'CodeGenerator', '1.0.2', '', '2019-06-24 23:59:50', '2E23D1D9-4A72-ACC2-F6FF-39ED21CB6A4A', '2019-06-27 17:24:45', '2E23D1D9-4A72-ACC2-F6FF-39ED21CB6A4A');
INSERT INTO `moduleinfo` VALUES ('9F83548C-9B25-4365-1B15-39EE9C63DB5E', '通用模块', 'Common', '1.0.1', '', '2019-06-24 23:59:50', '2E23D1D9-4A72-ACC2-F6FF-39ED21CB6A4A', '2019-06-27 17:24:45', '2E23D1D9-4A72-ACC2-F6FF-39ED21CB6A4A');

-- ----------------------------
-- Table structure for permission
-- ----------------------------
DROP TABLE IF EXISTS `permission`;
CREATE TABLE `permission`  (
  `Id` char(36) CHARACTER SET utf8mb4 COLLATE utf8mb4_general_ci NOT NULL,
  `Name` varchar(255) CHARACTER SET utf8mb4 COLLATE utf8mb4_general_ci NOT NULL COMMENT '名称',
  `ModuleCode` varchar(50) CHARACTER SET utf8mb4 COLLATE utf8mb4_general_ci NOT NULL COMMENT '模块编码',
  `Controller` varchar(50) CHARACTER SET utf8mb4 COLLATE utf8mb4_general_ci NOT NULL COMMENT '控制器',
  `Action` varchar(50) CHARACTER SET utf8mb4 COLLATE utf8mb4_general_ci NOT NULL COMMENT '动作',
  `HttpMethod` smallint(6) NULL DEFAULT NULL COMMENT '请求方法',
  `CreatedTime` datetime(0) NOT NULL DEFAULT CURRENT_TIMESTAMP(0) COMMENT '创建时间',
  `CreatedBy` char(36) CHARACTER SET utf8mb4 COLLATE utf8mb4_general_ci NOT NULL COMMENT '创建人',
  `ModifiedTime` datetime(0) NOT NULL DEFAULT CURRENT_TIMESTAMP(0) COMMENT '修改时间',
  `ModifiedBy` char(36) CHARACTER SET utf8mb4 COLLATE utf8mb4_general_ci NOT NULL COMMENT '修改人',
  PRIMARY KEY (`Id`) USING BTREE
) ENGINE = InnoDB CHARACTER SET = utf8mb4 COLLATE = utf8mb4_general_ci ROW_FORMAT = Dynamic;

-- ----------------------------
-- Records of permission
-- ----------------------------
INSERT INTO `permission` VALUES ('00F79302-24EF-7506-359F-39EE9C646823', '模型属性管理_更新排序信息', 'codegenerator', 'ModelProperty', 'Sort', 3, '2019-06-25 00:00:25', '2E23D1D9-4A72-ACC2-F6FF-39ED21CB6A4A', '2019-06-27 17:24:56', '2E23D1D9-4A72-ACC2-F6FF-39ED21CB6A4A');
INSERT INTO `permission` VALUES ('012ACD01-CD93-7298-7B2B-39EE9C64680A', '枚举项管理_更新排序信息', 'codegenerator', 'EnumItem', 'Sort', 1, '2019-06-25 00:00:25', '2E23D1D9-4A72-ACC2-F6FF-39ED21CB6A4A', '2019-06-27 17:24:56', '2E23D1D9-4A72-ACC2-F6FF-39ED21CB6A4A');
INSERT INTO `permission` VALUES ('01BBCA32-2A14-FB0B-8CC5-39EE9C6468AD', '部门管理_查询', 'PersonnelFiles', 'Department', 'Query', 1, '2019-06-25 00:00:25', '2E23D1D9-4A72-ACC2-F6FF-39ED21CB6A4A', '2019-06-27 17:24:57', '2E23D1D9-4A72-ACC2-F6FF-39ED21CB6A4A');
INSERT INTO `permission` VALUES ('01E1E5AA-FE24-080D-7414-39EE9AE61FD9', '菜单管理_获取菜单的权限列表', 'Admin', 'Menu', 'PermissionList', 1, '2019-06-24 17:02:52', '2E23D1D9-4A72-ACC2-F6FF-39ED21CB6A4A', '2019-06-27 17:24:56', '2E23D1D9-4A72-ACC2-F6FF-39ED21CB6A4A');
INSERT INTO `permission` VALUES ('035535FB-1AB1-0F28-203D-39EE9C646875', '区划代码管理_添加', 'common', 'Area', 'Add', 3, '2019-06-25 00:00:25', '2E23D1D9-4A72-ACC2-F6FF-39ED21CB6A4A', '2019-06-27 17:24:56', '2E23D1D9-4A72-ACC2-F6FF-39ED21CB6A4A');
INSERT INTO `permission` VALUES ('03F4D737-5B05-20DE-B31E-39EE9AE6200F', '角色管理_删除', 'Admin', 'Role', 'Delete', 4, '2019-06-24 17:02:52', '2E23D1D9-4A72-ACC2-F6FF-39ED21CB6A4A', '2019-06-27 17:24:56', '2E23D1D9-4A72-ACC2-F6FF-39ED21CB6A4A');
INSERT INTO `permission` VALUES ('041F5602-2A92-B7C5-9533-39EE9C646898', '公司单位管理_查询', 'PersonnelFiles', 'Company', 'Query', 1, '2019-06-25 00:00:25', '2E23D1D9-4A72-ACC2-F6FF-39ED21CB6A4A', '2019-06-27 17:24:57', '2E23D1D9-4A72-ACC2-F6FF-39ED21CB6A4A');
INSERT INTO `permission` VALUES ('047FDE4C-E7B6-60C2-410B-39EE9C6467D7', '实体管理_修改', 'codegenerator', 'Class', 'Update', 3, '2019-06-25 00:00:25', '2E23D1D9-4A72-ACC2-F6FF-39ED21CB6A4A', '2019-06-27 17:24:56', '2E23D1D9-4A72-ACC2-F6FF-39ED21CB6A4A');
INSERT INTO `permission` VALUES ('097055A0-1D96-9771-3561-39EE9AE62037', '系统_获取指定模块和Controller的Action下拉列表', 'Admin', 'System', 'AllAction', 1, '2019-06-24 17:02:52', '2E23D1D9-4A72-ACC2-F6FF-39ED21CB6A4A', '2019-06-27 17:24:56', '2E23D1D9-4A72-ACC2-F6FF-39ED21CB6A4A');
INSERT INTO `permission` VALUES ('0AF255EA-A1FD-8C62-E605-39EE9C64682D', '模型属性管理_从实体中导入属性', 'codegenerator', 'ModelProperty', 'ImportFromEntity', 3, '2019-06-25 00:00:25', '2E23D1D9-4A72-ACC2-F6FF-39ED21CB6A4A', '2019-06-27 17:24:56', '2E23D1D9-4A72-ACC2-F6FF-39ED21CB6A4A');
INSERT INTO `permission` VALUES ('0DEB82B8-1BE9-F094-3F38-39EE9AE61FC9', '菜单管理_删除', 'Admin', 'Menu', 'Delete', 4, '2019-06-24 17:02:52', '2E23D1D9-4A72-ACC2-F6FF-39ED21CB6A4A', '2019-06-27 17:24:56', '2E23D1D9-4A72-ACC2-F6FF-39ED21CB6A4A');
INSERT INTO `permission` VALUES ('0F1F50BE-53B4-B723-F881-39EE9C646895', '字典管理_修改', 'common', 'Dict', 'Update', 3, '2019-06-25 00:00:25', '2E23D1D9-4A72-ACC2-F6FF-39ED21CB6A4A', '2019-06-27 17:24:56', '2E23D1D9-4A72-ACC2-F6FF-39ED21CB6A4A');
INSERT INTO `permission` VALUES ('0FA8DC9C-602F-2586-3A64-39EE9AE61FE8', '菜单管理_更新排序信息', 'Admin', 'Menu', 'Sort', 3, '2019-06-24 17:02:52', '2E23D1D9-4A72-ACC2-F6FF-39ED21CB6A4A', '2019-06-27 17:24:56', '2E23D1D9-4A72-ACC2-F6FF-39ED21CB6A4A');
INSERT INTO `permission` VALUES ('0FEE94E2-3592-43E8-731E-39EE9C6467DB', '枚举管理_查询', 'codegenerator', 'Enum', 'Query', 1, '2019-06-25 00:00:25', '2E23D1D9-4A72-ACC2-F6FF-39ED21CB6A4A', '2019-06-27 17:24:56', '2E23D1D9-4A72-ACC2-F6FF-39ED21CB6A4A');
INSERT INTO `permission` VALUES ('10AFB897-AA62-E0D4-96B3-39EE9C646882', '区划代码管理_查询子节点', 'common', 'Area', 'QueryChildren', 1, '2019-06-25 00:00:25', '2E23D1D9-4A72-ACC2-F6FF-39ED21CB6A4A', '2019-06-27 17:24:56', '2E23D1D9-4A72-ACC2-F6FF-39ED21CB6A4A');
INSERT INTO `permission` VALUES ('10E0264A-12A0-B491-700F-39EE9C6467CA', '实体管理_添加', 'codegenerator', 'Class', 'Add', 3, '2019-06-25 00:00:25', '2E23D1D9-4A72-ACC2-F6FF-39ED21CB6A4A', '2019-06-27 17:24:56', '2E23D1D9-4A72-ACC2-F6FF-39ED21CB6A4A');
INSERT INTO `permission` VALUES ('124C2840-CA01-501D-74CF-39EE9C6468F5', '用户教育经历管理_修改', 'PersonnelFiles', 'UserEducationHistory', 'Update', 3, '2019-06-25 00:00:25', '2E23D1D9-4A72-ACC2-F6FF-39ED21CB6A4A', '2019-06-27 17:24:57', '2E23D1D9-4A72-ACC2-F6FF-39ED21CB6A4A');
INSERT INTO `permission` VALUES ('12A90A6F-303B-62C5-C06C-39EEA019C7D6', '岗位管理_下拉列表', 'PersonnelFiles', 'Position', 'Select', 1, '2019-06-25 17:17:23', '2E23D1D9-4A72-ACC2-F6FF-39ED21CB6A4A', '2019-06-27 17:24:57', '2E23D1D9-4A72-ACC2-F6FF-39ED21CB6A4A');
INSERT INTO `permission` VALUES ('13E21CBB-9ED6-1539-D0CF-39EE9C646860', '实体属性管理_更新排序信息', 'codegenerator', 'Property', 'Sort', 3, '2019-06-25 00:00:25', '2E23D1D9-4A72-ACC2-F6FF-39ED21CB6A4A', '2019-06-27 17:24:56', '2E23D1D9-4A72-ACC2-F6FF-39ED21CB6A4A');
INSERT INTO `permission` VALUES ('1402747A-3F99-8025-175C-39EE9C646810', '模型属性管理_查询', 'codegenerator', 'ModelProperty', 'Query', 1, '2019-06-25 00:00:25', '2E23D1D9-4A72-ACC2-F6FF-39ED21CB6A4A', '2019-06-27 17:24:56', '2E23D1D9-4A72-ACC2-F6FF-39ED21CB6A4A');
INSERT INTO `permission` VALUES ('1663A58E-B91B-189E-6FB4-39EEAA05F917', '用户信息管理_联系信息详情', 'PersonnelFiles', 'User', 'ContactDetails', 1, '2019-06-27 15:31:57', '2E23D1D9-4A72-ACC2-F6FF-39ED21CB6A4A', '2019-06-27 17:24:57', '2E23D1D9-4A72-ACC2-F6FF-39ED21CB6A4A');
INSERT INTO `permission` VALUES ('17412B93-E7EE-A5AB-0D47-39EE9C64680D', '枚举项管理_更新排序信息', 'codegenerator', 'EnumItem', 'Sort', 3, '2019-06-25 00:00:25', '2E23D1D9-4A72-ACC2-F6FF-39ED21CB6A4A', '2019-06-27 17:24:56', '2E23D1D9-4A72-ACC2-F6FF-39ED21CB6A4A');
INSERT INTO `permission` VALUES ('18E00604-05B3-5528-7814-39EE9AE61F35', '账户管理_编辑', 'Admin', 'Account', 'Edit', 1, '2019-06-24 17:02:52', '2E23D1D9-4A72-ACC2-F6FF-39ED21CB6A4A', '2019-06-27 17:24:56', '2E23D1D9-4A72-ACC2-F6FF-39ED21CB6A4A');
INSERT INTO `permission` VALUES ('1BA69694-2DE6-B313-5819-39EE9AE61FFD', '权限接口_查询', 'Admin', 'Permission', 'Query', 1, '2019-06-24 17:02:52', '2E23D1D9-4A72-ACC2-F6FF-39ED21CB6A4A', '2019-06-27 17:24:56', '2E23D1D9-4A72-ACC2-F6FF-39ED21CB6A4A');
INSERT INTO `permission` VALUES ('1C373F6B-426E-BD8C-AD5D-39EE9AE62016', '角色管理_修改', 'Admin', 'Role', 'Update', 3, '2019-06-24 17:02:52', '2E23D1D9-4A72-ACC2-F6FF-39ED21CB6A4A', '2019-06-27 17:24:56', '2E23D1D9-4A72-ACC2-F6FF-39ED21CB6A4A');
INSERT INTO `permission` VALUES ('1CBCFCE6-18E4-A567-2E20-39EE9C6468B1', '部门管理_添加', 'PersonnelFiles', 'Department', 'Add', 3, '2019-06-25 00:00:25', '2E23D1D9-4A72-ACC2-F6FF-39ED21CB6A4A', '2019-06-27 17:24:57', '2E23D1D9-4A72-ACC2-F6FF-39ED21CB6A4A');
INSERT INTO `permission` VALUES ('1EBB4AA8-97B9-D67E-EB01-39EE9C64688D', '字典管理_添加', 'common', 'Dict', 'Add', 3, '2019-06-25 00:00:25', '2E23D1D9-4A72-ACC2-F6FF-39ED21CB6A4A', '2019-06-27 17:24:56', '2E23D1D9-4A72-ACC2-F6FF-39ED21CB6A4A');
INSERT INTO `permission` VALUES ('1EDF18C5-401D-5336-99B6-39EE9C646831', '项目管理_查询', 'codegenerator', 'Project', 'Query', 1, '2019-06-25 00:00:25', '2E23D1D9-4A72-ACC2-F6FF-39ED21CB6A4A', '2019-06-27 17:24:56', '2E23D1D9-4A72-ACC2-F6FF-39ED21CB6A4A');
INSERT INTO `permission` VALUES ('1EEEAD90-122F-3ED5-F79F-39EE9C6467D3', '实体管理_编辑', 'codegenerator', 'Class', 'Edit', 1, '2019-06-25 00:00:25', '2E23D1D9-4A72-ACC2-F6FF-39ED21CB6A4A', '2019-06-27 17:24:56', '2E23D1D9-4A72-ACC2-F6FF-39ED21CB6A4A');
INSERT INTO `permission` VALUES ('20A85D1B-658B-85D4-928B-39EE9C6468FB', '用户工作经历管理_添加', 'PersonnelFiles', 'UserWorkHistory', 'Add', 3, '2019-06-25 00:00:25', '2E23D1D9-4A72-ACC2-F6FF-39ED21CB6A4A', '2019-06-27 17:24:57', '2E23D1D9-4A72-ACC2-F6FF-39ED21CB6A4A');
INSERT INTO `permission` VALUES ('241FFE79-6E03-FFF4-36B9-39EE9AE61FB7', '按钮管理_绑定权限', 'Admin', 'Button', 'BindPermission', 3, '2019-06-24 17:02:52', '2E23D1D9-4A72-ACC2-F6FF-39ED21CB6A4A', '2019-06-27 17:24:56', '2E23D1D9-4A72-ACC2-F6FF-39ED21CB6A4A');
INSERT INTO `permission` VALUES ('253FC18B-F1CA-07C3-62E9-39EE9C6468B7', '部门管理_编辑', 'PersonnelFiles', 'Department', 'Edit', 1, '2019-06-25 00:00:25', '2E23D1D9-4A72-ACC2-F6FF-39ED21CB6A4A', '2019-06-27 17:24:57', '2E23D1D9-4A72-ACC2-F6FF-39ED21CB6A4A');
INSERT INTO `permission` VALUES ('2990FC33-C4A4-1E48-B8B1-39EE9C64684F', '实体属性管理_添加', 'codegenerator', 'Property', 'Add', 3, '2019-06-25 00:00:25', '2E23D1D9-4A72-ACC2-F6FF-39ED21CB6A4A', '2019-06-27 17:24:56', '2E23D1D9-4A72-ACC2-F6FF-39ED21CB6A4A');
INSERT INTO `permission` VALUES ('2A3A7A14-B67C-07BA-275F-39EE9EE7F5B0', '多媒体管理_查询', 'Common', 'MediaType', 'Query', 1, '2019-06-25 11:43:21', '2E23D1D9-4A72-ACC2-F6FF-39ED21CB6A4A', '2019-06-27 17:24:56', '2E23D1D9-4A72-ACC2-F6FF-39ED21CB6A4A');
INSERT INTO `permission` VALUES ('2A9C1729-FCF8-2FF9-275B-39EE9C6467F3', '枚举管理_下拉列表', 'codegenerator', 'Enum', 'Select', 1, '2019-06-25 00:00:25', '2E23D1D9-4A72-ACC2-F6FF-39ED21CB6A4A', '2019-06-27 17:24:56', '2E23D1D9-4A72-ACC2-F6FF-39ED21CB6A4A');
INSERT INTO `permission` VALUES ('2C0D4A51-3682-9F33-24BC-39EE9AE61FD0', '菜单管理_更新', 'Admin', 'Menu', 'Update', 3, '2019-06-24 17:02:52', '2E23D1D9-4A72-ACC2-F6FF-39ED21CB6A4A', '2019-06-27 17:24:56', '2E23D1D9-4A72-ACC2-F6FF-39ED21CB6A4A');
INSERT INTO `permission` VALUES ('2FAE6567-318F-F997-D5A4-39EE9AE62023', '角色管理_绑定菜单按钮', 'Admin', 'Role', 'BindMenuButton', 3, '2019-06-24 17:02:52', '2E23D1D9-4A72-ACC2-F6FF-39ED21CB6A4A', '2019-06-27 17:24:56', '2E23D1D9-4A72-ACC2-F6FF-39ED21CB6A4A');
INSERT INTO `permission` VALUES ('32F12761-FE00-3A26-96E0-39EE9C64683A', '项目管理_删除', 'codegenerator', 'Project', 'Delete', 4, '2019-06-25 00:00:25', '2E23D1D9-4A72-ACC2-F6FF-39ED21CB6A4A', '2019-06-27 17:24:56', '2E23D1D9-4A72-ACC2-F6FF-39ED21CB6A4A');
INSERT INTO `permission` VALUES ('3409973D-B44F-973C-8C13-39EE9C6468AA', '部门管理_部门树', 'PersonnelFiles', 'Department', 'Tree', 1, '2019-06-25 00:00:25', '2E23D1D9-4A72-ACC2-F6FF-39ED21CB6A4A', '2019-06-27 17:24:57', '2E23D1D9-4A72-ACC2-F6FF-39ED21CB6A4A');
INSERT INTO `permission` VALUES ('35B996FF-E11B-3B29-0879-39EE9C6468F0', '用户教育经历管理_删除', 'PersonnelFiles', 'UserEducationHistory', 'Delete', 4, '2019-06-25 00:00:25', '2E23D1D9-4A72-ACC2-F6FF-39ED21CB6A4A', '2019-06-27 17:24:57', '2E23D1D9-4A72-ACC2-F6FF-39ED21CB6A4A');
INSERT INTO `permission` VALUES ('364A24DE-7E01-E45E-1BF7-39EE9C6468B4', '部门管理_删除', 'PersonnelFiles', 'Department', 'Delete', 4, '2019-06-25 00:00:25', '2E23D1D9-4A72-ACC2-F6FF-39ED21CB6A4A', '2019-06-27 17:24:57', '2E23D1D9-4A72-ACC2-F6FF-39ED21CB6A4A');
INSERT INTO `permission` VALUES ('3774DF6C-E3E3-FBD7-4419-39EE9C6468EA', '用户教育经历管理_查询', 'PersonnelFiles', 'UserEducationHistory', 'Query', 1, '2019-06-25 00:00:25', '2E23D1D9-4A72-ACC2-F6FF-39ED21CB6A4A', '2019-06-27 17:24:57', '2E23D1D9-4A72-ACC2-F6FF-39ED21CB6A4A');
INSERT INTO `permission` VALUES ('37920BD8-1DA5-72B6-0606-39EE9AE61FA1', '按钮管理_同步', 'Admin', 'Button', 'Sync', 3, '2019-06-24 17:02:52', '2E23D1D9-4A72-ACC2-F6FF-39ED21CB6A4A', '2019-06-27 17:24:56', '2E23D1D9-4A72-ACC2-F6FF-39ED21CB6A4A');
INSERT INTO `permission` VALUES ('388E4E69-EFEB-9ED6-A07E-39EE9C6467EE', '枚举管理_修改', 'codegenerator', 'Enum', 'Update', 3, '2019-06-25 00:00:25', '2E23D1D9-4A72-ACC2-F6FF-39ED21CB6A4A', '2019-06-27 17:24:56', '2E23D1D9-4A72-ACC2-F6FF-39ED21CB6A4A');
INSERT INTO `permission` VALUES ('38D02851-43E5-49EE-66A3-39EE9C6468C8', '岗位管理_修改', 'PersonnelFiles', 'Position', 'Update', 3, '2019-06-25 00:00:25', '2E23D1D9-4A72-ACC2-F6FF-39ED21CB6A4A', '2019-06-27 17:24:57', '2E23D1D9-4A72-ACC2-F6FF-39ED21CB6A4A');
INSERT INTO `permission` VALUES ('396871E3-A96D-3914-6F10-39EE9AE61FDE', '菜单管理_获取菜单的按钮列表', 'Admin', 'Menu', 'ButtonList', 1, '2019-06-24 17:02:52', '2E23D1D9-4A72-ACC2-F6FF-39ED21CB6A4A', '2019-06-27 17:24:56', '2E23D1D9-4A72-ACC2-F6FF-39ED21CB6A4A');
INSERT INTO `permission` VALUES ('3C52373E-6CE0-C72F-88E6-39EE9C6468A7', '公司单位管理_下拉列表', 'PersonnelFiles', 'Company', 'Select', 1, '2019-06-25 00:00:25', '2E23D1D9-4A72-ACC2-F6FF-39ED21CB6A4A', '2019-06-27 17:24:57', '2E23D1D9-4A72-ACC2-F6FF-39ED21CB6A4A');
INSERT INTO `permission` VALUES ('3DD08E9B-DD39-7D78-7164-39EE9AE6202C', '系统_修改系统配置', 'Admin', 'System', 'Config', 3, '2019-06-24 17:02:52', '2E23D1D9-4A72-ACC2-F6FF-39ED21CB6A4A', '2019-06-27 17:24:56', '2E23D1D9-4A72-ACC2-F6FF-39ED21CB6A4A');
INSERT INTO `permission` VALUES ('4087C180-CC5A-28C0-B2EA-39EE9C6468FE', '用户工作经历管理_删除', 'PersonnelFiles', 'UserWorkHistory', 'Delete', 4, '2019-06-25 00:00:25', '2E23D1D9-4A72-ACC2-F6FF-39ED21CB6A4A', '2019-06-27 17:24:57', '2E23D1D9-4A72-ACC2-F6FF-39ED21CB6A4A');
INSERT INTO `permission` VALUES ('426ABE5A-993C-37B9-B84B-39EE9C64689D', '公司单位管理_删除', 'PersonnelFiles', 'Company', 'Delete', 4, '2019-06-25 00:00:25', '2E23D1D9-4A72-ACC2-F6FF-39ED21CB6A4A', '2019-06-27 17:24:57', '2E23D1D9-4A72-ACC2-F6FF-39ED21CB6A4A');
INSERT INTO `permission` VALUES ('4358F6F8-5A70-5BE3-2F57-39EEA4C10786', '用户信息管理_修改联系信息', 'PersonnelFiles', 'User', 'UpdateContact', 3, '2019-06-26 14:58:32', '2E23D1D9-4A72-ACC2-F6FF-39ED21CB6A4A', '2019-06-27 17:24:57', '2E23D1D9-4A72-ACC2-F6FF-39ED21CB6A4A');
INSERT INTO `permission` VALUES ('46767E27-C85E-F92A-D813-39EE9C64681A', '模型属性管理_编辑', 'codegenerator', 'ModelProperty', 'Edit', 1, '2019-06-25 00:00:25', '2E23D1D9-4A72-ACC2-F6FF-39ED21CB6A4A', '2019-06-27 17:24:56', '2E23D1D9-4A72-ACC2-F6FF-39ED21CB6A4A');
INSERT INTO `permission` VALUES ('46F2B33F-1ED2-6F93-9AE8-39EE9AE61F00', '账户管理_绑定角色', 'Admin', 'Account', 'BindRole', 3, '2019-06-24 17:02:52', '2E23D1D9-4A72-ACC2-F6FF-39ED21CB6A4A', '2019-06-27 17:24:56', '2E23D1D9-4A72-ACC2-F6FF-39ED21CB6A4A');
INSERT INTO `permission` VALUES ('4A87783A-5F45-AAFF-9AAD-39EE9C646801', '枚举项管理_编辑', 'codegenerator', 'EnumItem', 'Edit', 1, '2019-06-25 00:00:25', '2E23D1D9-4A72-ACC2-F6FF-39ED21CB6A4A', '2019-06-27 17:24:56', '2E23D1D9-4A72-ACC2-F6FF-39ED21CB6A4A');
INSERT INTO `permission` VALUES ('4B277FA6-234E-1712-81AB-39EE9B1B9E0D', '配置项管理_编辑', 'Admin', 'Config', 'Edit', 1, '2019-06-24 18:01:18', '2E23D1D9-4A72-ACC2-F6FF-39ED21CB6A4A', '2019-06-27 17:24:56', '2E23D1D9-4A72-ACC2-F6FF-39ED21CB6A4A');
INSERT INTO `permission` VALUES ('4CDDFD97-7EB3-61BA-8518-39EE9C646892', '字典管理_编辑', 'common', 'Dict', 'Edit', 1, '2019-06-25 00:00:25', '2E23D1D9-4A72-ACC2-F6FF-39ED21CB6A4A', '2019-06-27 17:24:56', '2E23D1D9-4A72-ACC2-F6FF-39ED21CB6A4A');
INSERT INTO `permission` VALUES ('4E08E38F-560D-A3E7-16FF-39EE9C6468BF', '岗位管理_添加', 'PersonnelFiles', 'Position', 'Add', 3, '2019-06-25 00:00:25', '2E23D1D9-4A72-ACC2-F6FF-39ED21CB6A4A', '2019-06-27 17:24:57', '2E23D1D9-4A72-ACC2-F6FF-39ED21CB6A4A');
INSERT INTO `permission` VALUES ('4E4F54CD-1E49-A369-0BD1-39EE9C646872', '区划代码管理_查询', 'common', 'Area', 'Query', 1, '2019-06-25 00:00:25', '2E23D1D9-4A72-ACC2-F6FF-39ED21CB6A4A', '2019-06-27 17:24:56', '2E23D1D9-4A72-ACC2-F6FF-39ED21CB6A4A');
INSERT INTO `permission` VALUES ('4E77F7E2-C0D3-24FA-C8C3-39EE9EE7F5C8', '多媒体管理_添加', 'Common', 'MediaType', 'Add', 3, '2019-06-25 11:43:21', '2E23D1D9-4A72-ACC2-F6FF-39ED21CB6A4A', '2019-06-27 17:24:56', '2E23D1D9-4A72-ACC2-F6FF-39ED21CB6A4A');
INSERT INTO `permission` VALUES ('51A9968E-69C3-E18E-A77E-39EE9C646887', '附件表管理_上传', 'common', 'Attachment', 'Upload', 3, '2019-06-25 00:00:25', '2E23D1D9-4A72-ACC2-F6FF-39ED21CB6A4A', '2019-06-27 17:24:56', '2E23D1D9-4A72-ACC2-F6FF-39ED21CB6A4A');
INSERT INTO `permission` VALUES ('51AD8F78-EF0C-7D39-4C9C-39EE9C64687F', '区划代码管理_修改', 'common', 'Area', 'Update', 3, '2019-06-25 00:00:25', '2E23D1D9-4A72-ACC2-F6FF-39ED21CB6A4A', '2019-06-27 17:24:56', '2E23D1D9-4A72-ACC2-F6FF-39ED21CB6A4A');
INSERT INTO `permission` VALUES ('53125A49-2E4C-F1C6-9F46-39EE9F4C358B', '附件表管理_导出', 'Common', 'Attachment', 'Export', 1, '2019-06-25 13:32:51', '2E23D1D9-4A72-ACC2-F6FF-39ED21CB6A4A', '2019-06-27 17:24:56', '2E23D1D9-4A72-ACC2-F6FF-39ED21CB6A4A');
INSERT INTO `permission` VALUES ('54F0AC5B-7B67-FCEE-F26F-39EE9C646884', '附件表管理_查询', 'common', 'Attachment', 'Query', 1, '2019-06-25 00:00:25', '2E23D1D9-4A72-ACC2-F6FF-39ED21CB6A4A', '2019-06-27 17:24:56', '2E23D1D9-4A72-ACC2-F6FF-39ED21CB6A4A');
INSERT INTO `permission` VALUES ('56AADC17-4CEC-F31C-FCB5-39EE9AE61FAF', '按钮管理_获取按钮绑定的权限列表', 'Admin', 'Button', 'PermissionList', 1, '2019-06-24 17:02:52', '2E23D1D9-4A72-ACC2-F6FF-39ED21CB6A4A', '2019-06-27 17:24:56', '2E23D1D9-4A72-ACC2-F6FF-39ED21CB6A4A');
INSERT INTO `permission` VALUES ('598E7365-C065-5B18-73B5-39EE9C6468E4', '用户信息管理_修改', 'PersonnelFiles', 'User', 'Update', 3, '2019-06-25 00:00:25', '2E23D1D9-4A72-ACC2-F6FF-39ED21CB6A4A', '2019-06-27 17:24:57', '2E23D1D9-4A72-ACC2-F6FF-39ED21CB6A4A');
INSERT INTO `permission` VALUES ('5CB6FE4D-8EE8-082E-3509-39EE9AE61F59', '账户管理_删除', 'Admin', 'Account', 'Delete', 4, '2019-06-24 17:02:52', '2E23D1D9-4A72-ACC2-F6FF-39ED21CB6A4A', '2019-06-27 17:24:56', '2E23D1D9-4A72-ACC2-F6FF-39ED21CB6A4A');
INSERT INTO `permission` VALUES ('5E40862A-2A7D-10D8-19EA-39EE9C6468C5', '岗位管理_编辑', 'PersonnelFiles', 'Position', 'Edit', 1, '2019-06-25 00:00:25', '2E23D1D9-4A72-ACC2-F6FF-39ED21CB6A4A', '2019-06-27 17:24:57', '2E23D1D9-4A72-ACC2-F6FF-39ED21CB6A4A');
INSERT INTO `permission` VALUES ('5EBB88E3-75D0-D660-AB87-39EE9C646817', '模型属性管理_删除', 'codegenerator', 'ModelProperty', 'Delete', 4, '2019-06-25 00:00:25', '2E23D1D9-4A72-ACC2-F6FF-39ED21CB6A4A', '2019-06-27 17:24:56', '2E23D1D9-4A72-ACC2-F6FF-39ED21CB6A4A');
INSERT INTO `permission` VALUES ('5F9589DE-284A-70E7-B849-39EE9AE61FC6', '菜单管理_添加', 'Admin', 'Menu', 'Add', 3, '2019-06-24 17:02:52', '2E23D1D9-4A72-ACC2-F6FF-39ED21CB6A4A', '2019-06-27 17:24:56', '2E23D1D9-4A72-ACC2-F6FF-39ED21CB6A4A');
INSERT INTO `permission` VALUES ('61AA4621-BE22-1EBA-4862-39EE9AE61F26', '账户管理_添加', 'Admin', 'Account', 'Add', 3, '2019-06-24 17:02:52', '2E23D1D9-4A72-ACC2-F6FF-39ED21CB6A4A', '2019-06-27 17:24:56', '2E23D1D9-4A72-ACC2-F6FF-39ED21CB6A4A');
INSERT INTO `permission` VALUES ('63435627-CF7A-370C-CCDE-39EE9C6468E7', '用户信息管理_上传照片', 'PersonnelFiles', 'User', 'UploadPicture', 3, '2019-06-25 00:00:25', '2E23D1D9-4A72-ACC2-F6FF-39ED21CB6A4A', '2019-06-27 17:24:57', '2E23D1D9-4A72-ACC2-F6FF-39ED21CB6A4A');
INSERT INTO `permission` VALUES ('643E24FC-C85D-813C-834C-39EE9C6468F3', '用户教育经历管理_编辑', 'PersonnelFiles', 'UserEducationHistory', 'Edit', 1, '2019-06-25 00:00:25', '2E23D1D9-4A72-ACC2-F6FF-39ED21CB6A4A', '2019-06-27 17:24:57', '2E23D1D9-4A72-ACC2-F6FF-39ED21CB6A4A');
INSERT INTO `permission` VALUES ('647EEDF6-E35F-801C-9EEA-39EE9C6467E7', '枚举管理_删除', 'codegenerator', 'Enum', 'Delete', 4, '2019-06-25 00:00:25', '2E23D1D9-4A72-ACC2-F6FF-39ED21CB6A4A', '2019-06-27 17:24:56', '2E23D1D9-4A72-ACC2-F6FF-39ED21CB6A4A');
INSERT INTO `permission` VALUES ('662750D7-3547-32ED-BFA5-39EE9C646846', '项目管理_生成代码', 'codegenerator', 'Project', 'BuildCode', 3, '2019-06-25 00:00:25', '2E23D1D9-4A72-ACC2-F6FF-39ED21CB6A4A', '2019-06-27 17:24:56', '2E23D1D9-4A72-ACC2-F6FF-39ED21CB6A4A');
INSERT INTO `permission` VALUES ('66D3B1AA-6E4C-9C48-DA5E-39EE9EE5B4C2', '附件表管理_下载', 'Common', 'Attachment', 'Download', 1, '2019-06-25 11:40:53', '2E23D1D9-4A72-ACC2-F6FF-39ED21CB6A4A', '2019-06-27 17:24:56', '2E23D1D9-4A72-ACC2-F6FF-39ED21CB6A4A');
INSERT INTO `permission` VALUES ('66F283E4-6F96-940D-AAA8-39EE9EE7F5CE', '多媒体管理_编辑', 'Common', 'MediaType', 'Edit', 1, '2019-06-25 11:43:21', '2E23D1D9-4A72-ACC2-F6FF-39ED21CB6A4A', '2019-06-27 17:24:57', '2E23D1D9-4A72-ACC2-F6FF-39ED21CB6A4A');
INSERT INTO `permission` VALUES ('69C5FE7E-02CD-49F8-84D7-39EE9C64683D', '项目管理_编辑', 'codegenerator', 'Project', 'Edit', 1, '2019-06-25 00:00:25', '2E23D1D9-4A72-ACC2-F6FF-39ED21CB6A4A', '2019-06-27 17:24:56', '2E23D1D9-4A72-ACC2-F6FF-39ED21CB6A4A');
INSERT INTO `permission` VALUES ('69FC6036-7F0A-FB17-C82F-39EE9C6468BD', '岗位管理_查询', 'PersonnelFiles', 'Position', 'Query', 1, '2019-06-25 00:00:25', '2E23D1D9-4A72-ACC2-F6FF-39ED21CB6A4A', '2019-06-27 17:24:57', '2E23D1D9-4A72-ACC2-F6FF-39ED21CB6A4A');
INSERT INTO `permission` VALUES ('6A333B7F-76BC-D096-88E7-39EE9C6467FD', '枚举项管理_删除', 'codegenerator', 'EnumItem', 'Delete', 4, '2019-06-25 00:00:25', '2E23D1D9-4A72-ACC2-F6FF-39ED21CB6A4A', '2019-06-27 17:24:56', '2E23D1D9-4A72-ACC2-F6FF-39ED21CB6A4A');
INSERT INTO `permission` VALUES ('6A98FD5F-EE43-7442-47EC-39EE9AE62005', '权限接口_删除', 'Admin', 'Permission', 'Delete', 4, '2019-06-24 17:02:52', '2E23D1D9-4A72-ACC2-F6FF-39ED21CB6A4A', '2019-06-27 17:24:56', '2E23D1D9-4A72-ACC2-F6FF-39ED21CB6A4A');
INSERT INTO `permission` VALUES ('6B51F55C-4976-F67F-79C3-39EEA4C10780', '用户信息管理_编辑联系信息', 'PersonnelFiles', 'User', 'EditContact', 1, '2019-06-26 14:58:32', '2E23D1D9-4A72-ACC2-F6FF-39ED21CB6A4A', '2019-06-27 17:24:57', '2E23D1D9-4A72-ACC2-F6FF-39ED21CB6A4A');
INSERT INTO `permission` VALUES ('6BB748E1-1249-C11F-0F5E-39EE9EE7F5D6', '多媒体管理_修改', 'Common', 'MediaType', 'Update', 3, '2019-06-25 11:43:21', '2E23D1D9-4A72-ACC2-F6FF-39ED21CB6A4A', '2019-06-27 17:24:57', '2E23D1D9-4A72-ACC2-F6FF-39ED21CB6A4A');
INSERT INTO `permission` VALUES ('6CDADA85-5273-535C-5C95-39EE9AE61F66', '账户管理_重置密码', 'Admin', 'Account', 'ResetPassword', 3, '2019-06-24 17:02:52', '2E23D1D9-4A72-ACC2-F6FF-39ED21CB6A4A', '2019-06-27 17:24:56', '2E23D1D9-4A72-ACC2-F6FF-39ED21CB6A4A');
INSERT INTO `permission` VALUES ('6D1AF0EF-9348-4995-3F48-39EE9C6468CB', '用户联系信息管理_查询', 'PersonnelFiles', 'UserContact', 'Query', 1, '2019-06-25 00:00:25', '2E23D1D9-4A72-ACC2-F6FF-39ED21CB6A4A', '2019-06-25 17:17:24', '2E23D1D9-4A72-ACC2-F6FF-39ED21CB6A4A');
INSERT INTO `permission` VALUES ('6E3128B9-A907-9A46-05D2-39EE9C646904', '用户工作经历管理_修改', 'PersonnelFiles', 'UserWorkHistory', 'Update', 3, '2019-06-25 00:00:25', '2E23D1D9-4A72-ACC2-F6FF-39ED21CB6A4A', '2019-06-27 17:24:57', '2E23D1D9-4A72-ACC2-F6FF-39ED21CB6A4A');
INSERT INTO `permission` VALUES ('71440DDC-318B-8B2D-E56F-39EE9AE61FE6', '菜单管理_更新排序信息', 'Admin', 'Menu', 'Sort', 1, '2019-06-24 17:02:52', '2E23D1D9-4A72-ACC2-F6FF-39ED21CB6A4A', '2019-06-27 17:24:56', '2E23D1D9-4A72-ACC2-F6FF-39ED21CB6A4A');
INSERT INTO `permission` VALUES ('71DBD010-4C00-0E7F-0BDD-39EE9AE61F8F', '按钮管理_查询', 'Admin', 'Button', 'Query', 1, '2019-06-24 17:02:52', '2E23D1D9-4A72-ACC2-F6FF-39ED21CB6A4A', '2019-06-27 17:24:56', '2E23D1D9-4A72-ACC2-F6FF-39ED21CB6A4A');
INSERT INTO `permission` VALUES ('72F1A443-039F-84B9-DCDA-39EE9C6468A4', '公司单位管理_修改', 'PersonnelFiles', 'Company', 'Update', 3, '2019-06-25 00:00:25', '2E23D1D9-4A72-ACC2-F6FF-39ED21CB6A4A', '2019-06-27 17:24:57', '2E23D1D9-4A72-ACC2-F6FF-39ED21CB6A4A');
INSERT INTO `permission` VALUES ('72FFCD5E-6F05-CAF7-0AAC-39EE9AE61F72', '审计信息_查询', 'Admin', 'AuditInfo', 'Query', 1, '2019-06-24 17:02:52', '2E23D1D9-4A72-ACC2-F6FF-39ED21CB6A4A', '2019-06-27 17:24:56', '2E23D1D9-4A72-ACC2-F6FF-39ED21CB6A4A');
INSERT INTO `permission` VALUES ('736B775C-5522-3272-A023-39EE9C6467CE', '实体管理_删除', 'codegenerator', 'Class', 'Delete', 4, '2019-06-25 00:00:25', '2E23D1D9-4A72-ACC2-F6FF-39ED21CB6A4A', '2019-06-27 17:24:56', '2E23D1D9-4A72-ACC2-F6FF-39ED21CB6A4A');
INSERT INTO `permission` VALUES ('75194623-EA56-9A70-F315-39EE9C646879', '区划代码管理_删除', 'common', 'Area', 'Delete', 4, '2019-06-25 00:00:25', '2E23D1D9-4A72-ACC2-F6FF-39ED21CB6A4A', '2019-06-27 17:24:56', '2E23D1D9-4A72-ACC2-F6FF-39ED21CB6A4A');
INSERT INTO `permission` VALUES ('7580714D-8F0C-A0CB-FE4C-39EE9C646851', '实体属性管理_删除', 'codegenerator', 'Property', 'Delete', 4, '2019-06-25 00:00:25', '2E23D1D9-4A72-ACC2-F6FF-39ED21CB6A4A', '2019-06-27 17:24:56', '2E23D1D9-4A72-ACC2-F6FF-39ED21CB6A4A');
INSERT INTO `permission` VALUES ('763264AE-A1E3-D88F-06C2-39EE9C6468DC', '用户信息管理_添加', 'PersonnelFiles', 'User', 'Add', 3, '2019-06-25 00:00:25', '2E23D1D9-4A72-ACC2-F6FF-39ED21CB6A4A', '2019-06-27 17:24:57', '2E23D1D9-4A72-ACC2-F6FF-39ED21CB6A4A');
INSERT INTO `permission` VALUES ('791FF974-EDE2-5F0A-FDEE-39EE9AE62020', '角色管理_获取角色关联的菜单按钮列表', 'Admin', 'Role', 'MenuButtonList', 1, '2019-06-24 17:02:52', '2E23D1D9-4A72-ACC2-F6FF-39ED21CB6A4A', '2019-06-27 17:24:56', '2E23D1D9-4A72-ACC2-F6FF-39ED21CB6A4A');
INSERT INTO `permission` VALUES ('7A90A996-FD90-2A94-D7F1-39EE9AE61FEB', '模块信息_查询', 'Admin', 'ModuleInfo', 'Query', 1, '2019-06-24 17:02:52', '2E23D1D9-4A72-ACC2-F6FF-39ED21CB6A4A', '2019-06-27 17:24:56', '2E23D1D9-4A72-ACC2-F6FF-39ED21CB6A4A');
INSERT INTO `permission` VALUES ('7B84B5D2-4CDA-072D-421F-39EE9AE62029', '角色管理_下拉列表数据', 'Admin', 'Role', 'Select', 1, '2019-06-24 17:02:52', '2E23D1D9-4A72-ACC2-F6FF-39ED21CB6A4A', '2019-06-27 17:24:56', '2E23D1D9-4A72-ACC2-F6FF-39ED21CB6A4A');
INSERT INTO `permission` VALUES ('7D546C8A-92D8-9434-08B7-39EE9AE61FF0', '模块信息_同步模块数据', 'Admin', 'ModuleInfo', 'Sync', 3, '2019-06-24 17:02:52', '2E23D1D9-4A72-ACC2-F6FF-39ED21CB6A4A', '2019-06-27 17:24:56', '2E23D1D9-4A72-ACC2-F6FF-39ED21CB6A4A');
INSERT INTO `permission` VALUES ('7E351053-AAEF-151C-509C-39EE9C6468A0', '公司单位管理_编辑', 'PersonnelFiles', 'Company', 'Edit', 1, '2019-06-25 00:00:25', '2E23D1D9-4A72-ACC2-F6FF-39ED21CB6A4A', '2019-06-27 17:24:57', '2E23D1D9-4A72-ACC2-F6FF-39ED21CB6A4A');
INSERT INTO `permission` VALUES ('7ED7539C-7CE2-7F41-7321-39EE9AE61F10', '账户管理_查询', 'Admin', 'Account', 'Query', 1, '2019-06-24 17:02:52', '2E23D1D9-4A72-ACC2-F6FF-39ED21CB6A4A', '2019-06-27 17:24:56', '2E23D1D9-4A72-ACC2-F6FF-39ED21CB6A4A');
INSERT INTO `permission` VALUES ('7FE92105-0B44-87AB-1933-39EE9B1B9E07', '配置项管理_删除', 'Admin', 'Config', 'Delete', 4, '2019-06-24 18:01:18', '2E23D1D9-4A72-ACC2-F6FF-39ED21CB6A4A', '2019-06-27 17:24:56', '2E23D1D9-4A72-ACC2-F6FF-39ED21CB6A4A');
INSERT INTO `permission` VALUES ('82177E22-46A3-7B56-F227-39EE9AE61FDB', '菜单管理_绑定权限', 'Admin', 'Menu', 'BindPermission', 3, '2019-06-24 17:02:52', '2E23D1D9-4A72-ACC2-F6FF-39ED21CB6A4A', '2019-06-27 17:24:56', '2E23D1D9-4A72-ACC2-F6FF-39ED21CB6A4A');
INSERT INTO `permission` VALUES ('85191B13-6E2F-398B-0F66-39EE9B1B9DFE', '配置项管理_查询', 'Admin', 'Config', 'Query', 1, '2019-06-24 18:01:18', '2E23D1D9-4A72-ACC2-F6FF-39ED21CB6A4A', '2019-06-27 17:24:56', '2E23D1D9-4A72-ACC2-F6FF-39ED21CB6A4A');
INSERT INTO `permission` VALUES ('86589CC5-BB54-E755-B59D-39EE9AE61F87', '审计信息_详情', 'Admin', 'AuditInfo', 'Details', 1, '2019-06-24 17:02:52', '2E23D1D9-4A72-ACC2-F6FF-39ED21CB6A4A', '2019-06-27 17:24:56', '2E23D1D9-4A72-ACC2-F6FF-39ED21CB6A4A');
INSERT INTO `permission` VALUES ('86BCFC82-24AE-9DF5-DB9F-39EE9C6468CD', '用户联系信息管理_添加', 'PersonnelFiles', 'UserContact', 'Add', 3, '2019-06-25 00:00:25', '2E23D1D9-4A72-ACC2-F6FF-39ED21CB6A4A', '2019-06-25 17:17:24', '2E23D1D9-4A72-ACC2-F6FF-39ED21CB6A4A');
INSERT INTO `permission` VALUES ('86BD5941-2436-A138-81B4-39EE9C64688F', '字典管理_删除', 'common', 'Dict', 'Delete', 4, '2019-06-25 00:00:25', '2E23D1D9-4A72-ACC2-F6FF-39ED21CB6A4A', '2019-06-27 17:24:56', '2E23D1D9-4A72-ACC2-F6FF-39ED21CB6A4A');
INSERT INTO `permission` VALUES ('8A2D55FB-9A34-8B6D-FAB1-39EE9C646901', '用户工作经历管理_编辑', 'PersonnelFiles', 'UserWorkHistory', 'Edit', 1, '2019-06-25 00:00:25', '2E23D1D9-4A72-ACC2-F6FF-39ED21CB6A4A', '2019-06-27 17:24:57', '2E23D1D9-4A72-ACC2-F6FF-39ED21CB6A4A');
INSERT INTO `permission` VALUES ('8A5AE5B5-86DA-B277-CBFD-39EE9C6468D0', '用户联系信息管理_删除', 'PersonnelFiles', 'UserContact', 'Delete', 4, '2019-06-25 00:00:25', '2E23D1D9-4A72-ACC2-F6FF-39ED21CB6A4A', '2019-06-25 17:17:24', '2E23D1D9-4A72-ACC2-F6FF-39ED21CB6A4A');
INSERT INTO `permission` VALUES ('93E3A2C0-A06B-62A7-4DC1-39EE9AE6200A', '角色管理_添加', 'Admin', 'Role', 'Add', 3, '2019-06-24 17:02:52', '2E23D1D9-4A72-ACC2-F6FF-39ED21CB6A4A', '2019-06-27 17:24:56', '2E23D1D9-4A72-ACC2-F6FF-39ED21CB6A4A');
INSERT INTO `permission` VALUES ('953D637F-2A80-438E-DFA9-39EE9C646813', '模型属性管理_添加', 'codegenerator', 'ModelProperty', 'Add', 3, '2019-06-25 00:00:25', '2E23D1D9-4A72-ACC2-F6FF-39ED21CB6A4A', '2019-06-27 17:24:56', '2E23D1D9-4A72-ACC2-F6FF-39ED21CB6A4A');
INSERT INTO `permission` VALUES ('9695684F-DB58-562F-BDE4-39EE9C646835', '项目管理_添加', 'codegenerator', 'Project', 'Add', 3, '2019-06-25 00:00:25', '2E23D1D9-4A72-ACC2-F6FF-39ED21CB6A4A', '2019-06-27 17:24:56', '2E23D1D9-4A72-ACC2-F6FF-39ED21CB6A4A');
INSERT INTO `permission` VALUES ('9AF134ED-166F-C5E9-13F0-39EE9AE61FFA', '模块信息_下拉列表数据', 'Admin', 'ModuleInfo', 'Select', 1, '2019-06-24 17:02:52', '2E23D1D9-4A72-ACC2-F6FF-39ED21CB6A4A', '2019-06-27 17:24:56', '2E23D1D9-4A72-ACC2-F6FF-39ED21CB6A4A');
INSERT INTO `permission` VALUES ('9B913123-6538-E81F-C981-39EE9AE61FB9', '菜单管理_菜单树', 'Admin', 'Menu', 'Tree', 1, '2019-06-24 17:02:52', '2E23D1D9-4A72-ACC2-F6FF-39ED21CB6A4A', '2019-06-27 17:24:56', '2E23D1D9-4A72-ACC2-F6FF-39ED21CB6A4A');
INSERT INTO `permission` VALUES ('9C9B6210-DBC1-9393-4FA2-39EE9C6467DF', '枚举管理_添加', 'codegenerator', 'Enum', 'Add', 3, '2019-06-25 00:00:25', '2E23D1D9-4A72-ACC2-F6FF-39ED21CB6A4A', '2019-06-27 17:24:56', '2E23D1D9-4A72-ACC2-F6FF-39ED21CB6A4A');
INSERT INTO `permission` VALUES ('9F047CF9-D724-C53C-4C7A-39EE9C64688A', '字典管理_查询', 'common', 'Dict', 'Query', 1, '2019-06-25 00:00:25', '2E23D1D9-4A72-ACC2-F6FF-39ED21CB6A4A', '2019-06-27 17:24:56', '2E23D1D9-4A72-ACC2-F6FF-39ED21CB6A4A');
INSERT INTO `permission` VALUES ('A0F68FDA-66D7-EC76-EAD6-39EE9AE61FA7', '按钮管理_删除', 'Admin', 'Button', 'Delete', 4, '2019-06-24 17:02:52', '2E23D1D9-4A72-ACC2-F6FF-39ED21CB6A4A', '2019-06-27 17:24:56', '2E23D1D9-4A72-ACC2-F6FF-39ED21CB6A4A');
INSERT INTO `permission` VALUES ('A2E3C4B9-CCED-7B64-C5E5-39EE9C6468D9', '用户信息管理_查询', 'PersonnelFiles', 'User', 'Query', 1, '2019-06-25 00:00:25', '2E23D1D9-4A72-ACC2-F6FF-39ED21CB6A4A', '2019-06-27 17:24:57', '2E23D1D9-4A72-ACC2-F6FF-39ED21CB6A4A');
INSERT INTO `permission` VALUES ('A34AE290-6EAD-A2C4-52A7-39EE9C64685A', '实体属性管理_修改', 'codegenerator', 'Property', 'Update', 3, '2019-06-25 00:00:25', '2E23D1D9-4A72-ACC2-F6FF-39ED21CB6A4A', '2019-06-27 17:24:56', '2E23D1D9-4A72-ACC2-F6FF-39ED21CB6A4A');
INSERT INTO `permission` VALUES ('A877DAEF-8A68-DE86-76A9-39EE9C6468C2', '岗位管理_删除', 'PersonnelFiles', 'Position', 'Delete', 4, '2019-06-25 00:00:25', '2E23D1D9-4A72-ACC2-F6FF-39ED21CB6A4A', '2019-06-27 17:24:57', '2E23D1D9-4A72-ACC2-F6FF-39ED21CB6A4A');
INSERT INTO `permission` VALUES ('AB5EEA35-05B3-FAE3-5FB0-39EE9C64686D', '实体属性管理_获取下拉列表', 'codegenerator', 'Property', 'Select', 1, '2019-06-25 00:00:25', '2E23D1D9-4A72-ACC2-F6FF-39ED21CB6A4A', '2019-06-27 17:24:56', '2E23D1D9-4A72-ACC2-F6FF-39ED21CB6A4A');
INSERT INTO `permission` VALUES ('AC918D69-3F2E-587C-1417-39EE9C6467C2', '实体管理_查询', 'codegenerator', 'Class', 'Query', 1, '2019-06-25 00:00:25', '2E23D1D9-4A72-ACC2-F6FF-39ED21CB6A4A', '2019-06-27 17:24:56', '2E23D1D9-4A72-ACC2-F6FF-39ED21CB6A4A');
INSERT INTO `permission` VALUES ('B576AA79-0891-3390-6A0A-39EE9C6468F8', '用户工作经历管理_查询', 'PersonnelFiles', 'UserWorkHistory', 'Query', 1, '2019-06-25 00:00:25', '2E23D1D9-4A72-ACC2-F6FF-39ED21CB6A4A', '2019-06-27 17:24:57', '2E23D1D9-4A72-ACC2-F6FF-39ED21CB6A4A');
INSERT INTO `permission` VALUES ('B609B3BB-7210-7475-48DF-39EE9AE6201B', '角色管理_获取角色的关联菜单列表', 'Admin', 'Role', 'MenuList', 1, '2019-06-24 17:02:52', '2E23D1D9-4A72-ACC2-F6FF-39ED21CB6A4A', '2019-06-27 17:24:56', '2E23D1D9-4A72-ACC2-F6FF-39ED21CB6A4A');
INSERT INTO `permission` VALUES ('BC87CEA4-757F-ABC2-2972-39EE9AE62008', '角色管理_查询', 'Admin', 'Role', 'Query', 1, '2019-06-24 17:02:52', '2E23D1D9-4A72-ACC2-F6FF-39ED21CB6A4A', '2019-06-27 17:24:56', '2E23D1D9-4A72-ACC2-F6FF-39ED21CB6A4A');
INSERT INTO `permission` VALUES ('C20A1001-4677-4996-9B7D-39EE9C64687C', '区划代码管理_编辑', 'common', 'Area', 'Edit', 1, '2019-06-25 00:00:25', '2E23D1D9-4A72-ACC2-F6FF-39ED21CB6A4A', '2019-06-27 17:24:56', '2E23D1D9-4A72-ACC2-F6FF-39ED21CB6A4A');
INSERT INTO `permission` VALUES ('C2FE140D-267C-64D5-014B-39EE9AE62012', '角色管理_编辑', 'Admin', 'Role', 'Edit', 1, '2019-06-24 17:02:52', '2E23D1D9-4A72-ACC2-F6FF-39ED21CB6A4A', '2019-06-27 17:24:56', '2E23D1D9-4A72-ACC2-F6FF-39ED21CB6A4A');
INSERT INTO `permission` VALUES ('C526D04E-888D-CA3A-7CD7-39EE9AE61F4A', '账户管理_更新', 'Admin', 'Account', 'Update', 3, '2019-06-24 17:02:52', '2E23D1D9-4A72-ACC2-F6FF-39ED21CB6A4A', '2019-06-27 17:24:56', '2E23D1D9-4A72-ACC2-F6FF-39ED21CB6A4A');
INSERT INTO `permission` VALUES ('C5CABA86-026E-B672-5323-39EE9C64681F', '模型属性管理_更新排序信息', 'codegenerator', 'ModelProperty', 'Sort', 1, '2019-06-25 00:00:25', '2E23D1D9-4A72-ACC2-F6FF-39ED21CB6A4A', '2019-06-27 17:24:56', '2E23D1D9-4A72-ACC2-F6FF-39ED21CB6A4A');
INSERT INTO `permission` VALUES ('C87A7F2A-68EB-A247-4E75-39EE9C6467FA', '枚举项管理_添加', 'codegenerator', 'EnumItem', 'Add', 3, '2019-06-25 00:00:25', '2E23D1D9-4A72-ACC2-F6FF-39ED21CB6A4A', '2019-06-27 17:24:56', '2E23D1D9-4A72-ACC2-F6FF-39ED21CB6A4A');
INSERT INTO `permission` VALUES ('C9B2436D-85DA-7ADA-3AF0-39EE9C6467F6', '枚举项管理_查询', 'codegenerator', 'EnumItem', 'Query', 1, '2019-06-25 00:00:25', '2E23D1D9-4A72-ACC2-F6FF-39ED21CB6A4A', '2019-06-27 17:24:56', '2E23D1D9-4A72-ACC2-F6FF-39ED21CB6A4A');
INSERT INTO `permission` VALUES ('CBEA055B-D0D9-F13B-1E4F-39EE9C64681D', '模型属性管理_修改', 'codegenerator', 'ModelProperty', 'Update', 3, '2019-06-25 00:00:25', '2E23D1D9-4A72-ACC2-F6FF-39ED21CB6A4A', '2019-06-27 17:24:56', '2E23D1D9-4A72-ACC2-F6FF-39ED21CB6A4A');
INSERT INTO `permission` VALUES ('CC4A0139-D106-015A-FC4A-39EE9AE61FBC', '菜单管理_查询菜单列表', 'Admin', 'Menu', 'Query', 1, '2019-06-24 17:02:52', '2E23D1D9-4A72-ACC2-F6FF-39ED21CB6A4A', '2019-06-27 17:24:56', '2E23D1D9-4A72-ACC2-F6FF-39ED21CB6A4A');
INSERT INTO `permission` VALUES ('CF4FF635-B8BF-2A17-B3C4-39EE9C64689A', '公司单位管理_添加', 'PersonnelFiles', 'Company', 'Add', 3, '2019-06-25 00:00:25', '2E23D1D9-4A72-ACC2-F6FF-39ED21CB6A4A', '2019-06-27 17:24:57', '2E23D1D9-4A72-ACC2-F6FF-39ED21CB6A4A');
INSERT INTO `permission` VALUES ('CFAB3AEF-81EA-F78F-F032-39EE9C6468DF', '用户信息管理_删除', 'PersonnelFiles', 'User', 'Delete', 4, '2019-06-25 00:00:25', '2E23D1D9-4A72-ACC2-F6FF-39ED21CB6A4A', '2019-06-27 17:24:57', '2E23D1D9-4A72-ACC2-F6FF-39ED21CB6A4A');
INSERT INTO `permission` VALUES ('D5B76BE6-3B22-A1B0-7A13-39EE9C6468D3', '用户联系信息管理_编辑', 'PersonnelFiles', 'UserContact', 'Edit', 1, '2019-06-25 00:00:25', '2E23D1D9-4A72-ACC2-F6FF-39ED21CB6A4A', '2019-06-25 17:17:24', '2E23D1D9-4A72-ACC2-F6FF-39ED21CB6A4A');
INSERT INTO `permission` VALUES ('D627AFB0-4DEB-36D9-D3CB-39EE9B1B9E11', '配置项管理_修改', 'Admin', 'Config', 'Update', 3, '2019-06-24 18:01:18', '2E23D1D9-4A72-ACC2-F6FF-39ED21CB6A4A', '2019-06-27 17:24:56', '2E23D1D9-4A72-ACC2-F6FF-39ED21CB6A4A');
INSERT INTO `permission` VALUES ('D6CB6E7E-3400-9648-9EE9-39EE9AE6202E', '系统_上传Logo', 'Admin', 'System', 'UploadLogo', 3, '2019-06-24 17:02:52', '2E23D1D9-4A72-ACC2-F6FF-39ED21CB6A4A', '2019-06-27 17:24:56', '2E23D1D9-4A72-ACC2-F6FF-39ED21CB6A4A');
INSERT INTO `permission` VALUES ('D89C232D-9D91-2D54-0EFF-39EE9C646864', '实体属性管理_修改可空状态', 'codegenerator', 'Property', 'UpdateNullable', 3, '2019-06-25 00:00:25', '2E23D1D9-4A72-ACC2-F6FF-39ED21CB6A4A', '2019-06-27 17:24:56', '2E23D1D9-4A72-ACC2-F6FF-39ED21CB6A4A');
INSERT INTO `permission` VALUES ('D8F35ECC-AAB9-A871-410C-39EE9C646855', '实体属性管理_编辑', 'codegenerator', 'Property', 'Edit', 1, '2019-06-25 00:00:25', '2E23D1D9-4A72-ACC2-F6FF-39ED21CB6A4A', '2019-06-27 17:24:56', '2E23D1D9-4A72-ACC2-F6FF-39ED21CB6A4A');
INSERT INTO `permission` VALUES ('DD5F373A-C7D5-CEC9-0168-39EE9C64682A', '模型属性管理_获取下拉列表', 'codegenerator', 'ModelProperty', 'Select', 1, '2019-06-25 00:00:25', '2E23D1D9-4A72-ACC2-F6FF-39ED21CB6A4A', '2019-06-27 17:24:56', '2E23D1D9-4A72-ACC2-F6FF-39ED21CB6A4A');
INSERT INTO `permission` VALUES ('DDCFA7E6-847C-A64C-E8CB-39EE9B1B9E04', '配置项管理_添加', 'Admin', 'Config', 'Add', 3, '2019-06-24 18:01:18', '2E23D1D9-4A72-ACC2-F6FF-39ED21CB6A4A', '2019-06-27 17:24:56', '2E23D1D9-4A72-ACC2-F6FF-39ED21CB6A4A');
INSERT INTO `permission` VALUES ('DF7B9D19-0CD1-A53E-A3C4-39EE9C64684B', '实体属性管理_查询', 'codegenerator', 'Property', 'Query', 1, '2019-06-25 00:00:25', '2E23D1D9-4A72-ACC2-F6FF-39ED21CB6A4A', '2019-06-27 17:24:56', '2E23D1D9-4A72-ACC2-F6FF-39ED21CB6A4A');
INSERT INTO `permission` VALUES ('E2493747-FEFA-EECE-85AC-39EE9AE62033', '系统_获取指定模块的Controller下拉列表', 'Admin', 'System', 'AllController', 1, '2019-06-24 17:02:52', '2E23D1D9-4A72-ACC2-F6FF-39ED21CB6A4A', '2019-06-27 17:24:56', '2E23D1D9-4A72-ACC2-F6FF-39ED21CB6A4A');
INSERT INTO `permission` VALUES ('E28936F7-41EA-6DC2-204B-39EE9C646826', '模型属性管理_修改可空状态', 'codegenerator', 'ModelProperty', 'UpdateNullable', 3, '2019-06-25 00:00:25', '2E23D1D9-4A72-ACC2-F6FF-39ED21CB6A4A', '2019-06-27 17:24:56', '2E23D1D9-4A72-ACC2-F6FF-39ED21CB6A4A');
INSERT INTO `permission` VALUES ('E547D1DC-9D08-15E5-2C43-39EE9C6468E1', '用户信息管理_编辑', 'PersonnelFiles', 'User', 'Edit', 1, '2019-06-25 00:00:25', '2E23D1D9-4A72-ACC2-F6FF-39ED21CB6A4A', '2019-06-27 17:24:57', '2E23D1D9-4A72-ACC2-F6FF-39ED21CB6A4A');
INSERT INTO `permission` VALUES ('E67DF63A-C2A5-3E7A-ACAD-39EE9EE7F5CC', '多媒体管理_删除', 'Common', 'MediaType', 'Delete', 4, '2019-06-25 11:43:21', '2E23D1D9-4A72-ACC2-F6FF-39ED21CB6A4A', '2019-06-27 17:24:57', '2E23D1D9-4A72-ACC2-F6FF-39ED21CB6A4A');
INSERT INTO `permission` VALUES ('E77E24F6-F740-38DD-4F4D-39EE9AE6201D', '角色管理_绑定菜单', 'Admin', 'Role', 'BindMenu', 3, '2019-06-24 17:02:52', '2E23D1D9-4A72-ACC2-F6FF-39ED21CB6A4A', '2019-06-27 17:24:56', '2E23D1D9-4A72-ACC2-F6FF-39ED21CB6A4A');
INSERT INTO `permission` VALUES ('ECADA3F8-CF88-F8FC-4599-39EE9C646806', '枚举项管理_修改', 'codegenerator', 'EnumItem', 'Update', 3, '2019-06-25 00:00:25', '2E23D1D9-4A72-ACC2-F6FF-39ED21CB6A4A', '2019-06-27 17:24:56', '2E23D1D9-4A72-ACC2-F6FF-39ED21CB6A4A');
INSERT INTO `permission` VALUES ('EEEA1B88-0139-08AA-31C9-39EE9C6468ED', '用户教育经历管理_添加', 'PersonnelFiles', 'UserEducationHistory', 'Add', 3, '2019-06-25 00:00:25', '2E23D1D9-4A72-ACC2-F6FF-39ED21CB6A4A', '2019-06-27 17:24:57', '2E23D1D9-4A72-ACC2-F6FF-39ED21CB6A4A');
INSERT INTO `permission` VALUES ('F10266BA-3C20-2BEA-9CE4-39EE9C6468BA', '部门管理_修改', 'PersonnelFiles', 'Department', 'Update', 3, '2019-06-25 00:00:25', '2E23D1D9-4A72-ACC2-F6FF-39ED21CB6A4A', '2019-06-27 17:24:57', '2E23D1D9-4A72-ACC2-F6FF-39ED21CB6A4A');
INSERT INTO `permission` VALUES ('F1879F93-9C61-E7B3-9CE2-39EE9C6467EB', '枚举管理_编辑', 'codegenerator', 'Enum', 'Edit', 1, '2019-06-25 00:00:25', '2E23D1D9-4A72-ACC2-F6FF-39ED21CB6A4A', '2019-06-27 17:24:56', '2E23D1D9-4A72-ACC2-F6FF-39ED21CB6A4A');
INSERT INTO `permission` VALUES ('F1F9D695-257B-92BD-41FC-39EE9C64685E', '实体属性管理_更新排序信息', 'codegenerator', 'Property', 'Sort', 1, '2019-06-25 00:00:25', '2E23D1D9-4A72-ACC2-F6FF-39ED21CB6A4A', '2019-06-27 17:24:56', '2E23D1D9-4A72-ACC2-F6FF-39ED21CB6A4A');
INSERT INTO `permission` VALUES ('F5D9E215-204A-E122-C1F5-39EE9C646868', '实体属性管理_修改列表显示状态', 'codegenerator', 'Property', 'UpdateShowInList', 3, '2019-06-25 00:00:25', '2E23D1D9-4A72-ACC2-F6FF-39ED21CB6A4A', '2019-06-27 17:24:56', '2E23D1D9-4A72-ACC2-F6FF-39ED21CB6A4A');
INSERT INTO `permission` VALUES ('F6452132-8CF8-F62F-22B3-39EE9AE61FF3', '模块信息_删除', 'Admin', 'ModuleInfo', 'Delete', 4, '2019-06-24 17:02:52', '2E23D1D9-4A72-ACC2-F6FF-39ED21CB6A4A', '2019-06-27 17:24:56', '2E23D1D9-4A72-ACC2-F6FF-39ED21CB6A4A');
INSERT INTO `permission` VALUES ('F699A34B-D617-46C6-CF1E-39EE9C6468D6', '用户联系信息管理_修改', 'PersonnelFiles', 'UserContact', 'Update', 3, '2019-06-25 00:00:25', '2E23D1D9-4A72-ACC2-F6FF-39ED21CB6A4A', '2019-06-25 17:17:24', '2E23D1D9-4A72-ACC2-F6FF-39ED21CB6A4A');
INSERT INTO `permission` VALUES ('F771D046-D15C-253B-D4D4-39EE9C646841', '项目管理_修改', 'codegenerator', 'Project', 'Update', 3, '2019-06-25 00:00:25', '2E23D1D9-4A72-ACC2-F6FF-39ED21CB6A4A', '2019-06-27 17:24:56', '2E23D1D9-4A72-ACC2-F6FF-39ED21CB6A4A');
INSERT INTO `permission` VALUES ('F88CC4E9-A603-4992-4483-39EE9AE61FFF', '权限接口_同步', 'Admin', 'Permission', 'Sync', 3, '2019-06-24 17:02:52', '2E23D1D9-4A72-ACC2-F6FF-39ED21CB6A4A', '2019-06-27 17:24:56', '2E23D1D9-4A72-ACC2-F6FF-39ED21CB6A4A');
INSERT INTO `permission` VALUES ('FFFD4CFC-90C6-3F8D-8FFF-39EE9AE61FCC', '菜单管理_编辑', 'Admin', 'Menu', 'Edit', 1, '2019-06-24 17:02:52', '2E23D1D9-4A72-ACC2-F6FF-39ED21CB6A4A', '2019-06-27 17:24:56', '2E23D1D9-4A72-ACC2-F6FF-39ED21CB6A4A');

-- ----------------------------
-- Table structure for role
-- ----------------------------
DROP TABLE IF EXISTS `role`;
CREATE TABLE `role`  (
  `Id` char(36) CHARACTER SET utf8mb4 COLLATE utf8mb4_general_ci NOT NULL,
  `Name` varchar(50) CHARACTER SET utf8mb4 COLLATE utf8mb4_general_ci NOT NULL COMMENT '名称',
  `Remarks` varchar(255) CHARACTER SET utf8mb4 COLLATE utf8mb4_general_ci NULL DEFAULT NULL COMMENT '备注',
  `CreatedTime` datetime(0) NOT NULL COMMENT '创建时间',
  `CreatedBy` char(36) CHARACTER SET utf8mb4 COLLATE utf8mb4_general_ci NOT NULL COMMENT '创建人',
  `ModifiedTime` datetime(0) NOT NULL DEFAULT CURRENT_TIMESTAMP(0) COMMENT '修改时间',
  `ModifiedBy` char(36) CHARACTER SET utf8mb4 COLLATE utf8mb4_general_ci NOT NULL COMMENT '修改人',
  `Deleted` bit(4) NOT NULL COMMENT '已删除',
  `DeletedTime` datetime(0) NOT NULL DEFAULT CURRENT_TIMESTAMP(0) COMMENT '删除时间',
  `DeletedBy` char(36) CHARACTER SET utf8mb4 COLLATE utf8mb4_general_ci NULL DEFAULT NULL COMMENT '删除人',
  PRIMARY KEY (`Id`) USING BTREE
) ENGINE = InnoDB CHARACTER SET = utf8mb4 COLLATE = utf8mb4_general_ci ROW_FORMAT = Dynamic;

-- ----------------------------
-- Records of role
-- ----------------------------
INSERT INTO `role` VALUES ('1CB0D69C-6373-3B46-51B8-39ED21CB6A2D', '系统管理员', '超级管理员', '2019-04-12 11:36:52', '00000000-0000-0000-0000-000000000000', '2019-06-24 18:17:04', '2E23D1D9-4A72-ACC2-F6FF-39ED21CB6A4A', b'0000', '2019-04-12 11:36:52', '00000000-0000-0000-0000-000000000000');

-- ----------------------------
-- Table structure for role_menu
-- ----------------------------
DROP TABLE IF EXISTS `role_menu`;
CREATE TABLE `role_menu`  (
  `Id` int(11) NOT NULL AUTO_INCREMENT,
  `RoleId` char(36) CHARACTER SET utf8mb4 COLLATE utf8mb4_general_ci NOT NULL COMMENT '角色编号',
  `MenuId` char(36) CHARACTER SET utf8mb4 COLLATE utf8mb4_general_ci NOT NULL COMMENT '菜单编号',
  PRIMARY KEY (`Id`) USING BTREE
) ENGINE = InnoDB CHARACTER SET = utf8mb4 COLLATE = utf8mb4_general_ci ROW_FORMAT = Dynamic;

-- ----------------------------
-- Records of role_menu
-- ----------------------------
INSERT INTO `role_menu` VALUES (72, '1CB0D69C-6373-3B46-51B8-39ED21CB6A2D', '053A5A8B-AC94-9D44-AAD2-39EE9C64C92C');
INSERT INTO `role_menu` VALUES (73, '1CB0D69C-6373-3B46-51B8-39ED21CB6A2D', 'EF5DA896-41AF-BFBF-77F5-39EE9C6541BF');
INSERT INTO `role_menu` VALUES (74, '1CB0D69C-6373-3B46-51B8-39ED21CB6A2D', '0DB3AA56-DACA-56C2-0ED3-39EE9C677B88');
INSERT INTO `role_menu` VALUES (75, '1CB0D69C-6373-3B46-51B8-39ED21CB6A2D', '1E778FFC-D278-BDE0-DB5F-39EE9C68165A');
INSERT INTO `role_menu` VALUES (76, '1CB0D69C-6373-3B46-51B8-39ED21CB6A2D', 'ED573A8C-1409-D600-DD03-39EE9C6B3B51');
INSERT INTO `role_menu` VALUES (77, '1CB0D69C-6373-3B46-51B8-39ED21CB6A2D', '083DCD58-25EE-7411-552D-39EE9E5B64FB');
INSERT INTO `role_menu` VALUES (78, '1CB0D69C-6373-3B46-51B8-39ED21CB6A2D', '36AD6B42-B22D-7C3C-8CA7-39EE9E5CD8C5');
INSERT INTO `role_menu` VALUES (79, '1CB0D69C-6373-3B46-51B8-39ED21CB6A2D', '6FB818B9-C021-62A1-CD39-39EE9E5D1A7C');
INSERT INTO `role_menu` VALUES (80, '1CB0D69C-6373-3B46-51B8-39ED21CB6A2D', 'F98FFC20-C2AC-D2BE-8035-39EE9EEB706D');
INSERT INTO `role_menu` VALUES (81, '1CB0D69C-6373-3B46-51B8-39ED21CB6A2D', '2C18C915-225F-EE90-869A-39EE9AE6F7C7');
INSERT INTO `role_menu` VALUES (82, '1CB0D69C-6373-3B46-51B8-39ED21CB6A2D', '4AC9EF98-AFF8-7E8E-E149-39EE9AE809EB');
INSERT INTO `role_menu` VALUES (83, '1CB0D69C-6373-3B46-51B8-39ED21CB6A2D', '1609BAB0-F3E8-6E66-CC3C-39EE9AE860C6');
INSERT INTO `role_menu` VALUES (84, '1CB0D69C-6373-3B46-51B8-39ED21CB6A2D', 'E61AF72D-AB86-386A-A4BB-39EE9AE89A2F');
INSERT INTO `role_menu` VALUES (85, '1CB0D69C-6373-3B46-51B8-39ED21CB6A2D', '7C354368-9616-D664-F4F0-39EE9AE8CAB2');
INSERT INTO `role_menu` VALUES (86, '1CB0D69C-6373-3B46-51B8-39ED21CB6A2D', '817EC04D-D9BC-BA30-AD63-39EE9AE9092F');
INSERT INTO `role_menu` VALUES (87, '1CB0D69C-6373-3B46-51B8-39ED21CB6A2D', 'EE04C57E-31D0-F28D-28B8-39EE9AE7265C');
INSERT INTO `role_menu` VALUES (88, '1CB0D69C-6373-3B46-51B8-39ED21CB6A2D', '3F08B280-7A45-7FB1-BA39-39EE9AE99473');
INSERT INTO `role_menu` VALUES (89, '1CB0D69C-6373-3B46-51B8-39ED21CB6A2D', 'F6265A81-4DF2-CA40-AA62-39EE9B057C37');
INSERT INTO `role_menu` VALUES (90, '1CB0D69C-6373-3B46-51B8-39ED21CB6A2D', '15422EA5-2413-43C5-2A47-39EE9AE9B633');
INSERT INTO `role_menu` VALUES (91, '1CB0D69C-6373-3B46-51B8-39ED21CB6A2D', '60448ED5-FA3B-EB88-A61A-39EEAA6DEB31');
INSERT INTO `role_menu` VALUES (92, '1CB0D69C-6373-3B46-51B8-39ED21CB6A2D', 'DA7E7265-6A97-D686-4361-39EEAA6E5629');
INSERT INTO `role_menu` VALUES (93, '1CB0D69C-6373-3B46-51B8-39ED21CB6A2D', '6F3FEC3B-3DFE-1834-5C31-39EEAA6EA6C1');
INSERT INTO `role_menu` VALUES (94, '1CB0D69C-6373-3B46-51B8-39ED21CB6A2D', '1D774799-6C7D-5E79-442D-39EEAA6EDC95');

-- ----------------------------
-- Table structure for role_menu_button
-- ----------------------------
DROP TABLE IF EXISTS `role_menu_button`;
CREATE TABLE `role_menu_button`  (
  `Id` int(11) NOT NULL AUTO_INCREMENT,
  `RoleId` char(36) CHARACTER SET utf8mb4 COLLATE utf8mb4_general_ci NOT NULL,
  `MenuId` char(36) CHARACTER SET utf8mb4 COLLATE utf8mb4_general_ci NOT NULL,
  `ButtonId` char(36) CHARACTER SET utf8mb4 COLLATE utf8mb4_general_ci NOT NULL,
  PRIMARY KEY (`Id`) USING BTREE
) ENGINE = InnoDB CHARACTER SET = utf8mb4 COLLATE = utf8mb4_general_ci ROW_FORMAT = Dynamic;

-- ----------------------------
-- Records of role_menu_button
-- ----------------------------
INSERT INTO `role_menu_button` VALUES (1, '1CB0D69C-6373-3B46-51B8-39ED21CB6A2D', '4AC9EF98-AFF8-7E8E-E149-39EE9AE809EB', '320E8558-48D8-D781-43FC-39EE9AEA35E9');
INSERT INTO `role_menu_button` VALUES (2, '1CB0D69C-6373-3B46-51B8-39ED21CB6A2D', '4AC9EF98-AFF8-7E8E-E149-39EE9AE809EB', '11A35D13-C691-0121-6106-39EE9AEA35F3');
INSERT INTO `role_menu_button` VALUES (3, '1CB0D69C-6373-3B46-51B8-39ED21CB6A2D', '1609BAB0-F3E8-6E66-CC3C-39EE9AE860C6', 'FB81046D-DFB9-E8E9-0836-39EE9AEB44FB');
INSERT INTO `role_menu_button` VALUES (4, '1CB0D69C-6373-3B46-51B8-39ED21CB6A2D', '1609BAB0-F3E8-6E66-CC3C-39EE9AE860C6', 'D38DF13E-558C-2C61-1923-39EE9AEB44FE');
INSERT INTO `role_menu_button` VALUES (5, '1CB0D69C-6373-3B46-51B8-39ED21CB6A2D', 'E61AF72D-AB86-386A-A4BB-39EE9AE89A2F', '9AF35D6E-7A7A-950F-14E3-39EE9AEBB5E6');
INSERT INTO `role_menu_button` VALUES (6, '1CB0D69C-6373-3B46-51B8-39ED21CB6A2D', 'E61AF72D-AB86-386A-A4BB-39EE9AE89A2F', '055879E0-C7EB-9DE0-DF07-39EE9AEBB5E9');
INSERT INTO `role_menu_button` VALUES (7, '1CB0D69C-6373-3B46-51B8-39ED21CB6A2D', 'E61AF72D-AB86-386A-A4BB-39EE9AE89A2F', 'EFB75748-F298-B185-7C15-39EE9AEBB5EE');
INSERT INTO `role_menu_button` VALUES (8, '1CB0D69C-6373-3B46-51B8-39ED21CB6A2D', 'E61AF72D-AB86-386A-A4BB-39EE9AE89A2F', 'AFAB0122-1391-8894-B4AD-39EE9AEBB5F4');
INSERT INTO `role_menu_button` VALUES (9, '1CB0D69C-6373-3B46-51B8-39ED21CB6A2D', '7C354368-9616-D664-F4F0-39EE9AE8CAB2', '7BC98F3A-AC7C-28FF-77C7-39EE9AED0C45');
INSERT INTO `role_menu_button` VALUES (10, '1CB0D69C-6373-3B46-51B8-39ED21CB6A2D', '7C354368-9616-D664-F4F0-39EE9AE8CAB2', '6AB1FE93-6E68-02C0-EB26-39EE9AED0C4F');
INSERT INTO `role_menu_button` VALUES (11, '1CB0D69C-6373-3B46-51B8-39ED21CB6A2D', '7C354368-9616-D664-F4F0-39EE9AE8CAB2', '94A638BA-D6A9-4E81-A18B-39EE9AED0C52');
INSERT INTO `role_menu_button` VALUES (12, '1CB0D69C-6373-3B46-51B8-39ED21CB6A2D', '7C354368-9616-D664-F4F0-39EE9AE8CAB2', '0220B6FC-6966-E62F-E7FE-39EE9AED0C54');
INSERT INTO `role_menu_button` VALUES (13, '1CB0D69C-6373-3B46-51B8-39ED21CB6A2D', '817EC04D-D9BC-BA30-AD63-39EE9AE9092F', '7C1FEB31-8DB9-35C1-50CC-39EE9AEEA370');
INSERT INTO `role_menu_button` VALUES (14, '1CB0D69C-6373-3B46-51B8-39ED21CB6A2D', '817EC04D-D9BC-BA30-AD63-39EE9AE9092F', 'DF3C5197-66BB-EB7A-4BBE-39EE9AEEA374');
INSERT INTO `role_menu_button` VALUES (15, '1CB0D69C-6373-3B46-51B8-39ED21CB6A2D', '817EC04D-D9BC-BA30-AD63-39EE9AE9092F', '9ADE8617-B64D-373B-3893-39EE9AEEA37D');
INSERT INTO `role_menu_button` VALUES (16, '1CB0D69C-6373-3B46-51B8-39ED21CB6A2D', '817EC04D-D9BC-BA30-AD63-39EE9AE9092F', '009D8CA1-4F8F-3497-2B9B-39EE9AEEA37F');
INSERT INTO `role_menu_button` VALUES (17, '1CB0D69C-6373-3B46-51B8-39ED21CB6A2D', '817EC04D-D9BC-BA30-AD63-39EE9AE9092F', 'DDFE7E0A-0322-1C93-4475-39EE9AEEA381');
INSERT INTO `role_menu_button` VALUES (18, '1CB0D69C-6373-3B46-51B8-39ED21CB6A2D', '817EC04D-D9BC-BA30-AD63-39EE9AE9092F', '0A00C1EF-057D-40CB-085F-39EE9AEEA38A');
INSERT INTO `role_menu_button` VALUES (19, '1CB0D69C-6373-3B46-51B8-39ED21CB6A2D', 'F6265A81-4DF2-CA40-AA62-39EE9B057C37', 'B379029B-295D-8792-C9D0-39EE9B1C3045');
INSERT INTO `role_menu_button` VALUES (20, '1CB0D69C-6373-3B46-51B8-39ED21CB6A2D', 'F6265A81-4DF2-CA40-AA62-39EE9B057C37', '79B31DC0-4E49-7EC4-2E7D-39EE9B1C3051');
INSERT INTO `role_menu_button` VALUES (21, '1CB0D69C-6373-3B46-51B8-39ED21CB6A2D', 'F6265A81-4DF2-CA40-AA62-39EE9B057C37', '24E36A83-2873-AF62-00B7-39EE9B1C3053');
INSERT INTO `role_menu_button` VALUES (22, '1CB0D69C-6373-3B46-51B8-39ED21CB6A2D', 'EF5DA896-41AF-BFBF-77F5-39EE9C6541BF', 'F8AB056D-5052-95DC-EAFE-39EE9C6D934A');
INSERT INTO `role_menu_button` VALUES (23, '1CB0D69C-6373-3B46-51B8-39ED21CB6A2D', 'EF5DA896-41AF-BFBF-77F5-39EE9C6541BF', '39823F70-7223-FF0E-A4DC-39EE9C6D9351');
INSERT INTO `role_menu_button` VALUES (24, '1CB0D69C-6373-3B46-51B8-39ED21CB6A2D', 'EF5DA896-41AF-BFBF-77F5-39EE9C6541BF', '0FD94B39-E1D6-413E-50FD-39EE9C6D9354');
INSERT INTO `role_menu_button` VALUES (25, '1CB0D69C-6373-3B46-51B8-39ED21CB6A2D', '0DB3AA56-DACA-56C2-0ED3-39EE9C677B88', '8EC88F70-FF73-020C-54F2-39EE9C6E8F81');
INSERT INTO `role_menu_button` VALUES (26, '1CB0D69C-6373-3B46-51B8-39ED21CB6A2D', '0DB3AA56-DACA-56C2-0ED3-39EE9C677B88', 'B526C0A0-A6ED-F0FA-CC5E-39EE9C6E8F83');
INSERT INTO `role_menu_button` VALUES (27, '1CB0D69C-6373-3B46-51B8-39ED21CB6A2D', '0DB3AA56-DACA-56C2-0ED3-39EE9C677B88', 'EC285693-E0AC-6137-5DE5-39EE9C6E8F85');
INSERT INTO `role_menu_button` VALUES (28, '1CB0D69C-6373-3B46-51B8-39ED21CB6A2D', '0DB3AA56-DACA-56C2-0ED3-39EE9C677B88', '18382E60-26BC-5C36-6ABF-39EE9C6E8F87');
INSERT INTO `role_menu_button` VALUES (29, '1CB0D69C-6373-3B46-51B8-39ED21CB6A2D', '0DB3AA56-DACA-56C2-0ED3-39EE9C677B88', '75D73AF4-55A8-A2B9-8DED-39EE9C6E8F88');
INSERT INTO `role_menu_button` VALUES (30, '1CB0D69C-6373-3B46-51B8-39ED21CB6A2D', '0DB3AA56-DACA-56C2-0ED3-39EE9C677B88', 'E2A7C844-F8AE-B831-20CB-39EE9C6E8F8A');
INSERT INTO `role_menu_button` VALUES (31, '1CB0D69C-6373-3B46-51B8-39ED21CB6A2D', '0DB3AA56-DACA-56C2-0ED3-39EE9C677B88', '2E8821A8-5CB6-F52E-5B6C-39EE9C6E8F8D');
INSERT INTO `role_menu_button` VALUES (32, '1CB0D69C-6373-3B46-51B8-39ED21CB6A2D', '1E778FFC-D278-BDE0-DB5F-39EE9C68165A', 'A70D98DC-BB2A-722F-EFAE-39EE9C711C77');
INSERT INTO `role_menu_button` VALUES (33, '1CB0D69C-6373-3B46-51B8-39ED21CB6A2D', 'ED573A8C-1409-D600-DD03-39EE9C6B3B51', 'CEDE4E24-8DF7-5AF8-2DE6-39EE9C71AA4D');
INSERT INTO `role_menu_button` VALUES (34, '1CB0D69C-6373-3B46-51B8-39ED21CB6A2D', 'ED573A8C-1409-D600-DD03-39EE9C6B3B51', '327B49A6-F7B2-C1A4-9DEA-39EE9C71AA51');
INSERT INTO `role_menu_button` VALUES (35, '1CB0D69C-6373-3B46-51B8-39ED21CB6A2D', 'ED573A8C-1409-D600-DD03-39EE9C6B3B51', '45BF6F61-EEC8-21D0-AF6C-39EE9C71AA53');
INSERT INTO `role_menu_button` VALUES (36, '1CB0D69C-6373-3B46-51B8-39ED21CB6A2D', '36AD6B42-B22D-7C3C-8CA7-39EE9E5CD8C5', 'B5056C65-25BA-47BA-D7F8-39EE9E5DA88E');
INSERT INTO `role_menu_button` VALUES (37, '1CB0D69C-6373-3B46-51B8-39ED21CB6A2D', '36AD6B42-B22D-7C3C-8CA7-39EE9E5CD8C5', 'F2C647EB-DFC1-7EC9-2E7D-39EE9E5DA89A');
INSERT INTO `role_menu_button` VALUES (38, '1CB0D69C-6373-3B46-51B8-39ED21CB6A2D', '36AD6B42-B22D-7C3C-8CA7-39EE9E5CD8C5', '05F161F5-D356-95A5-7508-39EE9E5DA89C');
INSERT INTO `role_menu_button` VALUES (39, '1CB0D69C-6373-3B46-51B8-39ED21CB6A2D', 'F98FFC20-C2AC-D2BE-8035-39EE9EEB706D', '2E762D71-E2D5-ECC5-615E-39EE9EEBB34D');
INSERT INTO `role_menu_button` VALUES (40, '1CB0D69C-6373-3B46-51B8-39ED21CB6A2D', 'F98FFC20-C2AC-D2BE-8035-39EE9EEB706D', 'CF5C1197-FD1B-54EA-B02F-39EE9EEBB354');
INSERT INTO `role_menu_button` VALUES (41, '1CB0D69C-6373-3B46-51B8-39ED21CB6A2D', 'F98FFC20-C2AC-D2BE-8035-39EE9EEB706D', '06604DEA-4FBB-05BF-E004-39EE9EEBB358');
INSERT INTO `role_menu_button` VALUES (42, '1CB0D69C-6373-3B46-51B8-39ED21CB6A2D', '6FB818B9-C021-62A1-CD39-39EE9E5D1A7C', 'D11C8173-BBC4-0124-8951-39EE9F4F0F65');
INSERT INTO `role_menu_button` VALUES (43, '1CB0D69C-6373-3B46-51B8-39ED21CB6A2D', '6FB818B9-C021-62A1-CD39-39EE9E5D1A7C', '23DBA189-6E67-3F2D-E703-39EE9F4F0F6F');
INSERT INTO `role_menu_button` VALUES (44, '1CB0D69C-6373-3B46-51B8-39ED21CB6A2D', 'ED573A8C-1409-D600-DD03-39EE9C6B3B51', 'F611AB49-BC29-6D99-A7C1-39EEA908E900');
INSERT INTO `role_menu_button` VALUES (45, '1CB0D69C-6373-3B46-51B8-39ED21CB6A2D', 'ED573A8C-1409-D600-DD03-39EE9C6B3B51', 'A826055E-8C0D-44BB-88DD-39EEA9ACAB6B');
INSERT INTO `role_menu_button` VALUES (46, '1CB0D69C-6373-3B46-51B8-39ED21CB6A2D', '6F3FEC3B-3DFE-1834-5C31-39EEAA6EA6C1', 'C9AAF236-46CE-371C-8FCA-39EEAA709A8B');
INSERT INTO `role_menu_button` VALUES (47, '1CB0D69C-6373-3B46-51B8-39ED21CB6A2D', '6F3FEC3B-3DFE-1834-5C31-39EEAA6EA6C1', 'D149C3B6-3533-3F69-924C-39EEAA709A94');
INSERT INTO `role_menu_button` VALUES (48, '1CB0D69C-6373-3B46-51B8-39ED21CB6A2D', '6F3FEC3B-3DFE-1834-5C31-39EEAA6EA6C1', '8D954D6B-A443-ABC5-0317-39EEAA709A98');
INSERT INTO `role_menu_button` VALUES (49, '1CB0D69C-6373-3B46-51B8-39ED21CB6A2D', '6F3FEC3B-3DFE-1834-5C31-39EEAA6EA6C1', '6F5E14F7-4EA7-073A-F0D0-39EEAA709A9B');
INSERT INTO `role_menu_button` VALUES (50, '1CB0D69C-6373-3B46-51B8-39ED21CB6A2D', '1D774799-6C7D-5E79-442D-39EEAA6EDC95', '1220D4C1-8CBC-201A-4D2B-39EEAA716B20');
INSERT INTO `role_menu_button` VALUES (51, '1CB0D69C-6373-3B46-51B8-39ED21CB6A2D', '1D774799-6C7D-5E79-442D-39EEAA6EDC95', '22F28B90-B021-CB72-85B4-39EEAA716B2C');
INSERT INTO `role_menu_button` VALUES (52, '1CB0D69C-6373-3B46-51B8-39ED21CB6A2D', '1D774799-6C7D-5E79-442D-39EEAA6EDC95', '129756B0-7190-36DF-022A-39EEAA716B2F');

SET FOREIGN_KEY_CHECKS = 1;
